Distance_km,Coal_Weight_Ton,Fuel_Used_Liters,Average_Speed_kmh,Loading_Time_Min,Unloading_Time_Min,Weather,Traffic_Level,Driver_Experience_Years,Previous_Delays,Safety_Score,Fuel_Efficiency_km_per_liter,Actual_Delay,Delay_Probability,Risk_Level
137.44,33.73,34.64,24.83,53.42,18.15,Heavy_Rain,Medium,9,9,73.88,3.967667436489607,1,0.9214852957165075,CRITICAL
140.63,18.99,32.66,26.94,30.6,20.29,Heavy_Rain,Medium,3,5,66.82,4.305878750765463,1,0.8884494997879133,CRITICAL
144.38,16.12,31.64,32.36,49.31,23.49,Rain,Low,2,6,76.47,4.563211125158028,1,0.8822612778303816,CRITICAL
139.62,35.83,33.92,20.0,43.75,19.18,Heavy_Rain,High,5,6,89.7,4.116155660377358,1,0.865325255010811,CRITICAL
109.54,15.45,24.94,20.0,22.09,29.81,Heavy_Rain,Medium,7,6,69.79,4.392141138732959,0,0.8544740006347736,CRITICAL
135.06,37.05,36.28,20.0,32.67,23.08,Heavy_Rain,Medium,2,4,87.89,3.72271223814774,1,0.8538951548158218,CRITICAL
121.51,25.42,30.07,27.77,43.77,29.25,Rain,High,3,5,77.92,4.040904556035916,1,0.8507326907307459,CRITICAL
131.04,28.21,32.77,20.0,45.99,29.94,Rain,High,3,1,75.41,3.998779371376258,1,0.8297864737484857,CRITICAL
141.59,25.04,36.76,20.0,41.67,18.46,Heavy_Rain,Medium,7,3,94.01,3.851741022850925,1,0.8291620058238108,CRITICAL
26.92,18.29,9.45,37.77,57.88,37.14,Cloudy,High,2,1,84.9,2.848677248677249,1,0.8269842427689656,CRITICAL
135.87,31.05,30.42,24.19,28.26,34.69,Heavy_Rain,Medium,1,0,71.25,4.46646942800789,0,0.8173347562919471,CRITICAL
121.07,31.83,30.56,29.01,41.94,33.22,Rain,Medium,3,5,69.16,3.961714659685864,1,0.8165306302309102,CRITICAL
115.42,35.18,28.99,20.0,41.92,19.93,Heavy_Rain,High,15,4,74.56,3.981372887202484,1,0.8158895844166815,CRITICAL
104.91,23.05,25.06,32.02,47.39,23.44,Rain,High,1,0,84.56,4.186352753391859,0,0.8141160698435702,CRITICAL
115.72,32.58,32.59,27.7,28.6,23.67,Heavy_Rain,Low,4,5,73.95,3.550782448603866,0,0.809545629147486,CRITICAL
116.04,29.2,33.12,21.87,50.66,25.79,Heavy_Rain,High,2,2,94.76,3.5036231884057973,1,0.8081872234268564,CRITICAL
84.17,37.83,28.25,20.0,38.74,22.37,Heavy_Rain,High,1,5,77.35,2.9794690265486725,1,0.8067502134057253,CRITICAL
124.45,27.14,29.48,34.28,28.69,27.94,Rain,Low,1,6,76.09,4.2215061058344645,0,0.8055523472181773,CRITICAL
128.18,33.73,32.35,31.98,18.35,24.63,Heavy_Rain,Medium,3,0,85.16,3.962287480680062,0,0.8041470624295178,CRITICAL
136.4,32.82,31.31,20.0,30.09,30.39,Heavy_Rain,High,3,3,80.24,4.356435643564357,1,0.8018334717291473,CRITICAL
128.08,19.04,31.16,22.61,33.11,25.69,Heavy_Rain,High,19,4,74.94,4.110397946084724,1,0.7997472368895095,HIGH
106.46,35.71,27.26,29.13,43.07,34.52,Clear,High,3,6,71.95,3.905355832721936,1,0.7959053408551239,HIGH
105.14,17.54,30.1,25.63,46.0,33.84,Heavy_Rain,Medium,5,3,93.84,3.493023255813953,1,0.7947927167016545,HIGH
112.9,23.23,27.47,20.0,21.49,30.08,Heavy_Rain,High,5,2,87.55,4.109938114306517,1,0.7927787949249802,HIGH
70.48,15.07,19.7,20.0,55.32,32.23,Heavy_Rain,Medium,4,3,80.86,3.5776649746192897,1,0.7903315508325834,HIGH
83.93,15.56,20.8,31.51,60.0,22.34,Clear,High,18,5,78.56,4.035096153846154,0,0.7886694665974776,HIGH
145.46,26.34,33.69,27.92,34.44,30.09,Heavy_Rain,Medium,19,5,61.93,4.317601662214307,1,0.784307715899556,HIGH
131.04,39.4,36.42,23.85,29.06,24.37,Rain,High,11,5,81.24,3.598023064250412,1,0.782616671910865,HIGH
115.63,25.83,29.66,28.83,38.76,23.67,Heavy_Rain,Low,18,5,82.39,3.898516520566419,1,0.7785441228847851,HIGH
112.15,30.7,28.22,22.6,29.21,27.85,Heavy_Rain,Medium,5,5,87.51,3.974131821403261,0,0.7774879047185451,HIGH
107.08,18.69,27.15,22.91,39.31,19.63,Heavy_Rain,High,13,4,65.01,3.944014732965009,1,0.7756682677060347,HIGH
109.64,31.87,28.21,31.62,27.17,29.84,Heavy_Rain,Low,2,4,91.78,3.8865650478553695,1,0.7754104950677714,HIGH
126.37,26.91,28.78,20.0,48.56,21.43,Heavy_Rain,Medium,11,3,89.51,4.3908964558721335,1,0.7746400332040109,HIGH
41.89,21.55,8.68,20.0,53.89,20.13,Rain,High,12,2,80.64,4.826036866359448,1,0.7742584450358877,HIGH
129.5,29.06,30.95,29.99,41.98,18.93,Rain,Medium,5,5,74.24,4.184168012924071,1,0.7740287851436262,HIGH
147.6,35.16,34.96,20.0,25.29,27.53,Heavy_Rain,High,8,3,72.84,4.221967963386727,1,0.7739353656184689,HIGH
116.69,16.85,26.36,20.65,36.91,26.68,Heavy_Rain,Medium,1,1,73.93,4.426783004552352,0,0.7654327699072874,HIGH
118.61,19.29,28.5,23.58,42.6,25.7,Rain,High,9,6,79.6,4.161754385964913,1,0.7653471015739818,HIGH
109.24,19.82,28.34,29.16,53.26,29.37,Rain,Medium,6,6,85.67,3.854622441778405,1,0.7649788070570017,HIGH
109.42,36.18,28.99,27.26,35.39,27.52,Heavy_Rain,Medium,9,2,88.59,3.77440496723008,1,0.7632270743811344,HIGH
148.35,26.26,34.63,20.0,15.0,19.45,Heavy_Rain,High,20,2,91.88,4.28385792665319,1,0.7607677429973445,HIGH
130.38,18.35,31.78,28.13,32.81,15.9,Heavy_Rain,Medium,19,4,86.28,4.102580239144116,1,0.7586359726167013,HIGH
108.43,16.93,23.04,50.3,50.29,24.58,Rain,Low,11,5,68.86,4.706163194444445,1,0.7585135091411979,HIGH
107.47,15.32,21.06,33.78,22.61,24.7,Rain,Medium,9,2,63.58,5.10303893637227,1,0.7572533035325913,HIGH
126.83,20.92,26.95,31.31,39.53,23.39,Heavy_Rain,Medium,15,5,82.09,4.706122448979592,0,0.7563212828536716,HIGH
34.88,35.55,13.2,35.04,57.9,20.18,Rain,Medium,4,5,72.7,2.6424242424242426,1,0.7553829692323979,HIGH
124.63,33.77,35.34,30.02,37.12,33.41,Heavy_Rain,Medium,6,3,87.27,3.526598754951896,1,0.7541778519834911,HIGH
144.31,33.19,36.09,21.61,43.36,28.9,Rain,High,7,2,69.23,3.998614574674425,0,0.7531576964226291,HIGH
126.31,27.69,26.63,20.0,23.02,27.02,Rain,High,3,0,90.91,4.74314682688697,1,0.7526355911804522,HIGH
149.31,17.3,30.5,33.82,33.69,23.68,Cloudy,High,1,5,75.45,4.895409836065574,1,0.7502968421193686,HIGH
119.55,32.62,31.74,20.0,43.96,30.05,Heavy_Rain,Medium,9,2,81.41,3.766540642722117,1,0.7476743655219785,HIGH
82.82,29.18,20.94,29.33,37.35,21.11,Heavy_Rain,High,6,4,85.86,3.955109837631327,1,0.7468934363741102,HIGH
121.0,27.36,32.62,20.0,37.45,23.32,Heavy_Rain,High,7,3,76.78,3.7093807480073577,1,0.7456700482935583,HIGH
133.23,35.78,29.99,33.5,32.36,22.52,Heavy_Rain,Medium,9,4,92.41,4.442480826942314,0,0.7452010713141487,HIGH
116.94,20.81,27.67,30.44,41.02,21.88,Heavy_Rain,Low,8,4,89.57,4.226237802674376,1,0.7433406079416371,HIGH
121.28,21.02,29.29,31.34,35.98,24.98,Rain,High,16,7,80.85,4.140662342096279,0,0.7430000259580926,HIGH
138.65,39.79,31.41,54.82,45.92,22.24,Cloudy,Low,14,5,87.8,4.41419929958612,1,0.7429238714926697,HIGH
130.95,29.12,31.11,20.0,35.38,29.0,Heavy_Rain,High,15,3,92.35,4.209257473481196,1,0.7425480601456633,HIGH
102.38,36.08,30.56,20.0,37.6,28.58,Heavy_Rain,High,8,2,61.81,3.350130890052356,1,0.7413696182470585,HIGH
101.0,27.79,25.8,23.51,32.12,34.64,Heavy_Rain,High,11,3,71.46,3.9147286821705434,1,0.7400741537785342,HIGH
145.15,25.15,32.11,29.85,36.73,35.96,Rain,Medium,18,6,91.18,4.520398629710371,0,0.7398021336765985,HIGH
130.51,27.37,30.0,37.25,41.38,21.3,Heavy_Rain,Medium,8,5,63.49,4.350333333333333,1,0.7356124722049451,HIGH
127.98,30.76,32.09,20.0,30.87,27.51,Heavy_Rain,Medium,14,1,70.64,3.98815830476784,1,0.7354177195543126,HIGH
123.73,18.56,21.04,30.61,48.8,28.46,Rain,Low,1,1,78.0,5.880703422053232,0,0.7337434566203186,HIGH
130.28,15.21,30.53,25.63,33.6,23.72,Heavy_Rain,Low,17,4,79.21,4.267278087127416,0,0.733472524475798,HIGH
110.65,26.46,26.51,23.05,28.3,29.41,Rain,High,3,2,83.88,4.173896642776311,1,0.7294313460849788,HIGH
111.6,26.96,24.69,20.0,40.02,20.73,Rain,High,13,6,85.73,4.520048602673146,1,0.72918126096292,HIGH
87.4,35.74,26.42,20.0,26.17,32.5,Heavy_Rain,High,6,4,92.57,3.308099924299773,1,0.72912855002813,HIGH
113.23,23.59,28.96,27.91,48.63,27.26,Heavy_Rain,Low,14,2,83.46,3.909875690607735,1,0.728337156720631,HIGH
72.35,23.84,23.88,22.05,43.18,19.19,Heavy_Rain,High,2,3,84.29,3.029731993299833,0,0.726949115866629,HIGH
102.15,28.71,23.93,29.91,47.95,25.08,Cloudy,Medium,15,6,68.06,4.26870037609695,1,0.7261419916091097,HIGH
132.52,22.81,32.69,32.47,27.36,21.27,Heavy_Rain,Medium,16,2,88.49,4.05383909452432,1,0.7240573670094275,HIGH
139.53,35.15,31.4,33.97,31.45,29.33,Heavy_Rain,Medium,14,4,85.5,4.443630573248408,1,0.7233660921718723,HIGH
106.76,17.05,27.25,27.94,44.86,30.19,Heavy_Rain,Medium,9,2,86.69,3.917798165137615,1,0.7227201960834604,HIGH
112.72,31.8,32.47,20.89,44.23,30.75,Heavy_Rain,Medium,14,1,90.19,3.4715121650754543,0,0.7199724310996067,HIGH
109.41,18.75,24.34,30.21,36.84,18.71,Clear,High,3,5,77.36,4.495069843878389,1,0.7194143003305745,HIGH
71.53,23.62,20.17,25.84,48.96,24.14,Heavy_Rain,Medium,17,4,82.41,3.546355974219137,0,0.7190791346359716,HIGH
89.61,38.67,27.23,28.01,29.27,22.83,Heavy_Rain,Medium,17,5,74.4,3.290855673889093,0,0.7180031057476701,HIGH
114.36,26.55,31.07,24.14,32.44,18.17,Heavy_Rain,Medium,8,2,80.55,3.68072095268748,1,0.716732952487071,HIGH
129.82,31.27,27.27,24.64,44.16,26.15,Rain,High,11,4,71.01,4.76054272093876,1,0.7156004717537737,HIGH
149.24,15.75,32.71,20.0,39.65,27.91,Heavy_Rain,Medium,17,1,88.06,4.562519107306634,1,0.7147001193287904,HIGH
106.48,26.6,21.49,41.15,50.08,19.2,Clear,Medium,3,5,64.34,4.954862726849698,1,0.7132691792881284,HIGH
103.17,26.47,24.79,32.83,49.17,24.93,Heavy_Rain,Low,18,2,88.95,4.161758773699073,1,0.7121568710231676,HIGH
138.74,35.73,29.13,38.86,36.99,20.03,Clear,High,2,6,75.09,4.76278750429111,1,0.7120673630443615,HIGH
101.77,29.76,24.38,22.22,38.5,26.25,Rain,High,10,2,82.87,4.174323215750615,0,0.7118976859537732,HIGH
108.85,32.86,28.6,29.08,31.67,22.36,Heavy_Rain,Medium,7,2,88.26,3.805944055944056,1,0.7118020157660084,HIGH
71.17,18.9,19.05,22.9,35.85,16.72,Heavy_Rain,Medium,9,7,67.4,3.735958005249344,0,0.7111383641981862,HIGH
89.43,21.95,21.41,32.65,30.87,19.3,Heavy_Rain,Low,16,5,74.09,4.177020084072863,1,0.7108091614205028,HIGH
146.92,23.56,32.02,25.22,31.54,23.33,Rain,High,9,3,69.68,4.58838226108682,1,0.7105447857535089,HIGH
130.78,29.54,33.18,25.16,29.38,21.48,Heavy_Rain,High,9,3,73.6,3.9415310427968655,1,0.7104950564207894,HIGH
142.91,16.65,32.25,23.9,35.87,29.8,Heavy_Rain,High,16,1,92.27,4.431317829457364,1,0.7089571661347643,HIGH
83.18,31.12,26.02,31.04,49.45,25.76,Heavy_Rain,High,11,2,78.96,3.196771714066103,1,0.7079736031842535,HIGH
149.71,25.74,30.59,29.54,42.62,23.61,Heavy_Rain,Low,15,4,95.76,4.894083033671135,1,0.7073454710105995,HIGH
112.97,33.37,28.39,35.22,40.64,40.0,Heavy_Rain,Low,6,9,72.48,3.9792180345191968,1,0.704689326204312,HIGH
86.32,35.46,25.28,21.5,27.31,29.41,Heavy_Rain,High,2,2,79.22,3.414556962025316,1,0.7032593297202862,HIGH
42.83,24.39,17.21,21.98,46.5,34.83,Heavy_Rain,High,14,0,76.3,2.4886693782684484,1,0.7023843288027823,HIGH
110.59,32.22,28.18,32.57,46.09,21.75,Cloudy,High,11,2,82.81,3.924414478353442,1,0.7011722513369372,HIGH
33.01,18.41,12.08,20.02,40.37,17.96,Heavy_Rain,Medium,14,5,71.5,2.7326158940397347,1,0.700576054232023,HIGH
87.1,27.85,23.54,24.76,33.1,20.02,Heavy_Rain,Medium,3,7,78.2,3.700084961767205,1,0.7004744680709504,HIGH
139.32,31.6,28.23,27.28,37.82,23.4,Rain,High,13,1,75.37,4.9351753453772575,0,0.7002909129913943,HIGH
103.2,25.97,22.44,26.61,35.26,27.57,Rain,High,2,2,100.0,4.598930481283422,1,0.6998947229164567,HIGH
117.57,27.32,29.0,29.08,28.14,18.33,Heavy_Rain,Medium,17,1,81.95,4.054137931034482,1,0.6995392454089073,HIGH
106.24,39.05,26.89,34.34,21.0,26.65,Rain,High,9,1,74.68,3.950911119375232,0,0.6988908982887725,HIGH
46.58,21.65,17.43,24.74,33.57,17.63,Heavy_Rain,Low,19,5,70.24,2.672403901319564,0,0.6985818598512115,HIGH
110.16,36.6,27.55,57.53,53.79,30.06,Clear,Low,12,5,76.24,3.9985480943738656,0,0.6979390332830945,HIGH
110.75,38.08,25.62,56.28,54.35,16.39,Clear,Medium,5,8,79.41,4.32279469164715,0,0.6970239220103336,HIGH
102.4,39.74,25.97,27.87,23.36,24.67,Cloudy,High,15,5,84.31,3.943011166730844,1,0.6945716969637993,HIGH
68.2,16.71,17.02,33.07,60.0,16.21,Clear,Medium,6,1,81.65,4.00705052878966,0,0.6931474772264602,HIGH
124.06,25.11,24.22,31.75,20.19,22.66,Cloudy,High,14,6,82.08,5.122213047068539,1,0.6931396091362253,HIGH
54.26,30.41,21.49,20.0,29.62,13.34,Heavy_Rain,High,1,3,92.56,2.5248953001396,0,0.6930437277068128,HIGH
135.69,33.92,32.55,30.14,31.61,14.36,Cloudy,High,2,3,77.47,4.168663594470046,1,0.6927747774192616,HIGH
55.06,15.18,14.62,20.0,40.19,16.25,Heavy_Rain,Medium,13,3,68.34,3.766073871409029,1,0.6926161242535808,HIGH
132.75,38.52,29.35,42.51,38.83,21.68,Rain,Medium,1,7,84.04,4.522998296422487,0,0.6923098789420203,HIGH
149.83,24.7,36.8,29.74,35.0,29.37,Rain,High,8,3,85.36,4.071467391304348,1,0.6917447410516253,HIGH
32.8,35.04,13.14,29.0,42.13,22.31,Rain,High,3,6,65.71,2.496194824961948,1,0.6910558823067267,HIGH
87.85,28.18,25.4,20.38,48.09,15.69,Heavy_Rain,Medium,2,7,80.84,3.4586614173228347,1,0.6909465025302765,HIGH
83.31,18.22,18.7,21.61,28.57,34.64,Rain,High,7,5,73.67,4.455080213903743,0,0.6891116623155579,HIGH
118.87,25.95,26.45,31.16,28.88,24.29,Rain,Medium,1,1,77.31,4.49413988657845,0,0.6882417597528814,HIGH
133.99,35.39,31.76,25.06,57.01,21.69,Cloudy,High,2,1,83.28,4.218828715365239,1,0.6880985341045549,HIGH
23.7,22.23,16.48,20.0,46.76,29.6,Heavy_Rain,Medium,19,1,83.25,1.4381067961165048,1,0.6875760186974325,HIGH
86.96,19.4,19.14,20.0,35.9,21.88,Heavy_Rain,High,9,2,76.0,4.543364681295715,1,0.6864921342577045,HIGH
84.51,33.99,26.22,28.83,39.33,23.56,Heavy_Rain,High,12,4,76.74,3.223112128146453,0,0.6862564299136168,HIGH
109.98,15.58,27.06,25.7,41.52,21.22,Heavy_Rain,Medium,14,3,99.63,4.06430155210643,0,0.6860598014233836,HIGH
119.25,20.07,27.86,26.42,42.73,24.47,Rain,Medium,14,1,84.95,4.280330222541278,0,0.6854502892902863,HIGH
57.06,35.04,19.79,28.57,28.41,18.18,Heavy_Rain,High,10,5,84.92,2.883274381000505,1,0.6843433481326099,HIGH
114.2,39.17,26.61,50.6,46.03,20.89,Rain,Low,2,3,78.99,4.291619691845171,0,0.6843179991667355,HIGH
125.17,25.49,25.67,23.83,35.49,16.98,Rain,Medium,13,5,84.56,4.876119984417608,1,0.6830883082440616,HIGH
108.8,38.67,29.2,24.87,31.77,23.53,Rain,High,7,2,70.27,3.7260273972602738,1,0.6829889557238958,HIGH
67.43,29.76,21.05,27.44,35.9,19.38,Heavy_Rain,High,8,2,74.7,3.20332541567696,1,0.6805168162029858,HIGH
119.38,33.31,29.39,34.52,15.0,15.32,Rain,High,4,2,81.64,4.061925825110581,1,0.6784051061344127,HIGH
61.05,23.32,24.92,22.32,24.83,21.63,Heavy_Rain,Medium,11,2,86.0,2.44983948635634,1,0.6778278887734814,HIGH
46.05,23.87,19.52,21.87,37.66,16.52,Heavy_Rain,High,15,2,89.57,2.3591188524590163,0,0.6769563613168159,HIGH
63.33,23.06,20.53,21.45,48.83,24.18,Heavy_Rain,Medium,19,2,82.8,3.084754018509498,0,0.676546997211912,HIGH
140.59,31.98,29.54,34.33,35.27,26.29,Rain,Medium,2,3,78.95,4.759309410968179,0,0.6763327859139371,HIGH
93.54,25.31,23.04,20.0,45.25,25.74,Heavy_Rain,High,5,8,96.25,4.059895833333334,1,0.6760505456993298,HIGH
72.22,30.14,22.76,21.96,36.93,15.55,Heavy_Rain,Medium,14,5,78.91,3.17311072056239,1,0.6755439484920862,HIGH
69.02,38.49,18.88,58.35,57.56,33.56,Cloudy,Low,5,9,86.81,3.655720338983051,0,0.6754320576196994,HIGH
47.56,37.45,21.69,20.0,42.78,32.83,Heavy_Rain,High,11,3,85.15,2.192715537113877,1,0.6732965311919651,HIGH
124.77,22.7,32.3,31.75,29.91,15.31,Heavy_Rain,Medium,6,3,74.21,3.862848297213623,0,0.6724347427839646,HIGH
117.55,19.28,27.03,30.07,27.04,34.18,Rain,High,20,5,84.68,4.3488716241213465,1,0.6710810283908453,HIGH
31.24,32.89,16.29,20.0,22.15,30.13,Heavy_Rain,High,17,1,83.78,1.9177409453652547,1,0.6688378994004041,HIGH
127.71,20.9,27.46,32.27,32.54,20.4,Clear,High,11,8,76.66,4.650764748725418,0,0.668771352714117,HIGH
125.31,36.32,27.0,31.42,36.49,34.21,Rain,High,5,0,78.1,4.641111111111111,0,0.6686039185720639,HIGH
137.69,31.79,32.76,37.95,39.62,20.11,Heavy_Rain,Low,5,6,81.31,4.202991452991453,0,0.6680010077728596,HIGH
146.52,28.04,30.26,30.21,26.51,24.14,Rain,Medium,5,5,80.66,4.842035690680767,1,0.6675144370745587,HIGH
68.74,25.71,18.89,33.4,42.83,30.17,Heavy_Rain,Low,14,6,72.94,3.638962413975648,1,0.6671751761733573,HIGH
125.39,18.72,24.88,26.22,26.17,23.26,Rain,Medium,15,2,73.71,5.039790996784566,1,0.6667546347227963,HIGH
49.46,35.22,18.75,20.0,35.59,24.94,Heavy_Rain,High,13,3,76.96,2.6378666666666666,0,0.6663302886082823,HIGH
115.5,31.26,24.54,22.47,36.52,25.75,Rain,Medium,19,5,83.61,4.706601466992665,1,0.6643215168642935,HIGH
138.37,26.17,31.96,31.43,20.86,21.13,Cloudy,High,6,2,78.32,4.329474342928661,1,0.6638353790035277,HIGH
130.75,31.34,28.65,44.04,59.45,30.57,Clear,High,14,0,79.5,4.56369982547993,0,0.6630385131666919,HIGH
110.43,39.63,26.41,28.7,44.27,26.74,Rain,Medium,13,4,87.67,4.181370692919349,0,0.662742877403631,HIGH
142.93,32.26,34.21,28.55,37.17,26.68,Rain,High,8,2,84.56,4.178018123355744,0,0.661906223254423,HIGH
69.07,20.75,22.13,26.15,40.73,18.53,Heavy_Rain,Medium,4,3,79.64,3.1211025756891098,1,0.6600365416517519,HIGH
31.29,23.61,15.68,20.0,48.44,27.44,Heavy_Rain,Medium,12,3,84.86,1.9955357142857144,1,0.659671852239989,HIGH
81.68,25.75,22.86,24.53,28.44,28.83,Heavy_Rain,Low,18,7,88.79,3.573053368328959,0,0.6594012436733145,HIGH
55.58,20.18,16.41,26.18,49.35,25.3,Heavy_Rain,Low,20,4,93.14,3.3869591712370504,1,0.6590261647521438,HIGH
40.85,23.6,19.66,27.93,24.64,23.2,Heavy_Rain,Low,10,6,78.88,2.077822990844354,1,0.6576291353895862,HIGH
91.95,16.63,22.41,26.4,42.66,26.35,Heavy_Rain,Medium,10,2,83.17,4.103078982597055,0,0.6574660057091763,HIGH
101.45,15.86,19.77,29.25,42.54,25.94,Rain,Medium,15,4,79.67,5.13151239251391,1,0.655044649159426,HIGH
92.18,17.76,22.04,35.31,46.44,21.76,Rain,Medium,1,5,59.06,4.1823956442831225,1,0.6550118091426403,HIGH
111.19,38.42,28.32,34.5,33.43,20.0,Cloudy,High,20,5,82.72,3.9262005649717513,0,0.6549828372895035,HIGH
103.15,22.6,19.63,24.56,45.66,25.15,Clear,High,20,6,79.19,5.254712175241977,1,0.6542204798440866,HIGH
50.19,16.11,13.99,26.48,34.16,25.16,Heavy_Rain,Low,8,5,92.05,3.587562544674768,1,0.6529026525584352,HIGH
144.81,36.42,37.13,32.06,28.82,22.29,Rain,Low,18,3,83.33,3.9000807971990303,1,0.6525103093582308,HIGH
114.07,31.47,30.98,34.43,45.04,30.26,Heavy_Rain,Low,8,2,77.77,3.6820529373789537,1,0.6521676756770428,HIGH
91.26,20.57,23.07,29.26,18.1,25.49,Heavy_Rain,Medium,18,1,81.7,3.9557867360208063,1,0.6516979051221945,HIGH
116.23,34.98,32.17,27.38,35.07,20.3,Rain,Medium,14,4,75.75,3.6129934721790486,1,0.6511250660073503,HIGH
35.23,37.83,18.85,21.01,39.92,26.38,Heavy_Rain,Medium,4,4,75.92,1.868965517241379,1,0.650356616685144,HIGH
119.2,18.86,24.69,34.53,31.05,37.19,Rain,Medium,6,2,95.54,4.827865532604293,1,0.6502204019391874,HIGH
85.49,17.85,20.75,28.23,31.58,27.77,Heavy_Rain,Medium,5,3,78.77,4.12,0,0.6501483463235775,HIGH
148.65,36.71,32.16,24.64,23.1,27.8,Cloudy,High,14,2,85.17,4.6222014925373145,1,0.6500114334163197,HIGH
143.37,29.87,33.76,26.35,41.86,26.25,Rain,High,16,3,77.34,4.246741706161138,0,0.6496404043531198,HIGH
126.11,22.79,27.77,29.98,33.4,22.54,Rain,Medium,10,4,77.28,4.541231544832553,0,0.6483938567940751,HIGH
109.67,16.65,26.24,23.82,34.02,30.13,Rain,High,8,4,88.3,4.179496951219512,1,0.6477808361224963,HIGH
135.35,16.83,29.1,24.63,36.99,25.81,Rain,Medium,11,2,81.7,4.651202749140893,1,0.6473111752612051,HIGH
129.89,18.75,30.47,32.12,25.69,28.7,Cloudy,High,7,3,93.29,4.26288152280932,0,0.646513445951252,HIGH
116.92,31.69,26.51,24.63,32.58,25.82,Heavy_Rain,Medium,15,2,100.0,4.410411165597887,1,0.6460524990141635,HIGH
110.99,29.6,25.26,30.84,28.5,30.49,Rain,Medium,16,5,78.78,4.3939034045922405,0,0.6451787284174972,HIGH
135.61,22.02,31.42,27.57,31.15,23.67,Rain,Medium,8,2,88.64,4.316040738383196,0,0.6448025264428703,HIGH
96.7,28.1,26.0,26.33,27.96,25.91,Heavy_Rain,High,13,5,80.53,3.719230769230769,0,0.6447321741944725,HIGH
106.87,37.9,27.1,27.0,30.97,25.03,Rain,Medium,8,3,83.55,3.943542435424354,1,0.6445203325371445,HIGH
91.36,30.8,25.34,29.7,25.16,33.55,Heavy_Rain,Medium,17,4,65.52,3.6053670086819256,1,0.6440793868541076,HIGH
77.47,37.44,26.56,28.56,42.09,23.56,Heavy_Rain,Medium,11,3,78.77,2.9167921686746987,0,0.6439502374181821,HIGH
108.91,36.86,27.58,31.9,37.02,28.63,Rain,Medium,6,3,89.48,3.948875997099348,1,0.6436723800764504,HIGH
121.0,26.32,24.82,46.76,45.7,23.42,Heavy_Rain,Low,7,4,89.51,4.875100725221595,1,0.6432707746333645,HIGH
145.49,30.17,30.61,28.02,38.95,26.5,Cloudy,High,14,0,85.0,4.753021888271807,1,0.642842125954898,HIGH
94.4,17.03,26.14,24.67,34.99,30.21,Heavy_Rain,Medium,2,0,67.7,3.61132364192808,0,0.640946947021945,HIGH
71.97,25.21,18.31,21.96,55.26,26.2,Rain,High,10,2,90.53,3.930638995084653,1,0.6406573198511964,HIGH
120.93,36.21,35.39,33.3,31.77,23.92,Heavy_Rain,Low,9,3,73.5,3.4170669680700763,1,0.6400842939033242,HIGH
139.53,37.51,30.25,31.77,34.9,24.1,Cloudy,High,12,2,83.67,4.612561983471075,0,0.6400314763936579,HIGH
135.85,25.04,33.5,26.41,29.07,33.72,Heavy_Rain,Low,12,0,75.29,4.055223880597015,0,0.6399280313209599,HIGH
101.65,29.37,27.64,29.32,37.9,26.38,Heavy_Rain,Low,7,3,80.71,3.677641099855282,1,0.638696599117499,HIGH
79.58,21.57,22.25,25.17,33.17,19.86,Heavy_Rain,Medium,8,2,73.05,3.576629213483146,0,0.6381829057277715,HIGH
42.84,17.92,12.8,20.0,20.51,14.58,Heavy_Rain,High,19,3,88.75,3.3468750000000003,1,0.6379851518979581,HIGH
76.31,19.94,18.41,35.9,22.75,24.78,Heavy_Rain,Low,13,8,75.78,4.145029875067898,1,0.6374959538561337,HIGH
130.79,28.66,29.22,25.2,30.02,19.72,Rain,Medium,4,4,79.69,4.476043805612594,1,0.636711197363729,HIGH
64.79,21.14,17.63,27.43,35.89,18.61,Heavy_Rain,Medium,18,3,89.18,3.674985819625639,1,0.6365815647808164,HIGH
111.92,35.84,28.97,31.32,37.75,24.66,Cloudy,High,12,1,90.49,3.863306869175009,1,0.63564439417432,HIGH
63.32,27.58,19.8,20.0,34.41,30.79,Heavy_Rain,High,17,0,95.54,3.197979797979798,1,0.6347592395037914,HIGH
98.17,29.86,24.6,33.25,43.68,25.96,Rain,High,7,9,76.44,3.9906504065040647,1,0.6346158799263488,HIGH
111.1,30.38,26.04,26.58,23.03,23.98,Rain,Medium,14,1,74.17,4.266513056835637,0,0.6340603401456161,HIGH
149.41,16.54,29.39,53.97,60.0,21.43,Clear,Low,6,4,69.93,5.083701939435182,1,0.633337788371208,HIGH
121.27,26.27,25.68,31.39,42.95,27.89,Cloudy,High,7,3,83.49,4.722352024922119,1,0.631126286396023,HIGH
135.87,23.04,25.06,36.66,28.37,24.93,Clear,High,2,4,84.85,5.421787709497207,1,0.6290069532660262,HIGH
127.55,19.1,25.28,34.43,34.4,29.62,Cloudy,Low,11,6,74.12,5.045490506329114,0,0.6286886535639203,HIGH
133.99,16.47,24.93,50.87,47.11,25.42,Clear,Medium,14,5,81.98,5.374649017248296,1,0.6283202569864142,HIGH
103.92,15.89,19.28,54.5,48.39,21.78,Clear,Low,15,7,78.58,5.390041493775933,0,0.628214202700911,HIGH
132.49,29.45,32.17,32.5,39.57,26.61,Rain,Medium,11,3,77.6,4.118433322971713,1,0.6252399901813352,HIGH
133.71,19.23,28.5,20.0,40.07,27.97,Cloudy,High,18,1,83.51,4.691578947368422,1,0.6245640140152237,HIGH
109.04,31.45,29.51,34.23,38.48,34.05,Cloudy,High,12,2,73.33,3.6950186377499152,1,0.6244631291732384,HIGH
70.5,27.25,23.22,20.0,53.03,10.59,Heavy_Rain,High,1,4,70.42,3.0361757105943155,1,0.6242939293767765,HIGH
29.66,26.83,17.16,22.93,36.18,14.32,Heavy_Rain,High,17,2,83.11,1.7284382284382285,1,0.6238020209208979,HIGH
147.62,18.45,30.65,32.12,31.19,26.88,Rain,Medium,19,1,84.92,4.8163132137031,1,0.6233710277556445,HIGH
148.44,25.48,29.92,37.97,23.96,23.7,Rain,Medium,1,6,83.11,4.961229946524064,0,0.6222466375849437,HIGH
132.26,32.08,32.77,20.0,30.13,23.25,Cloudy,High,20,0,84.07,4.0360085444003655,0,0.618856866929815,HIGH
101.19,17.78,21.23,38.53,42.53,18.07,Rain,Medium,16,6,73.13,4.766368346679228,1,0.6182881077021686,HIGH
30.08,26.9,16.19,20.0,41.76,27.78,Heavy_Rain,Medium,19,1,89.13,1.857936998147004,0,0.6180060720353341,HIGH
45.65,22.26,15.57,26.57,27.94,33.9,Heavy_Rain,Low,3,1,88.82,2.9319203596660244,0,0.6180003556532063,HIGH
113.16,31.34,31.34,32.44,16.7,21.72,Heavy_Rain,Low,20,1,84.14,3.610721123165284,0,0.6179674503856967,HIGH
90.45,27.72,26.01,30.56,51.6,24.86,Heavy_Rain,Low,17,2,89.26,3.477508650519031,1,0.6174166976871841,HIGH
24.78,17.84,15.06,27.51,43.47,24.53,Rain,High,3,2,89.99,1.6454183266932272,0,0.6165608329547482,HIGH
145.8,21.67,27.51,35.09,23.04,29.41,Rain,Low,3,6,86.27,5.299890948745911,1,0.6150384462937641,HIGH
86.7,30.15,22.52,28.91,26.25,23.08,Heavy_Rain,Medium,12,1,79.64,3.849911190053286,1,0.6136700713029741,HIGH
38.62,30.68,15.54,31.74,33.93,28.04,Heavy_Rain,High,10,2,50.95,2.485199485199485,1,0.6135983072537066,HIGH
136.9,35.15,33.28,29.21,17.4,25.95,Rain,High,18,0,80.55,4.113581730769231,1,0.6129587756955613,HIGH
71.56,38.03,25.33,28.46,32.6,24.48,Rain,High,15,7,84.66,2.8251085669167,1,0.6128061897111088,HIGH
131.16,38.71,31.68,34.4,29.66,16.89,Rain,Medium,13,4,92.74,4.140151515151515,0,0.6103525016847866,HIGH
123.26,27.09,29.87,38.74,46.26,16.72,Heavy_Rain,Low,10,3,79.47,4.126548376297288,0,0.6095187258668842,HIGH
31.59,32.26,17.82,28.55,47.5,21.96,Rain,High,6,4,85.99,1.7727272727272727,1,0.6076551894276462,HIGH
141.02,33.76,31.14,37.41,48.23,27.09,Cloudy,High,11,4,81.03,4.528580603725112,0,0.6070369516824219,HIGH
135.19,38.84,31.67,31.11,26.0,21.99,Cloudy,High,20,1,92.58,4.268708556994,0,0.6069345765941876,HIGH
126.85,18.64,28.23,33.24,27.73,25.86,Rain,Medium,6,3,80.61,4.493446687920652,1,0.606478336023031,HIGH
122.89,16.82,26.12,28.33,29.68,29.91,Rain,High,20,3,84.22,4.704823889739663,1,0.6047226123292566,HIGH
140.5,33.79,33.53,34.6,44.43,25.13,Rain,High,17,2,74.06,4.190277363555025,1,0.6042021840985031,HIGH
147.05,33.3,31.35,33.07,34.08,26.17,Rain,Low,4,2,92.62,4.690590111642743,0,0.6039618915936296,HIGH
51.79,29.93,18.31,31.47,26.96,25.76,Heavy_Rain,Medium,10,1,84.76,2.828509011469143,1,0.6038418707345955,HIGH
129.5,28.79,24.99,36.1,34.36,18.61,Rain,High,17,6,94.37,5.182072829131653,1,0.6029411672984522,HIGH
103.1,19.76,27.18,32.33,32.26,23.21,Heavy_Rain,Low,18,4,94.76,3.793230316409124,0,0.6027314708377832,HIGH
97.79,20.5,24.3,31.26,47.74,28.78,Rain,High,3,5,85.56,4.024279835390947,0,0.6024209193019572,HIGH
145.29,20.26,29.63,57.43,47.08,17.51,Clear,Low,13,5,100.0,4.903476206547418,1,0.6019397506521416,HIGH
127.54,27.22,22.65,37.66,49.03,27.13,Rain,Medium,1,4,96.51,5.630905077262693,1,0.6011734044135273,HIGH
62.78,37.52,19.38,23.73,30.39,23.77,Rain,High,16,7,68.15,3.2394220846233237,1,0.6009730272940225,HIGH
104.61,18.44,27.84,34.8,24.19,31.83,Heavy_Rain,Medium,10,0,78.29,3.757543103448276,1,0.5981201659886537,MEDIUM
108.97,33.53,29.43,33.36,35.15,27.61,Rain,Medium,17,4,79.5,3.702684335711859,0,0.5972662426059048,MEDIUM
108.8,17.09,19.45,41.04,45.49,24.12,Clear,Medium,15,1,75.46,5.593830334190232,0,0.5956867269516272,MEDIUM
122.74,19.71,30.11,28.73,40.41,27.6,Heavy_Rain,Low,6,3,100.0,4.076386582530721,1,0.5948951691534253,MEDIUM
113.2,32.82,26.42,28.8,45.04,26.15,Clear,High,15,4,84.99,4.284632853898562,1,0.59352644040919,MEDIUM
56.32,15.59,15.63,29.0,35.96,25.64,Heavy_Rain,Low,10,4,80.1,3.603326935380678,1,0.5934703511531833,MEDIUM
145.26,36.03,30.7,37.13,44.31,26.51,Clear,High,13,6,78.34,4.731596091205212,1,0.5933923500440104,MEDIUM
137.23,35.42,31.11,35.77,35.13,28.22,Cloudy,Medium,13,9,87.18,4.411121825779492,1,0.5929841640838535,MEDIUM
118.06,32.55,30.66,31.71,30.69,27.26,Rain,Medium,19,2,65.43,3.850619699934768,1,0.5925503011657612,MEDIUM
104.24,21.21,23.86,33.27,35.76,24.23,Rain,Medium,6,1,85.75,4.368818105616094,0,0.5908041962739408,MEDIUM
118.64,21.64,25.19,34.59,42.86,27.65,Heavy_Rain,Low,6,3,75.81,4.70980547836443,0,0.5885495582377905,MEDIUM
33.25,35.9,20.0,24.49,40.44,22.2,Heavy_Rain,Medium,10,5,99.74,1.6625,1,0.5875505381058683,MEDIUM
47.43,18.84,16.13,20.0,34.03,23.89,Heavy_Rain,Low,4,6,82.29,2.940483570985741,1,0.5872654942009543,MEDIUM
34.45,26.45,16.86,30.4,45.76,21.01,Rain,High,18,3,69.37,2.043297746144721,1,0.5872175568672993,MEDIUM
145.08,28.14,33.63,27.42,39.25,17.4,Cloudy,Medium,1,4,92.74,4.314005352363961,0,0.5870365219350074,MEDIUM
75.57,31.72,18.13,36.58,52.23,23.82,Rain,High,16,8,91.84,4.16822945394374,1,0.5833377112773054,MEDIUM
128.96,24.86,25.5,39.28,36.89,29.97,Rain,Medium,16,6,77.07,5.057254901960785,1,0.5831869630469628,MEDIUM
139.98,37.99,29.89,45.21,41.15,26.21,Rain,High,19,5,91.62,4.68317162930746,0,0.5788368645247631,MEDIUM
126.74,38.92,30.43,26.67,45.51,14.36,Heavy_Rain,Medium,13,3,74.3,4.164968780808413,0,0.5772774286209036,MEDIUM
60.76,24.61,13.18,32.95,38.69,22.66,Rain,High,3,1,81.14,4.610015174506828,1,0.5770525847663928,MEDIUM
35.36,34.65,17.95,28.98,40.51,20.61,Heavy_Rain,Medium,12,2,78.4,1.96991643454039,1,0.5765315505942926,MEDIUM
106.94,24.98,26.09,29.68,37.86,31.73,Rain,Medium,16,3,91.9,4.098888463012648,1,0.5762521525780265,MEDIUM
99.99,35.05,24.51,32.13,34.3,25.6,Cloudy,High,13,2,84.74,4.079559363525092,1,0.5751295768207804,MEDIUM
69.06,16.58,13.39,29.1,32.08,30.9,Rain,High,5,5,64.29,5.157580283793876,1,0.5749252092847545,MEDIUM
107.94,28.46,25.07,40.79,35.2,25.19,Clear,High,3,5,75.49,4.305544475468688,0,0.572437384642139,MEDIUM
78.09,19.47,19.28,28.12,31.96,33.38,Rain,Medium,2,7,87.12,4.050311203319502,1,0.5720802047178808,MEDIUM
120.34,30.26,29.35,31.24,21.13,26.85,Rain,Low,18,1,75.72,4.100170357751278,0,0.5714461461013861,MEDIUM
113.11,39.42,26.23,38.77,39.64,21.08,Rain,Low,11,5,71.98,4.312237895539458,1,0.5702589840619828,MEDIUM
46.04,20.16,13.74,20.05,48.95,27.24,Rain,High,1,4,100.0,3.35080058224163,1,0.5694943885568724,MEDIUM
142.6,35.18,33.19,39.28,47.15,23.55,Rain,Medium,14,2,74.56,4.296474841819825,1,0.5682805278211608,MEDIUM
108.11,25.86,28.76,34.71,30.86,22.33,Heavy_Rain,Low,10,3,72.14,3.75904033379694,1,0.5680206956772996,MEDIUM
34.74,30.45,14.5,22.08,26.45,17.75,Rain,High,11,6,79.82,2.395862068965517,1,0.5679553301865492,MEDIUM
66.31,26.84,17.22,21.03,32.64,19.29,Rain,High,12,1,69.72,3.85075493612079,1,0.5679048213585183,MEDIUM
49.09,24.8,19.12,24.95,29.1,25.28,Heavy_Rain,Low,6,3,78.58,2.567468619246862,1,0.5677059744657772,MEDIUM
129.41,16.2,25.69,33.78,45.5,10.71,Clear,High,2,2,81.36,5.037368625924484,1,0.5676977004762892,MEDIUM
101.4,15.14,24.03,28.45,27.96,22.8,Cloudy,High,19,2,82.28,4.219725343320849,1,0.5675954193538556,MEDIUM
136.38,19.03,29.22,45.28,51.05,18.88,Cloudy,High,12,4,80.01,4.66735112936345,0,0.5672545274983951,MEDIUM
32.01,34.63,17.91,36.38,23.71,21.86,Heavy_Rain,Low,3,7,73.72,1.7872696817420437,1,0.5663454778023882,MEDIUM
41.63,25.86,11.28,25.62,27.58,25.28,Rain,High,4,7,80.05,3.690602836879433,1,0.5663028949623065,MEDIUM
79.27,26.87,21.68,27.31,42.53,21.96,Cloudy,High,7,7,76.73,3.656365313653136,0,0.5660448345772263,MEDIUM
84.72,35.8,18.26,46.31,24.74,23.91,Rain,High,3,2,84.87,4.639649507119386,1,0.5641604674256914,MEDIUM
110.98,27.0,24.81,44.2,36.46,25.4,Cloudy,High,9,6,78.71,4.473196291817816,1,0.5639657868120829,MEDIUM
118.49,31.66,23.51,41.24,34.67,23.19,Cloudy,High,10,6,72.54,5.03998298596342,1,0.562851811921722,MEDIUM
82.57,16.79,17.18,20.79,40.35,30.62,Cloudy,High,7,7,93.53,4.806169965075669,0,0.5626056890831321,MEDIUM
130.65,29.75,28.24,38.38,43.62,24.41,Heavy_Rain,Low,15,4,78.5,4.626416430594901,1,0.5624736304779862,MEDIUM
113.19,38.31,25.3,43.22,34.62,21.55,Heavy_Rain,Low,6,5,83.53,4.473913043478261,0,0.5622348215100501,MEDIUM
82.31,31.21,27.54,32.97,40.02,23.45,Heavy_Rain,Low,13,2,72.51,2.988743645606391,0,0.5609000363462475,MEDIUM
92.71,28.83,27.66,28.43,29.09,26.14,Heavy_Rain,Low,15,3,93.97,3.35177151120752,1,0.5603618831705212,MEDIUM
138.23,15.64,25.73,41.9,24.02,22.52,Cloudy,High,12,8,74.71,5.372328021764477,0,0.5593075015334381,MEDIUM
46.71,20.9,12.41,43.1,55.95,22.7,Clear,Medium,15,6,76.66,3.763900080580177,0,0.5584845594417988,MEDIUM
146.12,26.14,28.65,39.65,42.02,20.52,Rain,Low,14,6,87.96,5.1001745200698085,1,0.5584679038043057,MEDIUM
146.87,36.11,27.77,36.54,29.97,25.0,Cloudy,Medium,13,5,77.65,5.288800864241988,1,0.5583908136094176,MEDIUM
102.23,18.02,26.94,31.88,33.23,23.4,Heavy_Rain,Low,7,2,90.1,3.794729027468448,1,0.5580460380178529,MEDIUM
32.32,31.32,17.39,20.0,48.93,21.01,Rain,High,13,1,73.85,1.858539390454284,1,0.5570956127682248,MEDIUM
137.02,17.42,24.5,46.16,46.33,25.17,Rain,Low,17,4,67.13,5.59265306122449,0,0.5566613553838398,MEDIUM
22.92,35.94,11.67,20.0,29.28,30.55,Rain,High,14,6,85.17,1.9640102827763497,1,0.5564654160464917,MEDIUM
70.25,26.51,23.54,34.31,47.29,20.53,Cloudy,High,6,5,81.62,2.98428207306712,1,0.556376747977062,MEDIUM
139.77,34.88,31.09,48.84,23.7,27.06,Rain,Medium,9,7,92.75,4.495657767770988,1,0.5555400415410374,MEDIUM
102.43,25.07,21.31,44.63,55.22,29.42,Clear,Low,9,6,82.74,4.806663538244956,0,0.5555246429324203,MEDIUM
21.04,34.14,13.58,28.02,33.72,28.16,Cloudy,High,3,7,71.39,1.549337260677467,1,0.5553744857078605,MEDIUM
49.71,36.01,21.84,20.0,41.15,24.26,Rain,High,1,1,76.04,2.276098901098901,0,0.5543414891333428,MEDIUM
80.69,33.72,22.47,30.64,48.28,20.18,Heavy_Rain,Low,12,2,100.0,3.591010235870049,0,0.5541215044533517,MEDIUM
117.63,32.97,27.17,35.65,31.26,25.81,Heavy_Rain,Medium,14,1,77.94,4.329407434670592,1,0.5536385193166962,MEDIUM
120.65,15.48,23.41,36.77,33.57,23.6,Heavy_Rain,Low,19,2,66.04,5.1537804357112345,1,0.5533210684662252,MEDIUM
61.03,34.68,21.16,20.0,26.71,30.43,Rain,High,3,1,76.75,2.88421550094518,1,0.553104225310024,MEDIUM
89.75,30.62,25.14,24.35,45.93,26.7,Clear,High,18,8,78.99,3.570007955449483,0,0.5529364906244848,MEDIUM
65.59,20.33,16.68,38.39,24.24,20.08,Heavy_Rain,Low,1,6,78.07,3.932254196642686,0,0.5516647946121136,MEDIUM
128.73,26.21,27.31,38.99,42.03,21.49,Rain,High,4,1,80.51,4.713658000732332,1,0.5509646180419252,MEDIUM
109.19,30.63,22.47,43.39,52.34,19.45,Clear,High,13,3,86.84,4.859368046283934,1,0.550666731519302,MEDIUM
110.22,30.8,23.45,41.08,35.72,10.0,Heavy_Rain,Low,4,5,77.57,4.700213219616205,1,0.5505909625518425,MEDIUM
127.28,33.93,27.97,36.13,31.74,24.85,Rain,Low,6,5,81.08,4.550589917769038,1,0.5499212204776314,MEDIUM
149.15,30.55,36.79,20.0,30.6,23.46,Clear,High,19,4,80.59,4.054090785539549,0,0.5489038006613557,MEDIUM
142.54,15.73,26.49,31.15,27.83,21.61,Clear,High,1,0,77.98,5.3808984522461305,0,0.5482870266524636,MEDIUM
138.46,17.48,28.12,40.6,33.9,23.56,Clear,High,7,6,77.34,4.923897581792319,1,0.5480497720285606,MEDIUM
52.8,34.71,19.24,24.3,31.16,24.09,Rain,High,10,5,88.1,2.7442827442827444,1,0.5473715384772757,MEDIUM
143.31,30.2,29.09,33.46,31.73,19.77,Cloudy,Medium,11,4,74.26,4.926435201100034,0,0.547285216501448,MEDIUM
39.0,18.76,12.38,40.59,47.5,28.81,Cloudy,High,10,7,70.42,3.1502423263327946,0,0.5472262231691524,MEDIUM
33.03,31.63,12.07,30.52,47.41,24.48,Rain,High,16,1,79.14,2.736536868268434,0,0.5469119813511581,MEDIUM
59.05,39.01,25.18,21.67,26.76,22.05,Rain,High,17,2,89.38,2.3451151707704527,1,0.5462040631527045,MEDIUM
98.66,35.88,30.69,20.1,35.94,23.25,Heavy_Rain,Low,10,4,84.47,3.214727924405344,0,0.5459198713729587,MEDIUM
65.05,30.52,18.94,35.43,28.18,27.95,Heavy_Rain,Low,12,5,63.16,3.4345300950369584,1,0.5453128461352764,MEDIUM
123.9,15.62,25.95,28.02,36.6,28.36,Clear,High,4,7,87.97,4.77456647398844,1,0.5452855172802462,MEDIUM
141.91,28.34,30.13,39.85,42.65,23.7,Rain,Low,2,2,80.54,4.709923664122138,1,0.5446752052918422,MEDIUM
136.53,16.87,24.86,34.12,41.81,19.05,Clear,High,4,2,80.5,5.4919549477071605,0,0.5430921964498553,MEDIUM
53.69,37.77,18.15,44.17,47.24,28.94,Rain,Low,12,5,83.13,2.9581267217630853,0,0.5400525836960233,MEDIUM
145.14,30.23,31.31,34.53,27.94,32.23,Clear,High,2,4,85.16,4.635579687000958,0,0.5399936260881861,MEDIUM
104.08,35.47,23.36,39.14,25.08,18.24,Rain,Low,12,7,95.33,4.455479452054795,1,0.5386402356360002,MEDIUM
122.15,22.35,30.17,37.31,27.07,18.68,Heavy_Rain,Low,6,4,81.26,4.048723897911833,1,0.5385410603371963,MEDIUM
97.21,39.86,24.93,23.75,39.52,32.38,Rain,High,10,2,73.63,3.899318090653831,0,0.5378506235737296,MEDIUM
115.01,27.29,25.7,42.03,43.69,26.45,Heavy_Rain,Low,3,3,93.5,4.475097276264592,1,0.5371443637733414,MEDIUM
22.24,26.56,12.2,31.33,43.97,26.58,Cloudy,High,3,4,85.99,1.8229508196721311,1,0.5368686060182947,MEDIUM
131.96,16.5,25.74,31.49,31.51,25.16,Clear,High,9,4,87.96,5.126651126651128,0,0.5368190510717865,MEDIUM
91.75,16.62,21.33,25.58,37.96,28.76,Rain,High,9,4,89.68,4.301453352086264,0,0.5361388458096051,MEDIUM
67.95,29.59,24.65,29.88,26.83,23.56,Clear,High,20,7,73.95,2.7565922920892496,0,0.5360813347399712,MEDIUM
140.81,24.93,29.73,42.16,32.9,24.04,Clear,High,3,5,82.0,4.736293306424487,1,0.5356399479034464,MEDIUM
149.09,34.38,32.55,36.64,36.83,32.62,Cloudy,High,2,3,80.95,4.580337941628264,1,0.5351040593943674,MEDIUM
122.75,23.43,24.52,40.88,20.98,23.91,Rain,Low,9,0,78.73,5.006117455138663,1,0.5351001300955166,MEDIUM
62.5,15.33,14.99,26.62,27.76,25.96,Cloudy,High,1,3,77.66,4.169446297531688,0,0.5342390675760289,MEDIUM
117.2,18.94,25.5,40.6,31.97,21.27,Cloudy,High,3,4,70.92,4.59607843137255,1,0.5333740533089062,MEDIUM
117.36,32.32,25.88,38.46,51.87,21.11,Rain,Low,20,0,84.13,4.5347758887171565,1,0.5315449314024928,MEDIUM
130.58,20.21,22.82,40.74,20.92,24.21,Cloudy,High,6,4,82.67,5.722173531989483,1,0.5314842292942861,MEDIUM
139.53,30.51,31.76,39.09,45.08,21.07,Heavy_Rain,Low,16,2,79.32,4.393261964735516,1,0.5304604543273506,MEDIUM
116.02,32.19,28.15,25.86,37.17,34.43,Clear,High,20,4,76.3,4.121492007104796,1,0.5303203884568919,MEDIUM
129.02,38.97,29.83,41.77,48.2,27.48,Clear,Medium,1,4,56.73,4.325175997318136,0,0.5296208826625383,MEDIUM
114.9,36.57,21.6,43.02,33.18,33.42,Rain,Low,11,7,75.23,5.319444444444445,1,0.5292809522176889,MEDIUM
133.91,28.22,23.46,35.11,39.29,22.5,Clear,High,3,2,80.66,5.708013640238704,1,0.529203667510071,MEDIUM
133.43,15.01,25.02,38.33,26.44,21.92,Rain,Medium,10,2,82.3,5.332933653077538,1,0.528484162112737,MEDIUM
83.91,34.14,23.33,30.9,35.29,20.69,Cloudy,High,16,8,78.46,3.5966566652378917,1,0.528366205457686,MEDIUM
143.26,37.9,32.38,34.91,27.85,28.52,Clear,High,17,4,83.27,4.424336009882643,1,0.5275608656495664,MEDIUM
114.26,26.71,26.16,56.05,55.64,23.98,Clear,Medium,13,2,90.21,4.367737003058104,1,0.5264617490681271,MEDIUM
57.88,39.41,21.96,42.91,24.9,31.17,Cloudy,High,15,9,75.96,2.635701275045537,0,0.525788059490871,MEDIUM
59.76,33.21,18.23,29.47,44.69,23.66,Rain,High,13,3,71.95,3.2781130005485464,1,0.5249631523293704,MEDIUM
56.87,28.01,19.06,20.0,29.98,16.39,Rain,High,9,3,84.52,2.983735571878279,0,0.5248160900234212,MEDIUM
45.34,15.32,13.4,25.73,37.33,16.82,Rain,High,17,4,84.7,3.383582089552239,0,0.5246038988407536,MEDIUM
130.74,37.08,28.22,44.78,16.59,21.56,Cloudy,High,3,3,72.95,4.6328844790928425,1,0.5243798673899469,MEDIUM
31.88,26.43,14.13,27.66,36.3,20.4,Rain,High,14,3,93.28,2.2561924982307144,1,0.524001725249565,MEDIUM
144.45,24.07,30.52,39.14,28.54,19.97,Heavy_Rain,Medium,13,3,74.79,4.732961992136304,0,0.5237040803239685,MEDIUM
70.43,23.3,18.08,31.66,35.81,31.99,Cloudy,High,6,2,93.41,3.895464601769912,0,0.5235589223891635,MEDIUM
139.51,23.0,25.29,39.66,19.61,28.82,Cloudy,Medium,18,5,77.58,5.516409648082246,1,0.5224546616387643,MEDIUM
87.03,23.51,22.17,39.84,42.4,21.99,Heavy_Rain,Low,2,5,81.55,3.925575101488498,1,0.5222853978678869,MEDIUM
33.52,19.76,9.31,33.83,29.85,27.13,Cloudy,High,7,5,76.41,3.600429645542428,0,0.5220482281276648,MEDIUM
123.14,19.49,24.71,37.62,44.15,17.78,Clear,High,2,1,73.97,4.983407527316875,1,0.521763478275239,MEDIUM
131.3,18.19,26.11,36.4,21.9,23.42,Heavy_Rain,Low,9,2,76.56,5.028724626579855,0,0.5217024707518669,MEDIUM
143.93,29.0,31.2,35.94,25.2,32.75,Rain,High,4,1,78.01,4.613141025641026,1,0.5214863700419786,MEDIUM
110.09,27.17,23.95,32.14,41.06,27.2,Clear,High,15,1,88.74,4.596659707724426,0,0.5207334849273108,MEDIUM
132.68,32.63,29.31,45.83,18.64,24.38,Clear,Medium,15,5,76.03,4.526782668031389,1,0.5201208838189472,MEDIUM
108.6,25.49,24.34,42.2,43.34,24.24,Cloudy,Medium,7,5,73.87,4.461791290057518,0,0.5190185069420725,MEDIUM
32.14,28.54,13.55,20.0,32.74,25.58,Rain,High,19,2,78.2,2.3719557195571954,1,0.5186107702292299,MEDIUM
147.12,31.81,30.27,46.52,45.68,30.66,Cloudy,Low,8,5,89.24,4.860257680872151,1,0.5184782109263786,MEDIUM
65.17,33.02,21.19,26.43,33.22,24.55,Rain,High,15,3,79.17,3.0755073147711185,0,0.5184674301603032,MEDIUM
70.32,19.96,17.87,22.9,40.59,30.9,Rain,Medium,2,2,85.12,3.935086737548964,1,0.518200655992559,MEDIUM
125.96,22.21,25.43,38.96,32.77,27.41,Cloudy,High,1,1,70.51,4.953204876130554,1,0.5181317064654118,MEDIUM
91.8,22.6,22.19,29.19,38.4,28.93,Rain,Medium,3,7,80.49,4.136998648039657,0,0.5171515545291758,MEDIUM
136.03,20.44,25.84,35.9,48.3,27.37,Clear,High,20,3,72.16,5.264318885448916,1,0.5167432369683094,MEDIUM
73.76,22.21,18.53,27.78,34.6,22.14,Cloudy,High,16,3,87.5,3.9805720453318942,0,0.5166836227787441,MEDIUM
116.88,23.18,21.69,38.18,47.27,26.25,Clear,High,5,3,91.72,5.38865836791148,0,0.5161245328293667,MEDIUM
128.51,23.98,28.13,40.52,45.8,27.88,Cloudy,Low,10,4,78.82,4.568432278706008,1,0.5154165806666648,MEDIUM
47.72,23.15,16.19,28.58,44.72,27.8,Cloudy,High,3,5,84.59,2.947498455836936,0,0.5146785838289142,MEDIUM
40.46,24.89,15.16,33.67,37.07,28.12,Heavy_Rain,Low,12,3,73.4,2.6688654353562007,0,0.5138506086850562,MEDIUM
21.52,32.93,12.99,22.58,49.68,19.5,Rain,Medium,4,4,80.82,1.6566589684372597,1,0.513814495349461,MEDIUM
53.88,23.95,12.71,36.23,38.27,32.64,Rain,High,2,3,89.15,4.239181746656176,0,0.5138105710730443,MEDIUM
47.84,22.07,15.67,22.75,40.66,26.76,Rain,High,12,2,90.97,3.0529674537332485,1,0.5131187230606109,MEDIUM
73.39,18.89,17.78,32.73,31.8,29.55,Rain,Medium,4,6,73.6,4.127671541057367,1,0.5127106811886959,MEDIUM
113.43,25.24,25.45,38.44,27.62,23.41,Heavy_Rain,Medium,8,2,89.55,4.456974459724951,0,0.5118246174561716,MEDIUM
23.1,34.36,12.27,41.66,52.81,21.08,Clear,High,10,8,95.42,1.882640586797066,0,0.5112750445519971,MEDIUM
132.65,23.64,22.8,37.11,28.34,23.09,Rain,Medium,9,5,84.51,5.817982456140351,1,0.5112212433489383,MEDIUM
109.82,15.38,20.07,50.83,50.2,24.38,Rain,Medium,6,3,81.83,5.471848530144494,1,0.5105309876690233,MEDIUM
141.04,31.69,27.56,42.49,15.0,23.05,Rain,Medium,3,4,81.51,5.117561683599419,0,0.510191859575005,MEDIUM
64.83,32.17,22.84,20.0,22.73,29.42,Rain,High,19,2,85.02,2.838441330998249,1,0.5094889455010563,MEDIUM
25.05,15.07,11.97,32.09,45.43,28.99,Rain,Low,10,2,83.36,2.092731829573935,1,0.5085475367241065,MEDIUM
58.5,23.11,18.15,29.42,42.66,22.6,Cloudy,High,12,5,81.95,3.223140495867769,1,0.5077373141747369,MEDIUM
73.21,31.21,21.6,33.28,45.37,29.46,Heavy_Rain,Low,6,0,88.11,3.3893518518518517,1,0.506889570079981,MEDIUM
44.37,37.78,20.09,29.89,32.79,28.57,Rain,High,7,2,76.9,2.208561473369836,1,0.5066751504613463,MEDIUM
92.01,36.82,22.29,39.39,24.47,23.16,Rain,Medium,2,6,84.63,4.127860026917901,1,0.5064116820892074,MEDIUM
59.49,24.83,12.94,49.13,44.72,24.96,Rain,Low,13,5,73.08,4.597372488408038,1,0.5062684295252116,MEDIUM
118.41,15.21,22.86,39.18,29.44,23.15,Heavy_Rain,Medium,11,3,77.43,5.179790026246719,1,0.505699391679465,MEDIUM
130.56,38.11,31.33,33.63,32.44,18.75,Clear,Medium,11,3,80.71,4.167251835301628,0,0.5049879138377357,MEDIUM
85.99,38.99,26.67,28.47,30.14,31.25,Rain,High,6,2,94.04,3.224221972253468,1,0.5043440309413058,MEDIUM
134.15,26.88,28.97,33.34,35.53,21.49,Cloudy,Medium,17,2,74.08,4.630652399033483,0,0.5034715467226675,MEDIUM
132.99,19.78,24.03,37.8,34.59,14.28,Rain,Medium,3,4,82.71,5.534332084893883,1,0.5034551146484619,MEDIUM
120.47,18.46,22.96,35.49,33.83,27.44,Clear,High,1,0,81.5,5.246951219512195,1,0.5031906676958148,MEDIUM
82.34,20.99,21.14,30.4,40.96,16.54,Cloudy,High,4,3,79.39,3.8949858088930935,1,0.5029472905317527,MEDIUM
90.36,16.33,15.99,33.57,33.27,21.76,Cloudy,High,2,2,86.88,5.651031894934333,1,0.5015098721076682,MEDIUM
112.17,20.6,25.95,30.01,42.32,19.96,Clear,Medium,19,1,77.83,4.322543352601156,1,0.5009369100432585,MEDIUM
26.02,23.65,10.65,34.81,38.37,18.66,Rain,High,10,5,84.5,2.443192488262911,0,0.5009100983858843,MEDIUM
149.75,26.2,34.49,32.95,41.09,32.18,Rain,Medium,8,4,87.93,4.341838213975065,1,0.5001554367739455,MEDIUM
21.72,27.08,12.37,24.75,25.16,24.34,Rain,High,13,4,73.58,1.755860953920776,1,0.49997858447226046,MEDIUM
133.14,17.25,25.11,32.17,25.38,15.7,Clear,High,17,1,97.49,5.302270011947431,0,0.4995708951640343,MEDIUM
132.24,33.92,30.42,45.9,36.8,26.98,Clear,Medium,9,5,76.71,4.347140039447732,1,0.4986320738935974,MEDIUM
116.99,27.93,24.66,32.14,31.62,23.32,Clear,Medium,20,4,89.67,4.7441200324412005,1,0.49857337330426854,MEDIUM
44.61,27.51,12.99,20.0,42.5,31.54,Rain,High,19,3,86.62,3.434180138568129,0,0.4983003886112817,MEDIUM
88.84,15.18,19.28,36.03,30.1,24.99,Heavy_Rain,Low,10,4,79.06,4.6078838174273855,0,0.49733739837579455,MEDIUM
112.31,24.89,25.38,40.36,34.66,20.85,Cloudy,High,14,4,79.13,4.425137903861309,0,0.49720381673556174,MEDIUM
137.02,38.02,28.21,46.82,46.75,28.93,Clear,High,20,4,75.66,4.857142857142858,1,0.49718649042114543,MEDIUM
23.44,29.73,13.36,31.46,23.73,26.59,Cloudy,High,11,5,83.46,1.754491017964072,1,0.4970400445408364,MEDIUM
70.91,37.87,20.01,31.11,26.84,33.01,Cloudy,High,10,2,71.53,3.5437281359320334,1,0.49541967995687153,MEDIUM
123.15,21.6,24.16,44.65,32.84,19.66,Rain,Medium,3,3,91.54,5.09726821192053,0,0.49536585797399,MEDIUM
102.51,38.19,23.23,35.2,29.37,22.93,Clear,High,8,2,82.62,4.412828239345674,0,0.495101122154469,MEDIUM
46.52,18.15,17.3,20.0,34.37,33.7,Heavy_Rain,Low,17,3,79.86,2.6890173410404623,1,0.49465248443284815,MEDIUM
135.93,25.07,27.24,47.62,47.09,27.89,Clear,Medium,16,4,78.61,4.990088105726873,1,0.4945058563216496,MEDIUM
122.34,23.09,23.36,37.53,46.34,30.8,Clear,High,9,5,91.89,5.237157534246576,1,0.49402080843072327,MEDIUM
73.94,33.1,20.28,30.49,20.33,25.06,Cloudy,High,13,4,89.86,3.645956607495069,0,0.4937934670874407,MEDIUM
92.55,23.41,18.75,31.95,36.86,22.83,Cloudy,High,5,1,90.98,4.936,1,0.49365542333781937,MEDIUM
108.69,35.66,27.61,43.14,35.25,13.91,Cloudy,High,3,3,80.18,3.936617167692865,1,0.4920740710238722,MEDIUM
130.58,20.55,26.44,47.86,50.32,20.34,Cloudy,Low,2,2,79.5,4.938729198184569,1,0.48975757070854004,MEDIUM
101.26,15.07,21.18,39.27,15.0,23.71,Clear,High,5,6,92.7,4.780925401322002,0,0.4894565402780538,MEDIUM
110.1,37.83,26.26,53.68,20.58,31.02,Heavy_Rain,Low,12,1,91.62,4.192688499619193,1,0.4889533754470067,MEDIUM
90.47,22.78,19.98,33.19,46.58,27.76,Clear,High,2,4,90.38,4.528028028028028,1,0.4885570684472962,MEDIUM
90.21,35.44,22.79,34.2,28.86,26.47,Cloudy,High,3,1,93.88,3.958315050460728,0,0.4877662282262923,MEDIUM
61.61,37.22,18.94,40.75,47.44,24.47,Heavy_Rain,Low,1,4,82.9,3.252903907074973,0,0.48726340280988445,MEDIUM
102.48,24.79,21.35,41.37,22.49,26.29,Rain,Low,4,2,94.75,4.8,0,0.4865768491438428,MEDIUM
57.01,17.07,16.47,25.74,34.05,17.1,Cloudy,High,6,1,96.26,3.4614450516089863,0,0.4863902362338441,MEDIUM
104.2,37.52,28.5,40.77,40.19,36.86,Rain,Medium,13,4,90.66,3.656140350877193,0,0.4863313286749869,MEDIUM
110.67,28.6,27.42,44.98,39.36,19.63,Heavy_Rain,Low,11,3,85.36,4.036105032822757,1,0.4850551528616145,MEDIUM
60.44,30.29,16.07,24.97,26.71,21.3,Cloudy,High,11,2,77.83,3.761045426260112,0,0.4843993324952024,MEDIUM
111.58,18.97,22.71,35.57,35.13,21.88,Clear,High,8,5,88.23,4.913254073095552,1,0.4823134143552179,MEDIUM
97.49,25.28,27.65,33.65,27.79,29.23,Heavy_Rain,Low,1,2,78.71,3.525858951175407,1,0.4822944706917818,MEDIUM
37.71,23.34,15.42,30.86,32.53,29.9,Rain,Medium,2,2,91.32,2.445525291828794,1,0.481703338446619,MEDIUM
36.63,32.69,17.77,27.32,30.6,21.93,Cloudy,High,11,1,75.81,2.0613393359594823,0,0.4816747653819367,MEDIUM
132.4,23.95,27.64,48.64,27.95,25.24,Clear,Medium,18,6,72.75,4.790159189580319,1,0.4807287639467955,MEDIUM
124.29,32.87,32.86,34.69,39.22,31.65,Heavy_Rain,Low,5,1,82.48,3.782410225197809,0,0.48040925809971563,MEDIUM
44.79,29.28,18.48,34.75,32.74,14.68,Heavy_Rain,Low,9,4,73.51,2.4237012987012987,0,0.48026388703740763,MEDIUM
50.86,31.17,14.87,24.15,35.08,25.4,Cloudy,High,13,3,80.91,3.4203093476798925,1,0.4802082095545612,MEDIUM
111.84,38.91,25.88,44.43,35.55,28.72,Clear,Medium,12,5,71.61,4.321483771251932,1,0.480077457145,MEDIUM
141.75,17.43,27.52,37.09,19.35,36.91,Clear,High,17,3,81.44,5.150799418604652,1,0.48004451909755363,MEDIUM
106.27,17.69,19.64,39.68,49.25,28.5,Clear,High,15,3,86.08,5.410896130346232,1,0.4785780698009839,MEDIUM
68.44,33.75,19.0,34.11,23.25,35.23,Rain,High,11,4,98.72,3.6021052631578945,1,0.4780502363360134,MEDIUM
65.42,36.72,21.71,26.91,38.96,24.53,Cloudy,High,8,3,71.18,3.0133578995854444,0,0.4777171286771158,MEDIUM
139.13,25.69,27.23,53.24,36.23,23.23,Cloudy,Medium,3,5,76.6,5.109438119720896,0,0.47678842547817557,MEDIUM
104.29,33.64,28.09,52.04,45.96,36.43,Clear,Medium,10,1,90.57,3.712709149163404,1,0.47625868849765485,MEDIUM
40.12,30.18,14.55,29.92,38.29,25.25,Cloudy,High,13,2,89.26,2.7573883161512023,0,0.4761041414151453,MEDIUM
107.82,19.33,23.42,35.77,40.19,31.28,Clear,High,2,1,87.69,4.603757472245943,1,0.47569646344005445,MEDIUM
37.18,28.36,15.4,24.76,24.79,26.46,Cloudy,High,9,1,85.46,2.414285714285714,1,0.4751306538426736,MEDIUM
51.82,23.17,16.04,32.64,34.97,21.23,Rain,Medium,1,4,72.35,3.2306733167082298,1,0.4740910571583751,MEDIUM
73.35,18.72,18.74,30.13,52.75,25.63,Cloudy,High,16,3,78.57,3.914087513340448,1,0.4724021641165303,MEDIUM
143.07,20.45,27.14,43.95,20.38,31.22,Clear,Medium,1,6,87.06,5.271554900515843,0,0.47207491227022386,MEDIUM
35.59,34.21,15.13,35.2,22.55,19.32,Rain,High,11,0,71.39,2.352280237937872,1,0.4719614778664713,MEDIUM
143.51,20.38,28.61,38.53,46.85,16.97,Cloudy,Low,14,1,70.4,5.016078294302691,0,0.47166028704494345,MEDIUM
86.65,32.66,25.27,32.8,33.41,27.72,Rain,High,14,3,84.33,3.428967154728928,0,0.47112755369708775,MEDIUM
134.37,20.35,26.84,57.57,31.35,24.96,Cloudy,Medium,9,5,73.63,5.006333830104322,1,0.47105685676091574,MEDIUM
31.81,21.66,15.37,27.11,41.93,28.97,Cloudy,High,12,2,76.81,2.069616135328562,0,0.47037816259145643,MEDIUM
97.82,31.98,20.59,47.7,46.47,25.88,Cloudy,Medium,7,5,72.12,4.750849927149101,1,0.47028586899536273,MEDIUM
35.58,20.36,8.06,36.8,36.88,19.31,Rain,High,9,3,73.48,4.414392059553349,0,0.4699778045980514,MEDIUM
143.99,38.31,30.82,38.98,29.69,27.92,Cloudy,Medium,12,5,79.1,4.671966255678131,1,0.4698349122299311,MEDIUM
20.6,24.69,14.39,33.15,34.28,20.29,Rain,High,6,1,79.83,1.4315496872828353,1,0.4690176928171115,MEDIUM
67.01,39.86,24.03,29.99,35.32,31.26,Clear,High,13,6,88.22,2.788597586350396,1,0.46901117674645926,MEDIUM
145.85,36.56,30.36,39.67,30.78,25.27,Rain,Medium,18,2,82.3,4.804018445322793,1,0.4688006206551625,MEDIUM
146.0,38.77,32.52,49.73,29.98,23.95,Clear,Medium,12,6,72.02,4.489544895448954,0,0.4685628190470239,MEDIUM
58.91,20.22,17.95,31.6,24.28,17.99,Rain,Medium,17,5,80.12,3.2818941504178274,1,0.46836819086157183,MEDIUM
105.43,37.38,27.27,38.58,31.83,19.83,Rain,Medium,15,2,86.82,3.8661532819948654,1,0.46818494862156157,MEDIUM
70.89,32.39,19.1,38.88,35.87,14.81,Rain,Low,3,7,73.75,3.7115183246073298,1,0.46791799480290774,MEDIUM
119.08,34.33,25.68,36.28,35.19,20.69,Clear,High,4,2,82.49,4.637071651090342,0,0.467653787377748,MEDIUM
46.3,16.85,17.01,29.52,24.74,18.89,Rain,High,19,6,97.19,2.7219282774838325,0,0.4659286572341318,MEDIUM
96.28,35.35,24.59,28.59,35.83,27.35,Cloudy,High,20,2,83.4,3.915412769418463,1,0.465724894012292,MEDIUM
105.99,19.93,21.22,43.57,17.95,26.38,Clear,High,3,1,84.74,4.994816211121584,0,0.4643484415212512,MEDIUM
84.58,22.31,19.2,36.59,33.91,25.67,Heavy_Rain,Low,17,4,79.22,4.405208333333333,0,0.4642702327074113,MEDIUM
77.29,22.39,16.3,32.44,47.6,24.65,Rain,Low,20,2,85.05,4.741717791411043,1,0.4637091557017231,MEDIUM
128.35,31.27,25.17,46.24,45.69,21.99,Cloudy,Medium,18,4,81.12,5.099324592769169,0,0.4633608072662797,MEDIUM
124.06,20.19,22.9,35.58,19.31,17.2,Cloudy,Medium,5,3,87.59,5.417467248908298,1,0.46315083138087937,MEDIUM
33.33,35.24,12.71,41.89,22.23,26.83,Cloudy,High,7,7,69.51,2.62234461054288,0,0.4613461496012304,MEDIUM
100.62,19.25,24.84,37.66,37.68,27.62,Rain,Medium,14,4,84.52,4.050724637681159,1,0.4602258249940352,MEDIUM
30.16,29.55,11.37,46.23,48.14,27.81,Cloudy,Low,15,5,59.89,2.65259454705365,0,0.46009154339032826,MEDIUM
116.5,20.61,26.25,33.86,37.37,27.21,Cloudy,Low,11,2,69.3,4.438095238095238,1,0.45987785890099525,MEDIUM
75.69,38.42,22.14,31.23,35.6,27.04,Rain,Medium,1,2,69.98,3.4186991869918697,1,0.4598162968346921,MEDIUM
103.88,37.34,25.45,41.58,17.92,23.31,Cloudy,High,16,0,70.05,4.081728880157171,0,0.4594650416761962,MEDIUM
64.31,20.61,15.41,48.14,18.93,25.53,Rain,Low,1,5,70.67,4.173264114211551,1,0.4587314095396529,MEDIUM
121.36,20.12,21.99,42.8,47.98,30.12,Cloudy,High,13,4,79.56,5.51887221464302,1,0.4585470294405036,MEDIUM
132.42,27.24,26.54,41.01,34.4,25.22,Cloudy,High,20,2,84.43,4.989449886963074,1,0.4582065855702257,MEDIUM
30.76,33.53,13.25,37.7,44.54,25.49,Rain,Medium,9,7,79.76,2.321509433962264,0,0.4580753457416821,MEDIUM
132.54,35.54,27.34,51.24,33.13,32.64,Cloudy,Medium,10,5,75.5,4.847841989758595,0,0.45803664655191845,MEDIUM
127.93,37.23,30.73,49.22,48.5,28.36,Clear,Medium,10,2,84.45,4.163032866905304,1,0.4567881759077021,MEDIUM
147.88,20.61,25.81,45.7,55.22,26.32,Clear,Medium,13,2,75.22,5.729562185199535,1,0.45677890872065324,MEDIUM
28.88,26.34,10.59,38.84,25.68,22.8,Heavy_Rain,Low,20,5,94.84,2.727101038715769,0,0.4556517013792716,MEDIUM
51.39,19.15,12.23,35.47,45.7,28.11,Rain,Medium,8,0,84.22,4.2019623875715455,0,0.4553010040576251,MEDIUM
65.95,37.25,19.24,29.5,41.74,24.06,Cloudy,High,11,2,93.08,3.4277546777546783,0,0.4550264999877648,MEDIUM
57.64,32.49,17.12,34.01,37.14,19.78,Rain,Medium,6,6,87.23,3.366822429906542,1,0.45473051243816454,MEDIUM
67.6,39.85,21.68,32.05,42.87,21.6,Rain,Medium,19,3,92.41,3.118081180811808,1,0.4543816228469998,MEDIUM
83.74,38.58,24.22,26.98,29.97,25.92,Cloudy,High,11,1,76.57,3.4574731626754747,1,0.453834505947659,MEDIUM
120.25,31.63,29.2,50.04,24.69,19.45,Cloudy,Medium,6,7,84.62,4.118150684931507,1,0.45320663461626187,MEDIUM
134.62,28.24,26.58,50.92,37.12,26.34,Clear,Medium,6,5,73.45,5.064710308502634,0,0.45306577476620646,MEDIUM
138.12,34.69,29.41,44.34,50.5,22.43,Clear,Low,8,3,72.4,4.696361781706902,0,0.45304665649263015,MEDIUM
131.26,37.14,27.64,35.58,28.23,20.24,Rain,Low,12,3,74.17,4.748914616497829,0,0.45261492340322557,MEDIUM
101.51,38.81,24.61,54.12,49.41,19.12,Clear,Low,17,3,95.65,4.124746038195855,0,0.4522766566456246,MEDIUM
38.01,27.09,13.52,37.31,43.43,28.42,Heavy_Rain,Medium,1,4,71.94,2.8113905325443787,1,0.45196720913635796,MEDIUM
29.83,38.4,12.93,44.73,34.07,24.8,Cloudy,High,17,6,67.47,2.3070378963650424,1,0.4505427481652744,MEDIUM
48.32,30.21,14.38,46.16,45.54,23.42,Cloudy,Medium,12,5,85.85,3.360222531293463,1,0.45000717253636213,MEDIUM
143.52,28.93,27.78,48.66,47.75,24.31,Clear,Medium,7,4,72.73,5.166306695464363,1,0.44963414563823706,MEDIUM
104.79,21.0,21.98,36.19,32.9,20.98,Rain,Low,14,4,79.96,4.767515923566879,1,0.44873305431103705,MEDIUM
139.33,27.47,25.39,53.7,19.13,15.77,Cloudy,Low,2,1,85.03,5.487593540764081,1,0.4482627555638078,MEDIUM
87.85,29.94,23.6,28.52,37.89,32.49,Rain,Medium,7,5,79.55,3.722457627118644,1,0.4481113739236077,MEDIUM
106.82,38.88,28.26,53.61,26.41,21.28,Cloudy,Medium,19,5,81.36,3.779900920028308,1,0.44778673290341425,MEDIUM
126.73,30.94,28.95,52.02,22.68,26.88,Rain,Low,12,3,82.87,4.377547495682211,1,0.44760646795374254,MEDIUM
33.56,20.34,12.97,31.39,34.51,32.03,Rain,Low,12,6,82.71,2.5875096376252893,1,0.44733537101040816,MEDIUM
67.89,35.78,21.86,32.82,30.93,26.63,Clear,High,2,2,69.35,3.105672461116194,0,0.4468315374548782,MEDIUM
71.31,38.83,22.85,31.49,44.75,29.77,Cloudy,High,5,1,65.41,3.120787746170678,1,0.4467847356609657,MEDIUM
51.08,18.1,18.06,30.92,25.12,26.91,Rain,Medium,11,0,70.18,2.8283499446290143,0,0.44649970087894936,MEDIUM
42.59,34.54,18.61,21.64,36.9,28.92,Rain,Medium,4,2,85.53,2.2885545405695864,0,0.4462483492790028,MEDIUM
144.1,32.98,32.05,42.81,36.34,23.64,Clear,High,2,2,73.65,4.49609984399376,0,0.44569482384047965,MEDIUM
147.89,19.39,29.03,34.32,33.63,29.66,Clear,High,11,4,93.46,5.094385118842576,1,0.4452723293236257,MEDIUM
68.25,39.85,21.4,25.46,43.65,32.91,Rain,Medium,8,2,87.78,3.1892523364485985,0,0.44515565274358143,MEDIUM
103.68,15.46,18.71,35.19,27.73,26.67,Clear,High,11,2,89.41,5.541421699625869,1,0.444901806972773,MEDIUM
94.18,16.84,19.88,29.05,37.28,29.3,Rain,Medium,14,3,75.58,4.737424547283703,1,0.44479905121463914,MEDIUM
134.13,39.3,30.98,40.69,28.46,22.24,Rain,Medium,18,3,87.76,4.329567462879277,1,0.44453866315912344,MEDIUM
32.6,25.65,8.36,41.84,53.51,25.55,Clear,Low,1,5,87.12,3.899521531100479,0,0.4440024199649413,MEDIUM
70.44,19.15,18.93,21.04,29.6,25.37,Rain,Medium,12,3,94.69,3.72107765451664,0,0.44393005263481405,MEDIUM
77.89,22.53,20.15,32.84,41.85,20.61,Rain,Medium,17,3,78.17,3.865508684863524,1,0.4439080924194601,MEDIUM
36.97,19.87,14.71,27.98,22.25,24.01,Rain,Medium,18,3,77.5,2.5132562882392926,1,0.44341940781568295,MEDIUM
26.82,20.69,14.87,28.74,28.38,25.69,Rain,Medium,7,4,84.18,1.8036314727639544,0,0.4430207478459328,MEDIUM
134.59,16.62,23.6,55.91,45.65,23.86,Clear,Low,18,4,76.6,5.702966101694915,0,0.4420484993952647,MEDIUM
51.72,30.66,16.29,32.31,36.22,28.66,Clear,High,3,3,90.16,3.174953959484346,0,0.4416007831689803,MEDIUM
47.54,33.94,15.57,29.48,23.33,16.56,Rain,Medium,16,3,91.71,3.0533076429030186,1,0.44140886929020384,MEDIUM
69.66,23.33,16.77,33.05,34.51,28.54,Rain,Medium,4,4,81.17,4.153846153846154,0,0.4401844897054543,MEDIUM
119.68,33.22,29.54,36.14,28.46,17.82,Clear,Medium,3,4,82.1,4.051455653351388,0,0.4399598884233128,MEDIUM
50.51,20.64,11.29,35.83,29.94,21.16,Cloudy,High,11,4,89.62,4.473870682019486,0,0.4398633948141798,MEDIUM
99.61,37.07,22.55,38.92,34.96,27.43,Cloudy,High,10,4,79.25,4.417294900221729,0,0.43904391243344987,MEDIUM
92.53,39.5,23.11,28.92,38.47,18.5,Rain,Medium,19,3,77.38,4.003894418000866,0,0.4379356282488158,MEDIUM
138.02,29.3,29.14,41.78,38.88,19.04,Clear,Medium,11,5,88.96,4.736444749485244,0,0.43791803727797163,MEDIUM
128.89,36.0,31.08,44.6,20.16,26.62,Rain,Medium,10,4,86.42,4.147039897039897,0,0.4375897376608872,MEDIUM
108.8,17.71,23.93,38.64,21.43,32.1,Rain,Medium,15,2,90.82,4.546594233180109,0,0.4374199241310586,MEDIUM
54.11,35.26,21.09,36.31,32.33,28.25,Heavy_Rain,Medium,16,2,73.59,2.5656709340919868,0,0.4358896972763744,MEDIUM
39.51,35.78,17.34,34.97,33.42,25.91,Heavy_Rain,Low,11,3,89.15,2.278546712802768,1,0.43567765795431246,MEDIUM
46.93,19.94,14.28,36.37,27.9,29.03,Heavy_Rain,Low,2,4,81.52,3.286414565826331,1,0.4355972656299777,MEDIUM
98.36,26.72,26.16,26.81,33.98,35.5,Rain,Medium,3,1,78.85,3.7599388379204894,1,0.43538373221951604,MEDIUM
70.08,38.06,18.38,32.18,30.97,27.3,Clear,High,5,2,85.16,3.812840043525572,0,0.4343689979598715,MEDIUM
121.75,28.48,26.02,52.36,27.93,34.46,Clear,Medium,9,7,79.95,4.6790930053804765,1,0.43380409299976763,MEDIUM
20.44,31.49,12.6,28.8,37.6,30.45,Heavy_Rain,Low,2,4,80.84,1.6222222222222225,1,0.43335088574685243,MEDIUM
40.96,39.35,14.27,40.38,24.81,23.27,Cloudy,High,14,6,85.55,2.870357393132446,0,0.43325137864712226,MEDIUM
23.86,31.29,9.85,39.24,51.35,26.71,Clear,High,8,4,80.29,2.4223350253807108,0,0.43309948039446317,MEDIUM
115.36,20.74,25.47,36.17,28.34,22.19,Rain,Low,9,2,78.28,4.529250098154692,0,0.43306709440308583,MEDIUM
63.2,39.65,19.49,36.55,19.58,25.32,Rain,High,12,4,86.93,3.2426885582349927,1,0.4323064136723324,MEDIUM
81.62,30.42,19.19,45.9,49.0,18.26,Clear,Medium,6,6,83.38,4.253256904637833,0,0.43210346530874316,MEDIUM
110.14,36.81,29.94,32.42,41.9,28.83,Clear,Low,6,4,84.14,3.6786907147628582,0,0.4311597582300966,MEDIUM
89.77,16.83,19.64,34.34,48.57,30.54,Cloudy,Medium,15,4,80.38,4.570773930753564,0,0.4307477828577744,MEDIUM
25.01,19.89,7.62,39.49,33.92,10.0,Rain,Medium,9,7,77.49,3.282152230971129,0,0.4301133184504867,MEDIUM
134.31,37.72,29.7,38.25,37.4,29.28,Rain,Medium,8,4,86.25,4.522222222222222,0,0.4300681384254151,MEDIUM
127.54,22.26,23.9,37.5,43.94,17.12,Clear,High,6,5,84.79,5.336401673640168,0,0.42911728392760146,MEDIUM
121.5,18.89,22.59,51.6,18.0,28.31,Clear,Low,16,5,67.5,5.378486055776892,0,0.4290871156689762,MEDIUM
21.46,28.69,10.94,29.02,35.44,21.6,Cloudy,High,18,2,79.73,1.961608775137112,0,0.42885078125256015,MEDIUM
20.77,16.65,5.0,36.24,30.82,16.9,Rain,High,16,3,71.21,4.154,0,0.42837812306601486,MEDIUM
123.08,33.31,27.68,38.01,51.9,15.35,Cloudy,Medium,16,0,85.79,4.446531791907514,0,0.42782862864342724,MEDIUM
130.01,39.64,27.94,42.26,40.06,16.69,Cloudy,Medium,3,3,83.44,4.653185397279885,1,0.42761217732616963,MEDIUM
149.6,37.12,30.32,42.62,48.13,27.35,Clear,Medium,13,1,83.4,4.934036939313984,0,0.4274270195876296,MEDIUM
37.83,38.48,18.11,41.64,45.05,21.58,Clear,High,9,7,78.41,2.088901159580342,1,0.4271935863278408,MEDIUM
136.35,25.95,27.34,40.26,33.6,33.58,Clear,High,2,4,81.12,4.987198244330651,0,0.4271424623958136,MEDIUM
135.11,20.23,28.29,35.45,23.29,22.04,Clear,Medium,5,2,73.91,4.775892541534112,0,0.42691089938001076,MEDIUM
96.32,32.8,24.28,36.83,37.61,26.12,Rain,Medium,2,7,80.03,3.967051070840197,0,0.42683724851092814,MEDIUM
22.3,28.37,12.83,40.17,51.99,21.83,Clear,High,1,5,83.69,1.7381137957911146,0,0.42669982866817646,MEDIUM
115.32,15.68,24.98,40.42,39.01,20.98,Clear,Medium,16,5,82.9,4.616493194555644,0,0.42646463114569755,MEDIUM
37.68,18.92,11.64,31.62,33.52,30.61,Rain,Medium,5,4,82.5,3.2371134020618557,1,0.4263954575535453,MEDIUM
101.89,35.12,27.1,34.25,38.4,29.23,Cloudy,Low,8,1,75.87,3.759778597785978,1,0.4263188575424705,MEDIUM
21.53,34.0,13.52,33.32,42.49,24.41,Cloudy,High,9,1,90.61,1.592455621301775,1,0.426289336714728,MEDIUM
101.04,39.94,27.55,38.28,21.68,27.11,Cloudy,Low,10,3,70.96,3.667513611615245,1,0.42582688826542875,MEDIUM
121.85,27.84,22.63,36.78,31.79,22.48,Rain,Low,18,2,81.86,5.384445426425099,0,0.42508063663263823,MEDIUM
144.15,32.26,33.19,35.31,38.4,24.26,Cloudy,Medium,1,4,94.08,4.343175655317867,1,0.4247908790211766,MEDIUM
93.05,32.19,22.35,42.81,51.87,23.75,Clear,High,6,8,82.72,4.16331096196868,0,0.4244964456095922,MEDIUM
130.2,22.99,26.78,43.85,47.39,32.04,Cloudy,Medium,10,0,76.63,4.861837191934279,1,0.424394265050218,MEDIUM
45.95,33.16,18.47,30.39,15.0,22.17,Rain,Medium,16,2,68.97,2.487818083378452,1,0.4224433707179952,MEDIUM
75.03,19.43,20.49,38.55,37.23,24.35,Rain,High,11,0,86.43,3.6617862371888728,0,0.4223065588881761,MEDIUM
144.22,15.81,24.2,40.5,43.81,26.55,Clear,High,1,2,89.49,5.959504132231405,0,0.4217848915958551,MEDIUM
57.32,38.66,22.35,36.54,39.63,20.09,Heavy_Rain,Medium,12,3,82.3,2.564653243847874,1,0.42173178590419796,MEDIUM
141.21,21.78,27.24,40.75,24.09,23.19,Clear,Medium,2,3,87.59,5.183920704845815,0,0.42160144880520384,MEDIUM
146.71,21.87,26.35,39.97,30.52,27.94,Cloudy,Medium,2,0,81.63,5.567741935483871,0,0.42159118180941346,MEDIUM
93.53,28.02,26.5,34.33,44.21,28.22,Cloudy,High,11,2,72.44,3.529433962264151,1,0.42088584069361945,MEDIUM
136.44,34.16,29.81,39.71,15.0,27.41,Rain,Low,15,2,76.76,4.5769875880576985,1,0.42078561839620354,MEDIUM
54.0,31.84,15.72,23.79,37.28,31.85,Rain,Medium,9,4,92.03,3.4351145038167936,0,0.4207623441101396,MEDIUM
109.55,25.16,22.44,46.47,48.82,24.56,Clear,Low,15,1,89.74,4.8819073083778965,0,0.42067224532131925,MEDIUM
102.21,32.68,22.44,50.97,21.13,24.52,Cloudy,Medium,17,6,80.95,4.554812834224599,0,0.4203371713015839,MEDIUM
62.96,19.28,15.93,33.94,38.45,25.17,Rain,Medium,12,2,88.87,3.952291274325173,1,0.4201766252528441,MEDIUM
110.89,32.28,26.08,37.51,26.97,24.97,Clear,High,15,2,78.9,4.251917177914111,0,0.4199379249119891,MEDIUM
143.17,15.54,26.51,35.4,36.37,33.74,Rain,Low,20,1,93.4,5.4006035458317605,1,0.419154918960938,MEDIUM
138.51,16.7,26.57,40.12,28.95,16.06,Cloudy,Medium,1,1,82.83,5.213022205494919,0,0.41786995645749253,MEDIUM
128.95,18.37,26.94,36.93,29.75,28.96,Rain,Low,13,3,84.14,4.78656273199703,0,0.4172773682575797,MEDIUM
23.86,15.11,11.36,47.16,50.71,19.49,Rain,Low,4,4,77.38,2.1003521126760565,0,0.4171431651129015,MEDIUM
22.93,20.64,10.12,31.24,26.7,20.68,Clear,High,10,1,88.72,2.2658102766798423,0,0.4169683121867159,MEDIUM
104.74,21.74,18.21,41.02,40.16,22.62,Rain,Medium,18,3,75.56,5.751784733662822,0,0.41686624469868605,MEDIUM
30.63,22.64,7.68,38.13,39.67,26.39,Heavy_Rain,Medium,9,5,100.0,3.98828125,1,0.41658096863971517,MEDIUM
101.07,22.09,23.29,45.89,25.82,16.21,Cloudy,High,5,3,84.37,4.339630742808072,1,0.4159266599749065,MEDIUM
47.36,35.25,17.83,30.82,30.32,25.01,Clear,High,8,3,91.41,2.65619742007852,1,0.4150831606698124,MEDIUM
41.1,36.14,12.02,37.81,32.14,22.84,Rain,Medium,17,6,78.84,3.4193011647254576,1,0.41406992807047605,MEDIUM
73.85,33.42,19.39,34.85,39.66,22.34,Cloudy,High,12,2,83.63,3.808664259927797,1,0.41389032470827497,MEDIUM
117.01,36.19,25.7,42.26,29.61,25.14,Rain,Medium,18,3,73.87,4.552918287937744,0,0.4133340938311084,MEDIUM
137.88,24.55,26.44,51.13,38.22,21.97,Clear,Low,14,7,69.26,5.21482602118003,1,0.4131215808347583,MEDIUM
103.47,24.83,21.79,39.82,34.75,19.66,Clear,High,19,3,87.25,4.748508490133089,0,0.4129487623931883,MEDIUM
92.81,35.82,23.54,35.99,35.05,24.18,Heavy_Rain,Low,4,3,92.91,3.942650807136789,0,0.4127365795540385,MEDIUM
117.81,17.12,23.65,39.57,26.65,22.5,Rain,Low,9,1,75.25,4.98139534883721,1,0.4122583018671498,MEDIUM
23.37,36.08,11.1,42.29,24.95,23.83,Rain,Medium,13,5,76.67,2.105405405405405,0,0.41211412611192244,MEDIUM
106.54,29.07,25.0,45.47,24.72,20.84,Clear,Medium,6,5,85.06,4.2616000000000005,0,0.41170263469343416,MEDIUM
47.27,24.24,11.34,37.84,41.13,24.9,Cloudy,High,3,4,75.14,4.168430335097002,1,0.41162448835308857,MEDIUM
27.63,27.31,10.14,32.97,31.58,21.56,Rain,Medium,6,2,80.43,2.724852071005917,0,0.411548451276979,MEDIUM
41.38,19.45,13.66,29.19,34.53,31.13,Clear,High,5,3,87.1,3.0292825768667644,0,0.4114390342281628,MEDIUM
59.94,19.33,13.99,44.07,21.08,24.7,Rain,Medium,6,5,88.2,4.284488920657612,0,0.4113285455367208,MEDIUM
44.72,33.33,19.78,39.51,41.62,30.9,Heavy_Rain,Low,3,4,85.81,2.260869565217391,0,0.4111513537181845,MEDIUM
134.29,19.53,25.52,53.51,39.1,27.71,Clear,Medium,19,6,80.69,5.262147335423197,0,0.4110565618195585,MEDIUM
22.67,21.13,11.91,32.44,28.89,26.8,Rain,Medium,14,3,74.39,1.903442485306465,0,0.4106332794368332,MEDIUM
88.03,22.14,21.45,34.53,33.96,29.4,Rain,Medium,4,3,80.1,4.103962703962704,0,0.41050041960133393,MEDIUM
29.25,36.25,13.49,44.59,28.5,22.92,Rain,Low,6,6,70.96,2.168272794662713,1,0.4103768458367037,MEDIUM
118.06,32.68,28.68,48.2,50.9,25.82,Cloudy,Low,11,3,73.44,4.116457461645746,1,0.4102930225580329,MEDIUM
124.81,27.95,26.9,38.77,39.02,21.64,Rain,Low,17,1,80.27,4.639776951672863,1,0.41006107533469555,MEDIUM
117.94,37.97,27.51,39.14,40.33,25.97,Rain,Medium,4,1,100.0,4.287168302435478,0,0.4096561064347946,MEDIUM
140.09,31.43,27.62,55.66,46.27,21.57,Clear,Low,14,2,73.73,5.07204923968139,1,0.40953296112804394,MEDIUM
44.63,29.35,15.89,39.78,40.32,16.09,Rain,Low,4,6,78.02,2.8086847073631214,0,0.4091646554974389,MEDIUM
131.96,38.54,31.63,39.81,31.78,26.26,Rain,Low,10,3,67.18,4.1719886184002535,0,0.4087437364988391,MEDIUM
65.51,21.69,14.21,36.11,36.6,25.02,Rain,Medium,7,5,80.25,4.6101337086558765,0,0.40847070254731366,MEDIUM
149.78,39.93,30.24,47.15,33.44,19.73,Clear,Medium,7,4,75.23,4.953042328042328,1,0.4078980279172349,MEDIUM
26.18,35.76,11.89,29.31,41.29,30.46,Rain,Medium,13,1,78.1,2.2018502943650127,1,0.4076644157765719,MEDIUM
121.2,28.01,27.23,40.93,36.89,27.0,Rain,Low,9,1,71.69,4.450973191333088,1,0.4069640830967362,MEDIUM
80.48,33.77,18.83,36.68,29.65,22.94,Cloudy,High,19,3,86.45,4.274030801911843,0,0.406417694688842,MEDIUM
93.28,25.76,26.17,29.97,41.75,15.54,Rain,Low,7,3,73.81,3.5643867023309133,0,0.40607001487501027,MEDIUM
117.02,26.72,21.48,36.34,40.4,25.28,Clear,High,10,4,87.31,5.447858472998138,0,0.40601785591292283,MEDIUM
81.63,26.26,17.9,51.11,40.37,22.71,Heavy_Rain,Low,5,3,79.82,4.560335195530726,0,0.4059106846191559,MEDIUM
117.26,38.0,29.49,51.22,38.6,19.23,Rain,Medium,11,4,84.84,3.976263140047474,0,0.40587676087434266,MEDIUM
101.19,33.59,22.78,39.59,39.33,31.99,Rain,Medium,16,1,76.3,4.442054433713784,0,0.40575389080455115,MEDIUM
57.19,27.9,18.91,29.26,31.66,28.07,Clear,High,17,1,88.89,3.02432575356954,0,0.4052546794323901,MEDIUM
92.88,17.12,18.18,46.83,24.32,26.04,Rain,Medium,12,5,78.32,5.108910891089109,0,0.4050158613080344,MEDIUM
83.08,25.59,19.34,40.72,30.74,31.7,Heavy_Rain,Low,19,4,84.6,4.295760082730093,0,0.4049860864200386,MEDIUM
41.67,17.4,11.11,35.88,33.33,24.36,Clear,High,11,6,73.94,3.750675067506751,0,0.4047684796306945,MEDIUM
76.22,34.23,20.13,29.08,33.61,32.81,Cloudy,High,6,2,80.93,3.7863884749130654,0,0.4046534346065382,MEDIUM
137.1,29.87,29.81,40.94,25.42,25.07,Rain,Low,18,2,68.84,4.599127809459913,1,0.4044969889492212,MEDIUM
53.14,38.89,19.61,38.87,33.73,35.8,Cloudy,High,20,0,81.67,2.7098419173890878,1,0.40436839789266854,MEDIUM
56.18,17.75,15.66,49.4,21.47,17.76,Rain,Low,13,5,75.31,3.5874840357598976,1,0.4042971150227533,MEDIUM
116.46,31.0,23.7,37.13,37.52,27.35,Clear,High,6,2,83.84,4.913924050632911,1,0.40385570026289763,MEDIUM
29.37,34.04,11.15,36.76,33.67,24.3,Rain,Medium,16,6,79.98,2.634080717488789,0,0.403540641558006,MEDIUM
72.37,24.52,23.66,33.94,37.79,24.86,Rain,Medium,12,2,73.57,3.058748943364328,0,0.40350532389672944,MEDIUM
47.74,21.81,11.47,39.49,33.5,20.61,Cloudy,High,11,4,93.1,4.162162162162162,0,0.4032653095517184,MEDIUM
133.96,19.57,26.68,56.06,49.09,23.21,Clear,Low,16,2,88.04,5.0209895052473765,0,0.4030125876950841,MEDIUM
136.99,19.16,23.11,46.19,29.9,17.94,Cloudy,High,10,1,81.39,5.927736910428386,1,0.40300724714700287,MEDIUM
37.11,26.89,15.0,40.14,42.52,27.18,Heavy_Rain,Medium,5,3,78.65,2.474,1,0.4029042216614107,MEDIUM
40.26,32.78,13.7,36.23,48.38,33.46,Rain,Medium,6,4,79.03,2.938686131386861,0,0.4028110949413561,MEDIUM
141.98,20.81,27.37,50.63,24.95,30.93,Clear,Medium,3,5,90.33,5.187431494336865,1,0.4022378224054859,MEDIUM
123.58,35.5,27.54,45.03,33.54,26.16,Clear,High,9,4,80.32,4.487291212781409,1,0.40195049912975095,MEDIUM
53.32,29.4,14.79,59.64,37.11,22.52,Clear,High,13,6,75.12,3.605138607167005,1,0.40186422798794663,MEDIUM
76.59,35.51,16.38,34.85,17.16,17.05,Clear,High,18,4,83.96,4.675824175824176,0,0.40179407605936357,MEDIUM
86.98,25.89,21.62,33.08,37.18,19.0,Rain,Low,12,3,68.4,4.023126734505088,0,0.4012653025765936,MEDIUM
93.94,25.33,22.65,32.97,30.35,22.4,Cloudy,Medium,13,6,79.67,4.147461368653421,0,0.4012027061735562,MEDIUM
109.3,22.47,27.07,41.14,33.53,26.71,Clear,High,8,4,88.64,4.037680088659032,1,0.400326814116854,MEDIUM
131.53,23.68,28.63,56.77,48.61,19.74,Cloudy,Low,19,2,87.18,4.594132029339853,1,0.39974941246590207,MEDIUM
105.15,28.11,24.09,44.56,18.97,27.43,Rain,Medium,9,1,80.82,4.364881693648817,0,0.39941775693176534,MEDIUM
40.14,20.28,8.12,50.67,39.85,34.92,Cloudy,Low,4,2,61.68,4.943349753694582,0,0.39940758593463144,MEDIUM
93.35,18.48,22.64,35.57,50.21,36.22,Rain,Low,5,0,77.94,4.123233215547703,0,0.39939781033845584,MEDIUM
75.66,15.47,13.68,38.77,47.69,26.18,Clear,Medium,1,5,73.41,5.530701754385965,0,0.3980690152861913,MEDIUM
76.23,35.12,16.98,36.3,47.06,19.58,Rain,Medium,7,2,95.77,4.489399293286219,1,0.3979868151879036,MEDIUM
47.69,22.18,15.92,34.49,22.27,30.76,Clear,High,6,5,78.65,2.995603015075377,0,0.39793978148623693,MEDIUM
63.38,33.69,16.87,40.22,28.94,29.27,Rain,Low,2,5,91.12,3.75696502667457,0,0.39784201976680866,MEDIUM
101.0,34.41,25.28,37.34,34.56,28.27,Rain,Low,6,2,83.43,3.995253164556962,0,0.39769926943077605,MEDIUM
34.84,19.32,10.87,29.14,41.45,24.33,Clear,High,14,1,78.39,3.2051517939282435,0,0.3973984825439334,MEDIUM
56.07,25.18,15.13,43.82,23.74,25.64,Heavy_Rain,Low,10,6,93.58,3.705882352941176,0,0.3969684638420983,MEDIUM
59.35,34.42,19.94,40.28,43.35,25.4,Rain,Low,14,5,91.45,2.9764292878635907,0,0.39685167765800516,MEDIUM
111.39,37.6,30.09,44.65,42.89,28.41,Rain,Low,7,1,80.81,3.7018943170488536,0,0.3956603462735906,MEDIUM
112.21,17.09,20.71,40.77,42.15,20.64,Clear,High,10,0,81.26,5.418155480444229,0,0.39549081233402666,MEDIUM
20.71,34.47,12.77,32.42,37.73,27.01,Rain,Medium,13,2,72.44,1.6217697729052467,0,0.3952325086583796,MEDIUM
23.38,33.43,14.13,40.46,39.86,18.54,Rain,Medium,18,5,78.86,1.654635527246992,1,0.3948885652876971,MEDIUM
123.42,25.4,23.6,47.52,17.17,22.41,Cloudy,Low,9,6,83.51,5.229661016949152,1,0.3946507365224984,MEDIUM
69.96,34.77,17.67,43.42,47.79,22.08,Cloudy,High,5,1,78.57,3.95925297113752,1,0.39405088029736246,MEDIUM
78.65,18.83,16.06,32.86,41.69,20.5,Rain,Low,20,1,85.07,4.897260273972604,1,0.39392176208636165,MEDIUM
46.32,34.86,13.79,63.7,48.13,33.41,Clear,Low,17,5,96.34,3.358955765047136,1,0.39339798789963515,MEDIUM
21.8,22.73,7.86,38.12,46.39,28.75,Cloudy,High,12,1,75.27,2.7735368956743,0,0.393268141475298,MEDIUM
56.09,20.84,18.01,36.96,42.71,25.14,Heavy_Rain,Low,11,4,79.24,3.114380899500277,0,0.3930724271823258,MEDIUM
79.26,17.9,20.07,33.56,28.24,20.14,Cloudy,Medium,11,7,86.96,3.9491778774289994,0,0.39300971675320534,MEDIUM
47.45,29.08,17.77,34.16,36.18,25.24,Rain,Medium,15,4,94.5,2.6702307259426,1,0.3929467354075892,MEDIUM
98.01,37.64,24.28,33.27,36.79,28.4,Cloudy,High,19,1,81.91,4.03665568369028,0,0.3926562544076879,MEDIUM
88.62,36.04,22.75,40.7,37.21,18.83,Rain,Low,13,5,86.02,3.895384615384616,0,0.392134096353591,MEDIUM
115.71,16.65,20.05,53.3,42.97,25.72,Cloudy,Low,11,6,82.13,5.771072319201995,0,0.3920011336391945,MEDIUM
147.65,18.01,27.51,43.92,27.86,24.77,Cloudy,Medium,7,1,71.11,5.367139222101054,0,0.39172557057167934,MEDIUM
43.59,31.61,16.99,37.28,38.61,27.0,Heavy_Rain,High,14,1,97.47,2.565626839317246,0,0.3916367228485589,MEDIUM
100.64,39.21,22.31,39.47,27.23,26.97,Clear,Medium,9,5,86.13,4.510981622590767,0,0.3910733486552299,MEDIUM
141.8,38.48,30.85,60.25,48.92,27.06,Cloudy,Low,19,4,78.46,4.596434359805511,0,0.3906736372493666,MEDIUM
26.88,27.7,12.31,33.23,33.03,29.75,Rain,Medium,14,1,74.97,2.183590576766856,1,0.39046515610473415,MEDIUM
89.19,38.42,27.03,38.5,38.94,25.41,Heavy_Rain,Medium,14,0,81.58,3.299667036625971,1,0.3902742216679837,MEDIUM
123.47,35.69,27.48,50.45,25.58,24.04,Clear,Medium,7,5,84.35,4.493085880640466,0,0.3901812021764048,MEDIUM
144.02,36.13,36.23,46.26,33.54,29.18,Cloudy,Low,1,5,94.23,3.9751587082528297,0,0.3895680071070678,MEDIUM
77.61,18.85,17.07,39.69,23.29,29.22,Rain,Medium,17,7,89.17,4.5465729349736375,0,0.3891556625415763,MEDIUM
116.74,29.16,27.82,45.6,40.47,20.38,Rain,Medium,9,4,84.36,4.196261682242991,0,0.3890166196604268,MEDIUM
89.06,20.62,22.37,29.23,34.06,16.74,Clear,High,16,2,96.34,3.9812248547161375,0,0.3886787330995298,MEDIUM
147.4,25.21,26.83,46.89,41.66,20.46,Clear,Medium,2,4,71.66,5.493850167722699,1,0.3884337515581701,MEDIUM
35.64,17.04,12.68,44.87,25.62,21.0,Cloudy,High,14,5,79.79,2.810725552050473,1,0.3877643920451268,MEDIUM
71.32,38.1,20.84,39.54,33.24,22.12,Rain,Medium,13,5,80.58,3.422264875239923,1,0.3872719818720869,MEDIUM
148.97,22.15,29.36,64.87,37.73,18.07,Clear,Low,3,5,70.24,5.073910081743869,0,0.38725827009236274,MEDIUM
31.11,29.48,11.11,49.65,40.21,25.28,Rain,Low,8,5,77.39,2.8001800180018,1,0.3867634575730504,MEDIUM
121.02,24.83,23.97,43.7,48.08,26.78,Cloudy,Low,17,2,75.17,5.048811013767209,0,0.38666849274813836,MEDIUM
74.16,33.87,19.24,39.67,47.93,26.8,Rain,Medium,16,1,82.61,3.854469854469855,0,0.3864970401545649,MEDIUM
133.85,25.02,26.54,41.12,31.74,30.89,Rain,Medium,6,4,80.4,5.043330821401658,1,0.3861351410135689,MEDIUM
121.71,33.88,22.4,43.41,32.68,25.8,Clear,High,5,1,89.15,5.433482142857143,1,0.3857798413066233,MEDIUM
72.22,37.84,16.79,46.29,38.05,29.61,Cloudy,High,2,3,81.05,4.301369863013699,1,0.38512958785438334,MEDIUM
58.53,25.41,17.01,38.62,34.85,26.63,Heavy_Rain,Low,14,5,97.68,3.440917107583774,1,0.38492761898967615,MEDIUM
70.36,22.77,19.61,25.9,43.92,25.81,Cloudy,Medium,19,4,89.47,3.5879653238143807,0,0.3847305556708877,MEDIUM
100.4,28.34,22.72,43.59,33.88,29.19,Cloudy,High,18,3,70.75,4.419014084507043,0,0.3846900118754576,MEDIUM
141.49,21.34,25.53,41.44,24.34,19.99,Rain,Low,4,4,84.33,5.542107324716021,0,0.38376754320437667,MEDIUM
34.57,17.77,12.38,42.61,46.49,19.13,Clear,High,2,3,84.38,2.7924071082390958,0,0.3836951552831712,MEDIUM
135.18,33.17,27.75,46.93,38.14,19.37,Cloudy,Medium,3,4,86.23,4.871351351351351,0,0.38354758518997445,MEDIUM
33.3,30.63,12.68,38.28,53.9,21.2,Heavy_Rain,Low,15,2,73.6,2.626182965299684,1,0.3834771224023304,MEDIUM
67.78,31.43,20.02,42.77,37.73,27.16,Rain,Medium,16,5,78.44,3.3856143856143857,0,0.3829701770128655,MEDIUM
111.8,34.57,24.42,37.07,40.69,25.28,Clear,Medium,5,4,75.45,4.578214578214578,0,0.3829379971043835,MEDIUM
147.6,27.76,30.36,50.53,40.14,22.86,Cloudy,Medium,18,5,90.18,4.861660079051383,0,0.3826922778412922,MEDIUM
23.43,18.24,6.92,34.72,30.94,13.82,Rain,Medium,12,4,79.98,3.3858381502890174,1,0.3821168112161687,MEDIUM
128.51,33.38,33.79,37.06,35.18,22.41,Heavy_Rain,Low,19,4,75.44,3.803196211897011,1,0.38165761649849983,MEDIUM
65.33,29.77,18.73,33.1,28.59,24.4,Rain,Medium,11,3,78.03,3.4879871863320875,0,0.38156341211440736,MEDIUM
41.05,24.11,7.97,36.9,27.39,23.56,Rain,Medium,11,2,60.7,5.150564617314931,0,0.381320063824191,MEDIUM
135.1,35.87,27.8,62.73,30.78,24.16,Clear,Low,17,5,68.52,4.859712230215827,0,0.38100614780175157,MEDIUM
84.79,37.94,20.14,38.36,18.38,26.95,Cloudy,High,8,2,76.93,4.210029791459782,0,0.38081281941117356,MEDIUM
79.23,32.88,21.83,47.05,25.28,32.5,Rain,Low,12,5,70.48,3.629409070087037,1,0.3807628595889488,MEDIUM
140.76,17.01,25.03,55.41,40.6,26.73,Clear,Low,13,5,71.23,5.62365161805833,0,0.38050994978641844,MEDIUM
70.04,27.53,16.57,52.76,38.69,23.24,Clear,High,10,9,80.23,4.226916113458057,1,0.38006562645272046,MEDIUM
32.68,26.18,9.84,38.85,37.63,23.3,Rain,Low,16,6,82.4,3.321138211382114,0,0.38002471697677587,MEDIUM
106.04,24.41,20.6,41.88,34.18,21.83,Clear,High,20,3,87.5,5.14757281553398,1,0.3799335538674712,MEDIUM
27.88,33.29,13.91,32.17,32.95,33.44,Rain,Medium,13,3,73.71,2.00431344356578,1,0.37977229502577653,MEDIUM
34.81,34.46,15.21,38.39,37.42,20.54,Heavy_Rain,Medium,13,3,81.28,2.2886259040105195,1,0.379697266592181,MEDIUM
128.31,19.65,24.42,38.3,34.44,17.92,Cloudy,Medium,7,1,79.41,5.254299754299754,0,0.37946828487968065,MEDIUM
126.26,34.92,25.22,63.31,54.73,31.76,Clear,Medium,17,4,88.49,5.006344171292626,0,0.3793941056335335,MEDIUM
30.86,17.27,10.98,40.99,57.8,19.81,Clear,Low,10,2,86.7,2.81056466302368,0,0.3790921090388689,MEDIUM
42.32,24.79,10.38,38.04,23.26,20.66,Cloudy,High,8,1,81.27,4.077071290944123,1,0.3789651733304528,MEDIUM
59.78,28.78,16.27,45.9,47.12,31.83,Heavy_Rain,Low,11,2,88.95,3.674247080516288,1,0.3782681339269859,MEDIUM
121.9,18.96,24.53,56.66,36.7,16.36,Cloudy,Medium,1,2,91.06,4.96942519364044,0,0.37812677458651434,MEDIUM
56.37,34.25,16.72,36.14,40.34,22.92,Heavy_Rain,Low,13,3,80.37,3.3714114832535884,0,0.37794370802315114,MEDIUM
94.06,18.61,24.99,30.92,40.0,24.34,Clear,High,8,1,89.82,3.7639055622248905,0,0.3772603014371496,MEDIUM
145.88,38.54,33.93,40.5,36.15,20.65,Rain,Low,17,3,87.08,4.299440023577954,0,0.37685887508850724,MEDIUM
40.76,20.46,11.07,34.56,30.25,19.8,Rain,Low,12,4,88.33,3.682023486901536,1,0.37672527876330386,MEDIUM
31.71,25.81,12.34,36.71,32.75,21.08,Heavy_Rain,Low,11,2,70.59,2.56969205834684,1,0.3764665913377623,MEDIUM
50.33,23.77,8.68,42.99,18.35,16.58,Rain,Medium,1,2,96.89,5.798387096774194,1,0.37577918077158234,MEDIUM
125.94,22.93,24.31,62.71,39.51,21.18,Rain,Low,3,2,83.32,5.180584121760592,0,0.374980202906425,MEDIUM
143.75,22.88,29.98,45.03,35.95,23.69,Clear,Medium,3,3,79.82,4.7948632421614406,0,0.3745511521705215,MEDIUM
91.54,20.19,19.82,37.88,37.03,27.58,Cloudy,High,12,2,74.14,4.618567103935419,1,0.3741828076244229,MEDIUM
117.55,25.63,21.01,48.38,28.93,33.95,Clear,High,19,3,66.22,5.594954783436458,0,0.3740133986501633,MEDIUM
102.46,26.76,24.51,41.68,41.8,27.56,Rain,Low,14,2,82.11,4.180334557323541,1,0.37292781369954586,MEDIUM
86.94,34.55,27.06,45.29,37.16,16.24,Heavy_Rain,Low,13,1,94.67,3.212860310421286,0,0.37240575351827004,MEDIUM
146.14,16.02,25.81,40.42,32.14,34.91,Rain,Low,10,4,84.26,5.662146454862456,1,0.37236154812078476,MEDIUM
24.16,33.62,11.15,51.57,22.34,27.57,Clear,High,3,5,65.31,2.166816143497758,1,0.3720414469588312,MEDIUM
116.18,19.53,20.39,44.02,32.99,21.26,Heavy_Rain,Low,15,1,82.35,5.697891123099558,0,0.37182646262369917,MEDIUM
25.9,33.97,12.45,50.19,47.25,23.46,Rain,Low,10,4,90.04,2.0803212851405624,1,0.3710350617013887,MEDIUM
100.02,17.01,15.26,43.19,45.85,16.52,Clear,High,19,4,81.01,6.554390563564875,1,0.3709848187307532,MEDIUM
121.12,15.38,21.02,49.71,28.77,18.09,Rain,Low,5,1,64.89,5.762131303520457,1,0.3708635671976031,MEDIUM
77.25,39.64,24.89,44.39,50.91,25.33,Cloudy,Medium,2,1,69.7,3.10365608678184,0,0.36996237478280974,MEDIUM
53.98,21.95,17.13,34.3,33.12,26.54,Clear,High,6,2,92.68,3.1511967308814945,0,0.3695646125554466,MEDIUM
22.16,30.12,13.38,33.13,40.53,22.25,Rain,Medium,11,4,77.92,1.656203288490284,1,0.36952176283624777,MEDIUM
142.42,30.29,31.28,49.36,29.04,23.04,Clear,Medium,20,5,96.46,4.553069053708439,0,0.3691750192239879,MEDIUM
26.83,35.73,12.29,40.88,48.93,29.98,Clear,High,5,3,84.92,2.1830756712774613,1,0.368879675139526,MEDIUM
79.94,31.72,20.71,33.51,30.17,21.41,Clear,High,12,2,79.76,3.8599710284886526,0,0.36880294670878716,MEDIUM
46.01,37.51,14.75,35.48,28.94,28.23,Clear,High,20,3,83.35,3.119322033898305,1,0.3685854007617661,MEDIUM
61.99,22.44,18.38,34.44,36.62,32.38,Cloudy,Medium,15,5,88.86,3.372687704026116,0,0.36827802564224943,MEDIUM
110.9,31.31,25.37,52.14,26.34,26.31,Clear,Medium,2,4,85.37,4.371304690579424,0,0.36803336059176106,MEDIUM
144.32,27.53,28.36,54.31,37.91,24.89,Clear,Low,3,5,90.64,5.08885754583921,0,0.3678807568511118,MEDIUM
128.5,36.12,29.01,38.57,23.35,21.69,Clear,Medium,15,2,73.77,4.429507066528783,0,0.36769521644590625,MEDIUM
136.71,18.0,26.76,56.94,31.61,20.01,Clear,Low,1,6,81.66,5.108744394618834,0,0.36759599924145214,MEDIUM
108.83,28.54,22.8,41.93,24.82,29.81,Clear,High,20,4,77.65,4.773245614035088,0,0.36735522788646235,MEDIUM
41.64,26.23,11.46,42.31,21.02,23.77,Clear,High,13,5,71.55,3.633507853403141,0,0.3671988180451735,MEDIUM
124.96,31.43,29.91,47.16,39.29,34.44,Rain,Medium,11,4,91.0,4.17786693413574,1,0.36716675316340847,MEDIUM
148.93,26.5,28.67,46.18,40.29,16.41,Rain,Medium,14,2,95.34,5.194628531566097,1,0.36704613988855556,MEDIUM
147.24,23.27,24.47,49.91,29.33,19.54,Clear,High,18,2,70.83,6.01716387413159,0,0.3669265255889505,MEDIUM
140.43,30.26,31.33,42.19,25.97,23.41,Clear,Medium,2,3,70.12,4.482285349505267,0,0.3669202638288058,MEDIUM
34.8,18.5,13.0,43.85,30.35,23.62,Cloudy,High,5,2,71.12,2.6769230769230767,0,0.36689366585951727,MEDIUM
63.31,37.91,20.72,28.09,32.36,19.24,Clear,Medium,6,1,88.79,3.05550193050193,0,0.3667263051604584,MEDIUM
101.96,27.03,20.27,37.63,43.1,33.6,Cloudy,Medium,18,1,100.0,5.030093734583128,1,0.3659262891061978,MEDIUM
74.42,25.32,18.74,60.56,39.15,20.71,Clear,High,17,4,85.35,3.971184631803629,0,0.3652921467846262,MEDIUM
93.51,22.84,22.43,47.03,30.51,25.8,Cloudy,High,20,5,83.0,4.168970129291128,0,0.3652455853550806,MEDIUM
115.87,26.42,28.87,38.69,22.36,27.93,Clear,Medium,12,2,76.63,4.013508832698303,0,0.36523522912651896,MEDIUM
20.6,16.49,6.71,36.84,39.32,29.43,Cloudy,High,16,3,87.95,3.070044709388972,0,0.3648957098480463,MEDIUM
114.89,34.57,25.57,37.31,17.26,21.04,Clear,Low,17,7,89.12,4.493156042236996,0,0.36459118955304404,MEDIUM
102.19,17.52,22.81,40.56,42.55,29.36,Cloudy,Medium,16,1,89.91,4.480052608505042,0,0.3645489802292498,MEDIUM
90.02,32.47,23.44,38.78,50.33,37.23,Clear,High,13,3,79.56,3.8404436860068256,0,0.3635438677842662,MEDIUM
42.68,25.41,17.81,48.19,54.67,19.59,Cloudy,Low,18,3,94.35,2.3964065131948344,0,0.3629068984153025,MEDIUM
149.66,31.43,32.53,53.71,15.52,21.84,Clear,Medium,2,1,78.46,4.6006762988011065,0,0.36277893769080727,MEDIUM
51.11,20.5,12.39,38.94,19.94,18.2,Rain,Medium,19,3,80.56,4.125100887812752,0,0.36247794847456155,MEDIUM
47.65,31.73,14.3,30.35,18.65,30.05,Rain,Low,11,4,86.07,3.332167832167832,1,0.3624007250214874,MEDIUM
119.64,38.8,33.13,39.33,22.89,16.57,Heavy_Rain,Low,14,3,76.97,3.6112284938122543,1,0.3621981406010206,MEDIUM
32.22,30.23,15.97,34.11,41.66,25.1,Rain,Low,4,4,87.13,2.0175328741390106,0,0.3617821307164878,MEDIUM
36.12,30.12,14.58,50.92,39.91,28.64,Clear,High,6,6,76.68,2.4773662551440325,0,0.36134802263600446,MEDIUM
73.5,32.66,19.05,41.79,38.47,26.05,Clear,High,15,4,66.18,3.858267716535433,1,0.36133215520847073,MEDIUM
63.33,16.87,15.67,46.65,19.04,23.93,Cloudy,High,6,4,74.03,4.041480536056159,0,0.36124844940847994,MEDIUM
34.4,35.01,15.28,32.95,39.02,14.69,Rain,Low,19,3,73.67,2.25130890052356,1,0.3605877806817699,MEDIUM
51.54,20.39,9.85,44.23,48.36,27.37,Clear,High,14,3,71.15,5.23248730964467,1,0.3604414964157961,MEDIUM
127.96,27.75,26.61,47.47,40.12,26.47,Clear,Medium,3,2,81.95,4.8087185268695976,0,0.36029900159786826,MEDIUM
35.0,22.93,12.7,33.29,48.09,24.05,Cloudy,Low,7,1,80.02,2.755905511811024,1,0.35996898829556895,MEDIUM
39.74,19.58,11.66,34.71,31.08,25.36,Clear,High,7,4,84.92,3.4082332761578047,0,0.35987051882115145,MEDIUM
89.31,26.9,16.28,38.17,37.92,25.29,Cloudy,High,13,1,84.08,5.485872235872236,0,0.35974118443224967,MEDIUM
48.37,30.47,11.01,46.52,24.33,30.92,Cloudy,High,6,1,81.3,4.393278837420526,1,0.359564752643054,MEDIUM
62.35,38.56,18.97,26.86,25.94,31.37,Rain,Low,9,4,79.15,3.2867685819715344,0,0.35948747712398255,MEDIUM
111.33,24.36,23.84,52.57,30.7,24.21,Cloudy,Medium,1,2,91.53,4.66988255033557,0,0.3590468630926163,MEDIUM
134.35,27.29,27.73,42.63,39.23,24.96,Rain,Low,13,3,82.77,4.84493328525063,0,0.3588452317645318,MEDIUM
129.47,19.78,25.02,43.17,30.26,24.31,Rain,Low,4,2,81.33,5.174660271782574,1,0.35866200552162036,MEDIUM
140.72,18.77,28.91,39.38,23.13,21.32,Clear,Medium,11,4,86.17,4.867519889311657,1,0.35859003595827504,MEDIUM
44.24,31.66,18.18,39.6,25.64,28.36,Cloudy,High,20,3,81.11,2.433443344334433,0,0.3585521376344714,MEDIUM
32.42,38.94,13.12,33.01,40.86,29.79,Clear,High,17,1,76.74,2.471036585365854,1,0.3580625100665087,MEDIUM
90.37,17.43,18.5,36.2,37.99,26.95,Rain,Medium,11,4,81.7,4.884864864864865,1,0.3578533788619,MEDIUM
101.67,15.94,17.57,37.17,25.87,29.45,Rain,Low,7,2,87.59,5.786568013659648,0,0.35754715722854047,MEDIUM
132.04,23.04,27.44,47.1,28.74,18.06,Clear,Medium,3,1,69.45,4.811953352769679,0,0.3572465393703331,MEDIUM
127.32,26.01,23.99,39.66,41.67,21.86,Clear,Medium,18,4,86.39,5.307211338057524,1,0.3571740800555158,MEDIUM
92.93,27.22,21.64,36.36,16.68,18.31,Rain,Medium,12,2,78.27,4.294362292051757,0,0.35702059335478675,MEDIUM
49.61,21.07,14.16,67.63,25.34,23.57,Clear,Medium,6,3,89.32,3.5035310734463274,0,0.3562151633550001,MEDIUM
78.77,19.11,19.41,30.61,41.4,28.78,Clear,Medium,10,3,91.08,4.058217413704276,0,0.3559911856261133,MEDIUM
35.6,38.97,16.61,38.1,39.26,24.36,Cloudy,High,5,2,90.54,2.143287176399759,1,0.35593632156073834,MEDIUM
92.61,25.35,23.12,40.68,29.47,17.27,Cloudy,High,20,2,66.36,4.005622837370242,0,0.3558398383480764,MEDIUM
46.53,26.54,14.7,41.23,29.14,25.9,Rain,Low,13,6,95.42,3.16530612244898,1,0.355836608728473,MEDIUM
90.33,23.18,19.96,49.16,28.41,21.15,Rain,Low,19,5,86.32,4.525551102204409,0,0.35529891095154503,MEDIUM
56.98,20.95,13.91,41.31,37.5,20.55,Cloudy,High,16,2,92.13,4.096333572969087,0,0.35491268509654794,MEDIUM
130.67,39.2,29.24,41.71,45.43,25.69,Clear,Medium,17,1,73.53,4.468878248974008,0,0.35473044211786064,MEDIUM
79.86,34.9,20.72,46.0,45.6,28.98,Clear,High,15,3,78.92,3.854247104247104,0,0.3545570257888188,MEDIUM
52.57,23.59,13.32,53.93,54.31,29.92,Cloudy,Medium,17,2,81.37,3.946696696696697,0,0.35453510175105635,MEDIUM
42.25,26.97,11.9,41.65,35.67,15.49,Rain,Low,11,5,82.42,3.5504201680672267,0,0.3543899623961365,MEDIUM
121.22,17.83,24.6,41.66,33.37,10.0,Rain,Low,5,2,88.48,4.927642276422764,0,0.3539849056493074,MEDIUM
145.3,28.81,29.51,48.06,34.01,27.08,Clear,High,15,2,77.46,4.923754659437479,1,0.35371951645180855,MEDIUM
98.53,27.67,21.4,42.92,30.67,20.8,Rain,High,10,2,72.55,4.604205607476636,0,0.35364606359958756,MEDIUM
103.18,32.61,25.87,39.12,35.02,21.86,Cloudy,Medium,20,4,65.59,3.988403556242752,1,0.35305790677367554,MEDIUM
139.23,29.32,25.64,47.98,39.69,26.24,Clear,Medium,1,1,71.68,5.430187207488299,0,0.3528420796268881,MEDIUM
90.36,31.33,20.98,40.42,34.3,24.56,Rain,Medium,1,1,78.6,4.306959008579599,0,0.35232536114928126,MEDIUM
49.04,15.28,9.27,48.76,51.33,24.68,Cloudy,Medium,18,4,69.26,5.290183387270766,0,0.3518860046042514,MEDIUM
102.89,16.1,22.61,43.44,32.4,23.19,Rain,Low,18,1,80.59,4.550641309155242,0,0.3516794003236014,MEDIUM
105.33,25.95,24.02,53.97,23.92,21.78,Clear,Medium,1,1,73.2,4.385095753538717,0,0.3516131900169704,MEDIUM
121.91,29.15,25.06,52.42,42.08,22.89,Rain,Low,16,3,83.73,4.864724660814046,1,0.3515768149673787,MEDIUM
56.91,19.7,18.92,52.48,15.0,27.07,Cloudy,High,19,3,72.69,3.007928118393234,1,0.3514983057118297,MEDIUM
51.39,22.29,11.83,52.14,39.85,16.87,Clear,High,12,6,73.36,4.344040574809806,0,0.35106320038466604,MEDIUM
93.4,15.6,18.16,40.34,44.56,25.04,Cloudy,High,6,3,80.87,5.143171806167401,0,0.3510512274086235,MEDIUM
84.43,26.07,20.55,36.21,31.99,21.57,Rain,Medium,17,2,85.52,4.108515815085158,0,0.3502650192995084,MEDIUM
131.34,36.51,27.63,44.78,15.64,18.8,Cloudy,Medium,5,4,86.44,4.753528773072747,0,0.35016780795015645,MEDIUM
103.6,15.42,20.29,46.0,39.29,24.0,Cloudy,High,16,3,100.0,5.1059635288319365,1,0.3499599506802926,MEDIUM
39.38,15.45,10.49,40.83,18.59,22.09,Clear,High,10,5,77.81,3.754051477597712,1,0.3498466656941527,MEDIUM
94.66,27.71,20.34,32.57,18.53,21.0,Rain,Low,7,2,88.82,4.653883972468043,0,0.3488541842449477,MEDIUM
34.13,26.16,10.72,41.35,27.26,26.42,Cloudy,High,7,2,80.37,3.183768656716418,0,0.34830745898827203,MEDIUM
98.37,21.9,25.91,35.41,42.83,23.04,Heavy_Rain,Low,5,0,92.89,3.796603627942879,0,0.34814134106381206,MEDIUM
34.57,20.34,10.46,43.86,46.4,23.51,Rain,Low,18,1,68.29,3.3049713193116634,1,0.3476813483892928,MEDIUM
58.04,31.98,16.59,37.23,35.74,29.19,Rain,Low,4,5,94.28,3.498493068113321,0,0.3471889601513103,MEDIUM
31.32,23.47,10.3,34.2,40.46,19.67,Rain,Low,4,1,88.04,3.040776699029126,0,0.3470825859938597,MEDIUM
60.08,23.96,14.31,42.94,43.51,29.6,Heavy_Rain,Low,12,4,75.63,4.198462613556953,1,0.34695873978159925,MEDIUM
56.07,39.53,21.37,37.25,35.41,22.77,Clear,High,2,4,84.03,2.623771642489471,1,0.3466885902982213,MEDIUM
133.03,24.24,28.78,49.18,31.18,37.17,Clear,Medium,6,3,84.13,4.622307157748437,0,0.34666460759836126,MEDIUM
119.13,30.48,24.77,50.45,25.07,27.42,Rain,Low,11,3,87.03,4.809446911586597,1,0.34643939944619895,MEDIUM
101.12,23.34,19.86,54.43,18.5,22.64,Clear,Medium,20,2,77.77,5.091641490433031,0,0.34607513740553264,MEDIUM
73.53,24.75,16.26,37.32,39.9,25.18,Cloudy,High,20,2,98.85,4.522140221402213,0,0.3459221884785425,MEDIUM
31.21,18.06,9.43,46.84,36.33,21.7,Cloudy,High,15,2,71.4,3.3096500530222697,0,0.3458511264094519,MEDIUM
141.3,24.12,28.67,36.6,37.06,28.58,Cloudy,Low,14,2,93.46,4.92849668643181,0,0.3457984593354171,MEDIUM
30.13,16.86,10.73,39.44,42.15,28.26,Heavy_Rain,Low,3,2,81.45,2.808014911463187,1,0.34564548269257167,MEDIUM
136.67,19.57,27.28,43.28,40.72,27.31,Cloudy,Medium,5,4,69.93,5.009897360703811,0,0.345469915902293,MEDIUM
88.94,33.92,23.36,39.01,43.03,20.65,Cloudy,High,15,1,86.28,3.8073630136986303,1,0.34501764430381837,MEDIUM
36.18,21.46,8.76,37.13,35.41,14.71,Heavy_Rain,Medium,9,1,86.54,4.13013698630137,1,0.3445696028635435,MEDIUM
133.81,15.63,22.42,47.74,33.07,32.59,Cloudy,Medium,11,1,82.02,5.968331846565566,1,0.34423269833474546,MEDIUM
111.62,35.55,28.52,50.27,35.32,23.0,Clear,Medium,3,2,77.46,3.91374474053296,0,0.3436739910489993,MEDIUM
30.96,20.8,15.26,30.62,24.24,23.1,Clear,Medium,13,1,71.2,2.028833551769332,1,0.34274966867795154,MEDIUM
147.72,30.7,29.9,53.68,42.87,28.46,Clear,Medium,5,1,81.72,4.940468227424749,1,0.3426151742157865,MEDIUM
133.99,25.23,26.3,49.55,40.88,29.16,Cloudy,Medium,1,2,73.83,5.09467680608365,0,0.3420271020876979,MEDIUM
137.35,24.18,28.63,48.96,43.56,23.12,Cloudy,Medium,11,4,83.47,4.797415298637793,0,0.34184277282871794,MEDIUM
127.0,27.91,29.57,37.12,29.38,23.79,Clear,Medium,15,4,64.46,4.294893473114644,0,0.3416664928850684,MEDIUM
69.32,21.62,16.9,55.2,35.98,22.63,Cloudy,Medium,12,6,76.41,4.101775147928994,1,0.34162998086697927,MEDIUM
141.19,15.21,29.01,43.89,24.85,30.56,Clear,Medium,16,3,92.97,4.866942433643571,0,0.341605506746095,MEDIUM
77.49,36.39,20.64,44.08,48.25,19.26,Rain,Low,8,1,81.64,3.7543604651162794,1,0.3409625450437714,MEDIUM
104.83,24.9,23.33,43.5,44.26,24.79,Cloudy,Medium,19,2,77.69,4.493356193741963,0,0.34088079282728995,MEDIUM
120.72,15.33,23.65,53.12,33.8,25.49,Clear,High,17,3,64.84,5.104439746300212,0,0.34066991922022327,MEDIUM
111.24,24.91,23.93,54.01,34.47,23.54,Rain,Low,15,3,78.34,4.648558295027162,1,0.3402009623425856,MEDIUM
33.94,37.55,13.89,35.3,28.35,29.01,Rain,Medium,13,2,71.14,2.4434845212383007,0,0.33970809898767357,MEDIUM
92.27,17.78,17.24,41.61,39.5,18.43,Cloudy,Low,1,6,86.33,5.352088167053364,0,0.33954983228245794,MEDIUM
92.1,25.7,24.26,27.23,29.23,20.84,Rain,Medium,17,1,92.72,3.796372629843363,0,0.33938620486415844,MEDIUM
114.98,33.88,26.35,43.82,44.35,18.51,Clear,Medium,8,2,80.33,4.363567362428842,0,0.3393466163167278,MEDIUM
114.1,23.31,19.87,40.1,35.19,23.64,Clear,Medium,17,3,86.44,5.742325113236034,0,0.33925769017029583,MEDIUM
35.86,38.06,16.39,47.28,33.64,25.85,Clear,Medium,20,8,74.81,2.187919463087248,0,0.33891147686788936,MEDIUM
33.82,19.82,10.71,52.65,36.91,17.42,Clear,High,8,6,79.29,3.157796451914099,1,0.33879212997758623,MEDIUM
87.57,27.15,18.29,41.94,39.11,20.74,Cloudy,High,1,4,71.4,4.7878622197922365,1,0.3382436367073591,MEDIUM
74.21,26.83,16.81,54.24,46.12,32.05,Rain,Low,12,2,74.81,4.414634146341464,1,0.3379762966490365,MEDIUM
82.66,20.31,22.32,30.66,22.6,21.14,Clear,Medium,14,3,87.1,3.703405017921147,0,0.33791240549266,MEDIUM
58.1,34.26,19.16,46.22,20.78,22.28,Cloudy,High,19,0,70.85,3.0323590814196244,0,0.33753707161372865,MEDIUM
148.47,16.59,25.23,48.76,33.99,27.56,Clear,Medium,1,1,81.82,5.884661117717004,0,0.3373100039731406,MEDIUM
102.47,39.47,23.93,54.48,33.17,26.05,Clear,Low,3,4,84.93,4.282072712076891,0,0.33670137670024486,MEDIUM
138.12,15.63,26.19,44.15,15.0,32.5,Clear,Medium,8,4,93.96,5.2737686139748,0,0.33667863494977973,MEDIUM
101.0,15.86,21.96,43.28,38.38,24.57,Rain,Low,18,0,94.06,4.599271402550091,0,0.3365841496627015,MEDIUM
113.82,39.64,29.6,48.79,33.03,17.23,Rain,Low,20,3,79.07,3.84527027027027,0,0.336534302862969,MEDIUM
76.2,21.34,16.59,41.75,49.67,22.64,Clear,High,16,2,78.88,4.593128390596745,0,0.3361495367455183,MEDIUM
149.89,30.69,33.22,44.28,31.5,27.58,Rain,Low,1,2,78.75,4.512040939193257,1,0.3360873930478482,MEDIUM
78.0,15.85,12.98,38.56,34.65,21.08,Clear,High,9,9,75.82,6.00924499229584,1,0.33598348439768383,MEDIUM
113.48,35.49,23.87,38.59,36.37,21.72,Cloudy,Medium,9,3,70.77,4.754084625052367,0,0.33538959084811665,MEDIUM
51.64,37.12,17.23,40.2,45.97,31.36,Cloudy,Medium,5,3,76.78,2.9970980847359256,0,0.3353186535183241,MEDIUM
100.84,34.68,21.49,42.06,28.51,16.33,Rain,Low,5,2,83.87,4.692415076779898,0,0.33523707882771553,MEDIUM
68.35,36.27,16.24,41.27,34.91,27.37,Cloudy,High,19,1,92.0,4.208743842364532,1,0.3349206902597016,MEDIUM
21.41,19.37,5.71,44.8,48.44,22.33,Cloudy,Medium,15,3,84.32,3.7495621716287215,0,0.3348403103124547,MEDIUM
100.3,25.41,21.69,45.89,29.5,22.13,Clear,High,7,1,75.35,4.6242508068234205,0,0.3346825409896995,MEDIUM
81.24,30.35,20.16,34.84,31.76,22.68,Cloudy,Medium,2,4,84.14,4.029761904761904,0,0.33464020283240364,MEDIUM
99.75,28.96,25.93,38.58,28.95,39.16,Heavy_Rain,Low,17,2,81.63,3.846895487851909,1,0.33456345940820936,MEDIUM
99.01,31.62,24.12,38.27,31.9,28.03,Cloudy,Medium,7,5,64.81,4.104892205638475,0,0.33406109236910436,MEDIUM
65.81,36.74,18.91,39.89,25.74,27.15,Clear,High,2,0,79.27,3.4801692226335272,0,0.3340365317641953,MEDIUM
103.11,37.62,26.15,52.21,40.9,29.92,Clear,Medium,2,2,67.48,3.94302103250478,1,0.33380920010894966,MEDIUM
123.13,35.5,28.87,55.38,35.65,30.75,Clear,High,4,3,89.08,4.264980949082092,0,0.3336980520173983,MEDIUM
49.79,35.96,17.26,53.73,34.22,12.64,Cloudy,Low,6,8,66.98,2.8847045191193508,0,0.33359841732503875,MEDIUM
25.62,15.56,8.76,45.89,37.33,23.33,Clear,High,15,5,87.73,2.924657534246576,0,0.3334190920398732,MEDIUM
123.08,34.24,25.16,48.46,44.47,22.4,Clear,Medium,9,4,94.14,4.891891891891892,0,0.33337527339463513,MEDIUM
131.89,29.7,28.48,58.65,47.79,35.24,Clear,Low,18,2,74.92,4.630969101123595,1,0.3332984758846385,MEDIUM
86.76,30.91,19.88,47.16,37.34,16.44,Cloudy,Medium,19,6,70.69,4.364185110663985,0,0.33308937568704544,MEDIUM
147.56,23.2,28.22,43.36,27.61,25.44,Cloudy,Medium,17,2,69.65,5.228915662650603,0,0.3325496327907545,MEDIUM
149.94,19.82,30.59,46.69,33.14,21.91,Cloudy,Medium,6,3,75.38,4.901601830663616,0,0.3324884549236756,MEDIUM
73.79,32.74,15.41,65.63,36.59,29.25,Cloudy,Medium,13,5,77.78,4.788449059052564,0,0.33236765798544726,MEDIUM
70.47,27.48,16.49,40.36,27.41,35.13,Rain,Low,15,3,81.54,4.2734990903577925,1,0.33236663168746466,MEDIUM
21.89,18.07,10.4,36.81,23.75,27.25,Clear,High,2,3,81.88,2.104807692307692,0,0.33206513780671676,MEDIUM
144.18,25.33,31.72,52.92,24.86,23.24,Clear,Medium,19,1,85.11,4.545397225725095,1,0.3316658511420438,MEDIUM
127.03,35.9,26.68,41.6,15.0,26.47,Clear,Medium,17,2,87.96,4.761244377811095,1,0.33123067558265734,MEDIUM
131.22,22.2,24.13,49.94,31.16,30.13,Clear,Low,6,6,65.03,5.438043928719437,0,0.3304683850289408,MEDIUM
135.73,21.01,26.28,41.94,41.46,32.83,Rain,Low,18,0,88.27,5.16476407914764,0,0.3302933471099429,MEDIUM
117.67,18.5,22.56,49.71,27.31,16.83,Clear,Medium,8,2,87.16,5.215868794326242,0,0.3301962412655604,MEDIUM
65.66,24.68,16.04,36.23,35.83,27.31,Cloudy,Medium,1,3,88.4,4.093516209476309,0,0.328916166067269,MEDIUM
86.3,17.13,13.63,40.01,42.72,25.6,Cloudy,High,20,6,90.23,6.331621423330887,0,0.3288801270550997,MEDIUM
92.98,16.89,15.95,45.94,31.35,28.08,Cloudy,Low,3,6,64.94,5.829467084639499,1,0.3285542498242591,MEDIUM
136.42,15.82,26.4,46.08,18.26,29.41,Clear,Medium,1,2,76.61,5.167424242424242,1,0.32844341294082274,MEDIUM
133.68,15.89,25.07,51.97,35.77,26.51,Rain,Low,9,1,68.22,5.332269644994017,1,0.3283506749150307,MEDIUM
42.89,27.57,19.35,29.35,35.69,29.35,Cloudy,Medium,20,1,80.59,2.2165374677002583,1,0.3279625252364851,MEDIUM
47.64,23.99,11.27,36.81,23.03,23.7,Clear,High,17,3,90.97,4.2271517302573205,1,0.32768903883579864,MEDIUM
149.04,37.15,32.81,41.12,40.65,19.39,Clear,High,9,0,93.46,4.542517525144772,0,0.32763230328580545,MEDIUM
132.69,25.85,25.84,47.9,23.61,26.34,Clear,Medium,5,3,78.44,5.135061919504644,0,0.3275454688662885,MEDIUM
138.55,30.89,28.0,51.76,42.77,21.25,Clear,Medium,7,1,79.35,4.948214285714286,0,0.3271017836377275,MEDIUM
55.66,34.06,16.3,37.22,31.55,16.55,Rain,Medium,1,4,95.83,3.414723926380368,0,0.3267831452404624,MEDIUM
36.05,31.25,15.37,37.89,40.21,24.31,Clear,High,3,3,92.78,2.3454782042940794,0,0.326718914217113,MEDIUM
54.01,18.48,12.75,41.38,29.52,12.52,Heavy_Rain,Low,13,4,93.79,4.236078431372549,0,0.3266061451075258,MEDIUM
108.62,35.85,26.48,46.08,41.41,24.44,Clear,Low,15,5,86.59,4.101963746223565,0,0.32639462575784495,MEDIUM
111.96,20.05,24.67,41.76,23.16,17.28,Clear,Medium,16,3,79.52,4.5383056343737325,1,0.3257267036170373,MEDIUM
83.66,18.94,17.8,61.95,53.77,27.22,Clear,Low,20,3,86.54,4.699999999999999,0,0.3255968245070192,MEDIUM
91.25,18.48,18.45,39.18,32.35,27.18,Heavy_Rain,Low,10,1,88.14,4.94579945799458,0,0.3246432008135027,MEDIUM
37.34,35.29,13.83,41.43,45.74,29.4,Cloudy,Medium,19,1,65.77,2.699927693420101,1,0.32431480034522775,MEDIUM
71.31,16.49,14.96,36.66,44.14,30.83,Clear,High,20,6,85.32,4.766711229946524,0,0.3242303785728533,MEDIUM
116.17,16.19,20.26,45.74,27.83,29.49,Cloudy,Medium,5,5,98.64,5.73395853899309,1,0.3241823131366932,MEDIUM
138.65,21.82,28.48,48.86,39.62,20.82,Clear,Medium,4,3,81.85,4.868328651685394,0,0.3241316014156767,MEDIUM
132.91,33.35,27.07,51.92,32.28,18.46,Clear,Low,9,5,83.94,4.909863317325453,0,0.32364767393972493,MEDIUM
102.72,28.42,21.12,45.35,37.85,15.06,Cloudy,Low,1,2,96.04,4.863636363636363,0,0.3236322751031224,MEDIUM
67.64,25.96,14.92,37.67,32.03,22.03,Clear,High,1,4,80.55,4.533512064343164,0,0.3234571785481764,MEDIUM
142.35,37.38,28.58,49.55,42.55,28.26,Clear,Medium,20,2,87.8,4.98075577326802,0,0.3233889521772936,MEDIUM
24.82,15.27,5.07,55.02,45.31,24.48,Cloudy,Low,18,4,77.41,4.895463510848126,0,0.3231483781062314,MEDIUM
89.36,25.93,21.17,35.42,36.6,12.66,Clear,High,17,1,70.74,4.221067548417572,0,0.3231092662949981,MEDIUM
66.47,32.35,16.38,46.72,34.62,23.15,Clear,Medium,10,7,72.4,4.057997557997558,0,0.323062912877673,MEDIUM
96.24,35.48,26.52,37.85,41.77,24.88,Rain,Medium,5,2,83.43,3.6289592760181,1,0.3229914822301694,MEDIUM
109.97,38.07,28.15,57.12,15.0,21.34,Clear,Medium,6,3,89.98,3.906571936056839,0,0.3229261154501944,MEDIUM
41.07,23.3,11.2,31.62,41.64,24.82,Cloudy,Low,4,4,77.77,3.666964285714286,1,0.32291649452058696,MEDIUM
121.63,28.19,26.35,52.47,35.2,26.86,Rain,Low,19,4,91.14,4.615939278937381,1,0.3225540300609425,MEDIUM
65.17,27.39,15.61,37.58,39.47,25.95,Rain,Medium,16,0,86.35,4.174887892376682,0,0.32241673090716694,MEDIUM
121.93,19.59,27.11,52.14,44.41,21.97,Clear,Medium,19,1,83.61,4.49760236075249,0,0.32212165379409924,MEDIUM
91.9,30.77,24.55,39.2,34.69,27.47,Rain,Medium,13,2,88.58,3.743380855397149,0,0.32195417919058733,MEDIUM
55.36,18.48,12.37,38.63,30.36,20.96,Cloudy,Low,9,5,79.51,4.475343573160873,1,0.32110774064805214,MEDIUM
125.02,21.4,21.98,45.97,36.27,15.79,Rain,Low,20,2,67.59,5.687898089171974,0,0.320920245247667,MEDIUM
76.18,21.56,17.33,31.98,30.38,30.65,Clear,Medium,7,3,80.9,4.395845354875939,0,0.320573669998749,MEDIUM
102.51,28.98,19.44,48.24,30.08,30.28,Clear,Medium,1,4,94.65,5.273148148148148,0,0.32056639283364113,MEDIUM
20.43,20.84,10.35,35.8,28.43,28.81,Rain,Medium,16,4,94.89,1.973913043478261,1,0.3200852139939603,MEDIUM
136.31,36.3,29.05,45.54,41.95,21.91,Clear,Medium,20,2,84.27,4.692254733218588,0,0.3191959920053865,MEDIUM
101.48,17.49,20.87,41.87,29.33,22.3,Cloudy,Medium,10,3,87.9,4.862482031624341,0,0.31915996041731814,MEDIUM
66.77,32.46,19.74,43.69,42.8,21.01,Rain,Medium,20,4,89.44,3.3824721377912867,0,0.31901458356398116,MEDIUM
84.23,16.1,16.82,38.13,44.18,27.14,Rain,Low,20,3,86.75,5.007728894173603,0,0.3188397464661635,MEDIUM
65.72,26.96,18.59,36.96,34.36,14.85,Rain,Medium,10,1,74.94,3.535233996772458,1,0.3186915541413468,MEDIUM
53.39,15.99,12.66,41.53,38.34,25.61,Rain,Medium,15,4,81.62,4.217219589257504,1,0.3185811762806866,MEDIUM
75.98,25.69,20.12,32.89,38.5,27.99,Clear,High,6,5,97.47,3.7763419483101393,0,0.31792567321306714,MEDIUM
67.7,22.69,15.42,42.78,26.87,20.83,Clear,Medium,1,7,80.75,4.390402075226978,1,0.3176710753793873,MEDIUM
73.2,24.0,20.27,47.35,42.91,29.21,Rain,Medium,18,3,90.64,3.611248149975333,0,0.3176376473938256,MEDIUM
144.79,29.03,34.28,51.54,43.7,22.28,Cloudy,Low,3,2,75.94,4.223745624270712,0,0.31749907294347307,MEDIUM
28.15,18.54,14.53,32.04,24.43,24.9,Clear,Medium,12,2,85.64,1.9373709566414317,0,0.3173199429016895,MEDIUM
136.68,23.2,27.9,52.81,30.59,28.8,Rain,Low,4,1,74.06,4.898924731182796,0,0.3166526049499035,MEDIUM
78.6,20.67,17.45,45.37,33.61,26.3,Cloudy,Low,20,8,76.4,4.504297994269341,0,0.31664116633690254,MEDIUM
69.92,31.0,15.4,40.14,40.04,25.03,Clear,Medium,5,7,71.45,4.54025974025974,1,0.31661566740462055,MEDIUM
75.77,15.19,13.69,45.28,53.02,19.26,Rain,Low,4,4,82.77,5.534696859021183,0,0.3165771423066133,MEDIUM
78.09,27.78,18.74,45.63,33.77,20.83,Rain,Medium,14,1,82.02,4.167022411953043,0,0.3165358131837591,MEDIUM
130.59,23.02,29.68,42.05,36.61,32.94,Rain,Low,8,0,84.85,4.399932614555256,1,0.3163991626615725,MEDIUM
127.27,27.91,28.75,47.0,37.88,23.31,Clear,Medium,15,4,75.9,4.426782608695652,0,0.31625672116765396,MEDIUM
82.93,23.94,17.45,40.19,32.43,30.43,Rain,Medium,7,1,79.52,4.75243553008596,0,0.31583453625604613,MEDIUM
96.78,36.31,25.57,28.63,33.81,31.63,Rain,Medium,10,3,80.45,3.784904184591318,1,0.31579249032294743,MEDIUM
21.24,32.07,11.27,39.16,36.05,26.77,Rain,Medium,8,4,75.73,1.8846495119787048,0,0.3153466242798044,MEDIUM
121.77,27.94,28.38,52.91,44.54,19.43,Clear,Medium,20,3,82.71,4.290697674418604,0,0.3153350753329568,MEDIUM
93.08,22.47,18.73,40.16,30.76,31.95,Rain,Medium,13,1,79.69,4.969567538707955,0,0.3150946625349323,MEDIUM
70.73,28.62,20.34,40.69,27.62,22.21,Clear,High,19,2,87.74,3.477384464110128,0,0.31485181633153486,MEDIUM
134.85,28.56,27.84,44.49,31.25,31.13,Rain,Low,5,1,80.21,4.84375,0,0.3142461952438,MEDIUM
69.36,34.59,20.75,39.87,33.46,20.13,Clear,High,5,5,92.0,3.3426506024096385,0,0.31423757698357324,MEDIUM
110.35,25.18,27.96,54.39,43.79,19.1,Clear,Medium,7,3,78.2,3.946709585121602,0,0.3141556413204737,MEDIUM
53.35,23.95,10.78,35.44,22.44,22.73,Clear,Medium,15,4,63.0,4.948979591836735,0,0.31406801921826694,MEDIUM
135.24,38.69,29.96,55.21,15.55,35.16,Clear,Medium,13,1,83.57,4.514018691588785,0,0.3137651604425225,MEDIUM
105.73,29.58,25.14,53.92,36.68,23.11,Clear,Medium,4,3,81.88,4.205648369132856,1,0.3136130086740526,MEDIUM
79.34,29.87,22.93,41.6,15.0,21.93,Rain,Medium,13,4,67.9,3.460095944177933,0,0.31359870342545193,MEDIUM
123.13,34.21,28.36,44.27,37.74,25.88,Clear,Medium,9,3,81.06,4.341678420310296,0,0.31349005165524396,MEDIUM
69.46,21.24,15.8,49.85,24.65,22.49,Cloudy,Medium,10,6,85.24,4.396202531645569,1,0.31342797012212587,MEDIUM
31.79,15.86,12.02,44.37,38.03,29.57,Clear,High,5,1,75.06,2.644758735440932,0,0.31340083715207173,MEDIUM
82.07,20.39,17.82,39.84,48.38,22.72,Clear,Medium,2,2,76.95,4.605499438832772,0,0.3131773798410682,MEDIUM
33.25,17.2,12.46,43.47,26.34,20.98,Rain,Medium,12,3,71.24,2.6685393258426964,1,0.31310693443873533,MEDIUM
27.33,35.84,14.62,38.94,32.76,28.44,Clear,High,4,2,67.25,1.8693570451436388,1,0.31310529541611437,MEDIUM
102.69,32.09,20.21,45.76,36.46,23.7,Clear,Medium,4,2,84.55,5.081147946561108,0,0.31305014960132216,MEDIUM
68.1,22.6,11.72,46.87,40.72,21.41,Rain,Medium,7,2,76.93,5.810580204778156,0,0.31259478638101057,MEDIUM
47.86,15.77,13.42,41.73,34.84,18.95,Rain,Medium,17,2,81.08,3.5663189269746645,1,0.31245704328850465,MEDIUM
82.84,16.74,17.41,46.38,46.34,30.64,Clear,Medium,19,4,90.09,4.758184951177484,1,0.31221642620029816,MEDIUM
24.56,32.2,9.51,49.46,40.49,29.57,Clear,Medium,11,9,78.85,2.5825446898002102,0,0.3121319598355145,MEDIUM
29.01,20.99,9.04,52.9,35.84,25.66,Cloudy,Low,11,6,74.75,3.209070796460177,1,0.31205382232432183,MEDIUM
116.78,31.94,23.67,48.84,34.42,28.71,Clear,Medium,19,2,66.64,4.933671313899451,0,0.31199788576861764,MEDIUM
123.65,18.31,25.81,49.97,21.93,19.94,Clear,Low,1,1,95.19,4.790778767919411,0,0.3118346965326553,MEDIUM
75.09,37.01,21.77,38.25,15.0,21.98,Rain,Medium,14,1,87.64,3.449242076251722,1,0.31154060151611374,MEDIUM
64.3,26.61,13.69,41.52,41.34,18.74,Rain,Medium,16,0,76.62,4.696859021183346,0,0.31150436887766453,MEDIUM
84.05,23.55,14.54,42.12,38.86,23.88,Rain,Medium,6,3,85.69,5.78060522696011,1,0.31133499872000936,MEDIUM
41.35,38.75,13.83,39.43,38.04,20.22,Clear,High,10,0,73.57,2.989877078814172,0,0.31119797604135957,MEDIUM
149.27,20.55,28.68,57.55,29.19,21.3,Clear,Medium,5,4,82.76,5.204672245467225,1,0.3111760932911317,MEDIUM
70.34,32.08,14.2,42.6,31.54,25.24,Clear,High,2,2,92.01,4.953521126760564,1,0.3111368322800721,MEDIUM
71.88,18.6,13.79,49.72,43.24,20.55,Rain,Low,8,3,78.61,5.212472806381435,0,0.3109746946354519,MEDIUM
146.05,30.87,32.22,46.46,33.76,33.23,Clear,High,5,2,66.81,4.532898820608319,0,0.3109044925646496,MEDIUM
23.04,22.91,10.52,37.43,36.92,22.8,Rain,Medium,14,1,77.74,2.1901140684410647,1,0.3108932852360666,MEDIUM
144.05,25.8,26.95,39.7,40.46,29.17,Cloudy,Medium,12,3,77.53,5.345083487940632,1,0.3108351763002514,MEDIUM
86.36,22.86,14.39,35.96,15.0,19.06,Cloudy,Medium,6,4,84.08,6.001389854065323,0,0.3107579929296482,MEDIUM
109.81,32.49,25.84,41.19,29.74,18.43,Cloudy,Medium,6,2,68.47,4.249613003095975,0,0.30979912564571216,MEDIUM
68.92,23.28,16.7,51.46,52.2,17.45,Clear,Medium,5,3,88.49,4.126946107784431,0,0.3097802489118034,MEDIUM
71.79,25.72,14.7,47.0,36.26,17.8,Rain,Low,2,2,70.22,4.883673469387756,0,0.3096117806550979,MEDIUM
59.55,36.99,14.89,43.66,44.33,30.82,Rain,Medium,18,1,82.82,3.999328408327736,0,0.3094695731507224,MEDIUM
44.71,24.16,12.35,47.32,49.81,22.84,Cloudy,Medium,8,4,85.22,3.6202429149797575,0,0.30943750760906397,MEDIUM
139.65,29.55,25.44,48.72,27.25,23.54,Clear,Medium,20,3,79.56,5.48938679245283,1,0.30926487179072165,MEDIUM
21.58,26.11,8.93,49.5,35.28,27.31,Heavy_Rain,Low,2,4,76.79,2.416573348264277,0,0.3092184798097744,MEDIUM
26.29,22.02,10.53,62.82,52.59,22.28,Clear,Low,3,0,86.19,2.4966761633428303,0,0.30914705379187496,MEDIUM
110.19,17.44,23.99,43.35,38.7,17.79,Cloudy,Medium,4,2,83.06,4.593163818257607,0,0.309110507183315,MEDIUM
64.77,39.86,19.47,49.44,46.59,24.13,Clear,Medium,14,4,97.35,3.3266563944530048,1,0.309037563640231,MEDIUM
52.57,34.35,16.48,58.7,45.4,22.25,Clear,Low,1,5,76.14,3.1899271844660197,1,0.30902628379793234,MEDIUM
124.79,36.92,29.77,57.15,20.56,26.15,Cloudy,Medium,5,2,87.35,4.191803829358415,0,0.3087607283957889,MEDIUM
94.7,15.21,19.96,45.2,40.9,24.76,Cloudy,High,4,1,74.92,4.744488977955911,0,0.308505334702583,MEDIUM
96.91,34.58,24.44,50.95,41.38,21.19,Cloudy,Low,19,5,74.39,3.965220949263502,0,0.3083825344403531,MEDIUM
147.1,15.12,29.35,50.42,37.99,31.2,Cloudy,Medium,5,4,78.58,5.0119250425894375,0,0.30830174147848816,MEDIUM
39.45,35.53,10.5,37.85,31.32,23.14,Rain,Medium,9,3,87.14,3.7571428571428576,0,0.3081919421756226,MEDIUM
139.82,15.91,24.16,49.92,24.72,33.28,Cloudy,Low,1,2,74.61,5.787251655629139,0,0.30810761385125723,MEDIUM
148.03,20.62,27.92,49.43,25.51,25.33,Cloudy,Medium,19,2,77.2,5.301934097421203,0,0.3077416153660354,MEDIUM
69.55,25.9,17.08,50.54,47.29,24.84,Clear,Medium,10,1,86.95,4.072014051522248,0,0.3077007438368117,MEDIUM
131.59,37.64,28.46,47.78,37.93,32.95,Cloudy,Low,3,4,78.22,4.623682361208714,0,0.3074467924345982,MEDIUM
20.61,35.51,16.75,22.33,33.39,23.92,Heavy_Rain,Medium,1,2,75.9,1.23044776119403,1,0.307372413211568,MEDIUM
108.71,17.94,21.64,53.61,27.84,22.9,Clear,Medium,16,2,70.47,5.023567467652495,0,0.3068665995352572,MEDIUM
57.11,16.72,13.63,35.53,30.48,24.08,Clear,High,15,3,78.49,4.19002201027146,1,0.3066065301856284,MEDIUM
127.06,16.08,23.52,42.76,37.81,27.51,Cloudy,Medium,11,3,87.31,5.4022108843537415,1,0.3062526540961572,MEDIUM
31.61,21.15,11.17,36.5,39.42,24.17,Clear,High,6,0,78.73,2.829901521933751,0,0.3061285603132184,MEDIUM
134.26,15.48,25.34,48.4,42.0,18.35,Clear,Medium,12,1,87.48,5.298342541436464,0,0.3054681055685069,MEDIUM
116.5,29.87,26.17,46.48,42.13,17.57,Clear,Medium,8,3,76.27,4.451662208635843,0,0.30531911494840747,MEDIUM
51.0,33.23,17.38,34.57,38.68,26.25,Clear,Medium,9,4,73.46,2.934407364787112,1,0.30523611019163527,MEDIUM
54.25,25.55,14.81,50.65,33.9,28.77,Rain,Medium,14,3,73.83,3.663065496286293,1,0.3051505573309013,MEDIUM
113.17,28.65,24.3,39.48,31.97,21.37,Clear,Medium,15,0,82.57,4.657201646090535,0,0.3051414732843227,MEDIUM
117.53,35.85,28.47,45.34,30.64,26.17,Clear,Medium,8,2,80.59,4.128205128205129,0,0.30507756451750884,MEDIUM
53.13,27.66,16.24,41.84,39.92,26.35,Clear,Medium,19,5,69.22,3.2715517241379315,0,0.3049595159972889,MEDIUM
144.24,21.3,25.77,46.95,36.51,20.67,Clear,Medium,20,0,92.96,5.597206053550641,1,0.3046739303617619,MEDIUM
24.52,33.01,12.76,43.28,38.18,27.84,Rain,Medium,9,4,88.56,1.921630094043887,0,0.3039858697909219,MEDIUM
93.38,25.13,17.87,62.77,37.66,19.68,Cloudy,Low,20,5,88.38,5.225517627308338,0,0.3037100040918035,MEDIUM
107.9,31.4,27.24,40.67,39.97,31.72,Clear,Medium,8,1,80.18,3.961086637298092,0,0.3036698701651531,MEDIUM
54.24,19.34,14.1,40.58,26.8,31.8,Clear,High,18,4,75.1,3.846808510638298,1,0.30358804648996734,MEDIUM
145.39,39.08,31.11,45.17,39.6,21.07,Clear,Medium,6,2,71.09,4.673416907746705,1,0.3035767768297103,MEDIUM
56.36,17.41,11.27,51.72,31.7,23.76,Cloudy,Medium,4,5,89.72,5.000887311446318,0,0.3034448929421914,MEDIUM
31.85,22.92,7.77,39.17,22.41,30.4,Rain,Low,19,4,86.44,4.099099099099099,0,0.30328495979834047,MEDIUM
126.48,23.5,28.23,52.34,38.29,25.69,Clear,Medium,14,3,74.85,4.480340063761956,1,0.30277387026271746,MEDIUM
137.36,32.39,32.01,50.61,31.5,25.53,Clear,Medium,9,4,93.5,4.291159012808498,0,0.3027407006437599,MEDIUM
146.62,19.7,28.23,55.03,32.6,25.46,Clear,Medium,5,4,82.73,5.193765497697485,0,0.3026707335684046,MEDIUM
21.91,25.2,9.22,47.61,40.43,19.96,Rain,Medium,6,2,84.21,2.376355748373102,0,0.30265322196442423,MEDIUM
100.84,18.88,22.17,66.52,32.8,22.11,Clear,Low,20,5,81.92,4.5484889490302205,0,0.301849310473169,MEDIUM
82.67,35.76,20.22,46.64,52.51,25.71,Clear,Medium,1,2,77.02,4.088526211671613,0,0.3013202998677219,MEDIUM
89.72,33.86,23.2,35.53,32.49,24.19,Clear,High,12,0,78.67,3.867241379310345,0,0.3010496599364254,MEDIUM
91.58,25.37,21.35,38.48,26.99,24.73,Clear,High,12,4,89.63,4.289461358313817,0,0.3006169884772271,MEDIUM
128.13,21.48,24.08,42.09,40.52,27.99,Cloudy,Medium,19,4,83.12,5.321013289036545,1,0.30051480068250563,MEDIUM
123.72,39.6,30.3,46.46,26.01,25.1,Clear,Medium,17,0,92.78,4.083168316831683,0,0.3003741150635873,MEDIUM
72.93,17.2,18.84,39.73,37.49,27.21,Cloudy,Medium,5,5,96.29,3.871019108280255,0,0.30020223529113127,MEDIUM
89.69,24.65,21.27,55.53,31.29,21.84,Cloudy,Medium,13,5,71.91,4.216737188528444,0,0.2998016069909153,LOW
104.0,33.78,26.45,43.94,28.71,27.66,Cloudy,Medium,14,2,88.06,3.9319470699432895,1,0.29949258353188674,LOW
147.54,25.87,27.96,43.89,41.31,28.66,Cloudy,Low,9,4,75.01,5.276824034334764,0,0.2992211832261336,LOW
56.23,21.49,10.57,42.55,39.03,25.43,Clear,High,2,3,88.01,5.319772942289498,1,0.29910651171383734,LOW
68.06,15.17,10.71,44.61,27.83,22.1,Cloudy,Medium,20,4,87.98,6.354808590102707,1,0.29899635396291696,LOW
35.37,39.17,17.11,47.63,40.66,23.97,Cloudy,Medium,3,5,79.53,2.0672121566335475,0,0.2986144361819361,LOW
65.36,18.08,9.5,42.64,34.96,23.41,Rain,Low,19,2,74.37,6.88,0,0.2985405960728961,LOW
145.57,20.14,27.16,48.92,31.06,23.02,Clear,Medium,15,2,80.67,5.359720176730486,0,0.2983543288376856,LOW
76.75,26.56,20.61,47.32,42.24,31.7,Rain,Medium,19,4,86.82,3.723920426977196,0,0.2974935503647157,LOW
68.2,36.44,19.22,39.33,23.57,27.92,Clear,Medium,16,7,98.49,3.548387096774194,0,0.2968597440674011,LOW
118.88,26.04,20.45,50.68,31.14,26.01,Clear,Medium,7,3,81.64,5.81320293398533,0,0.29582223789038675,LOW
142.16,20.29,27.7,41.13,39.34,32.54,Clear,Medium,4,2,86.67,5.132129963898917,1,0.2957245049293634,LOW
118.95,29.41,23.11,52.63,32.38,22.56,Clear,Medium,13,3,76.87,5.147122457810472,0,0.295723778512049,LOW
113.38,23.24,22.06,47.71,30.89,20.38,Cloudy,Medium,8,1,84.33,5.1396192203082505,0,0.2957091582192299,LOW
65.45,22.7,13.95,44.67,31.63,28.48,Clear,High,16,4,73.02,4.691756272401435,0,0.2956515857756711,LOW
140.75,27.16,27.74,49.28,33.57,18.01,Rain,Low,12,4,98.55,5.073900504686374,1,0.29563909183640164,LOW
24.34,38.99,13.74,40.29,26.79,27.21,Cloudy,Medium,8,5,87.24,1.7714701601164482,1,0.29553285969575477,LOW
148.94,37.38,33.88,60.69,55.75,24.21,Clear,Low,6,3,83.9,4.396103896103896,1,0.2954452293758226,LOW
38.91,35.65,12.65,44.39,26.91,25.94,Clear,Medium,5,5,72.21,3.0758893280632407,0,0.29544096170560524,LOW
82.74,28.68,18.43,59.19,34.85,23.86,Cloudy,Low,12,5,74.9,4.489419424850786,0,0.2952984325331728,LOW
124.92,26.94,26.67,48.97,38.54,25.2,Clear,Medium,8,2,77.36,4.683914510686164,0,0.2949381559428806,LOW
121.01,21.16,24.88,57.55,39.91,24.29,Clear,Medium,8,3,84.61,4.863745980707396,1,0.29483351973630356,LOW
140.2,38.45,31.69,46.06,37.13,28.76,Clear,Medium,19,4,100.0,4.424108551593562,0,0.294510466502803,LOW
85.58,21.43,18.32,60.06,39.2,17.73,Rain,Low,1,3,93.46,4.671397379912664,0,0.29434845777275376,LOW
129.61,25.74,22.26,50.71,20.25,23.13,Cloudy,Low,18,4,95.35,5.822551662174304,0,0.2943079374268177,LOW
58.11,16.83,13.46,53.33,23.94,26.29,Clear,Medium,9,6,93.19,4.317236255572065,1,0.29392331215229806,LOW
113.41,34.07,26.49,54.56,37.09,17.99,Clear,Medium,9,3,74.77,4.281238203095508,0,0.2939169173319687,LOW
33.89,35.77,14.21,43.62,28.65,28.93,Clear,Medium,7,5,74.88,2.38494018296974,1,0.2938963683753783,LOW
104.32,22.94,22.4,51.77,33.63,23.26,Clear,Medium,16,2,87.27,4.6571428571428575,0,0.29367685315366204,LOW
40.6,32.87,14.4,40.0,31.3,28.96,Clear,High,7,3,74.02,2.8194444444444446,0,0.2936540304618442,LOW
74.11,16.8,20.06,42.86,33.74,23.78,Clear,High,3,1,76.12,3.694416749750748,0,0.29326679925908933,LOW
96.93,29.61,21.26,39.86,23.54,23.34,Rain,Medium,9,3,82.84,4.559266227657573,1,0.29321694121398034,LOW
75.87,24.94,18.4,57.26,54.48,22.74,Clear,Medium,15,3,83.28,4.123369565217392,0,0.29295865666119886,LOW
71.23,34.51,22.93,50.67,35.52,25.11,Cloudy,Low,9,5,75.74,3.106410815525513,1,0.2929061516748716,LOW
75.78,35.17,20.61,50.17,30.92,31.87,Cloudy,Low,15,8,84.93,3.676855895196507,1,0.29289746227627034,LOW
128.98,22.54,24.63,50.3,41.74,28.41,Clear,Low,3,4,75.23,5.236703207470564,0,0.29271835039364735,LOW
51.09,39.03,17.15,41.17,36.34,21.49,Rain,Medium,18,3,91.52,2.9790087463556856,0,0.29213363242363205,LOW
28.91,21.82,6.12,51.95,20.42,28.66,Cloudy,Low,1,5,85.66,4.723856209150327,0,0.29202838412407606,LOW
73.25,23.11,15.49,44.57,41.23,24.25,Cloudy,Medium,16,5,82.72,4.72885732730794,0,0.29184156963503477,LOW
81.4,20.07,18.78,44.69,46.5,21.43,Cloudy,Low,15,3,81.69,4.334398296059638,1,0.29169600132550805,LOW
69.31,16.45,17.06,45.47,46.21,24.77,Cloudy,Low,9,0,87.47,4.06271981242673,1,0.2916659680229795,LOW
124.01,19.59,23.2,47.26,29.3,27.98,Clear,Medium,14,3,91.55,5.345258620689656,0,0.29132409686603716,LOW
61.98,25.46,14.37,47.59,51.06,16.4,Clear,Medium,10,4,84.28,4.313152400835073,0,0.291182063254194,LOW
135.27,21.63,21.42,52.62,38.46,28.09,Cloudy,Low,19,1,85.32,6.315126050420168,0,0.2908128697041043,LOW
133.13,31.32,28.01,45.31,25.01,27.74,Clear,Medium,13,3,60.96,4.752945376651196,0,0.2907415928625077,LOW
35.33,25.36,11.9,37.53,32.88,28.85,Clear,High,9,2,80.32,2.9689075630252098,1,0.2906268974431053,LOW
143.31,29.1,31.58,46.89,28.6,24.49,Cloudy,Medium,6,2,71.72,4.537998733375554,1,0.2900599107128087,LOW
84.84,39.8,21.74,55.19,39.37,23.38,Clear,Medium,9,6,84.68,3.902483900643975,0,0.28985189055318433,LOW
145.72,15.66,24.77,47.34,43.69,34.66,Clear,High,19,1,84.69,5.88292289059346,0,0.28984305055848153,LOW
121.01,27.05,27.52,51.09,36.17,22.33,Clear,Medium,9,3,85.37,4.397165697674419,0,0.28983589607361987,LOW
76.0,28.13,20.38,39.91,47.26,27.2,Cloudy,Medium,9,2,79.37,3.729146221786065,0,0.28980486241465003,LOW
95.93,32.08,28.47,35.53,50.03,25.8,Clear,Medium,18,2,73.31,3.369511766772041,1,0.2893907479315513,LOW
34.85,38.99,13.95,47.22,34.34,24.73,Clear,High,11,3,65.68,2.49820788530466,0,0.28935688003089055,LOW
50.15,19.29,11.22,52.93,50.75,19.79,Cloudy,Low,10,4,72.16,4.46969696969697,0,0.28921641951397936,LOW
146.87,30.93,30.67,52.37,27.97,23.94,Clear,Medium,17,3,93.49,4.788718617541571,0,0.2890577601457251,LOW
125.06,19.4,23.79,41.71,31.72,29.38,Cloudy,Medium,15,1,87.49,5.256830601092896,1,0.28888772829896625,LOW
70.09,24.87,15.38,59.49,40.07,25.81,Cloudy,Low,10,5,82.46,4.557217165149545,1,0.28880151868681314,LOW
77.77,38.82,23.59,41.92,38.2,25.13,Rain,Medium,12,2,83.56,3.2967359050445104,1,0.2886957783490177,LOW
138.57,37.13,28.29,46.14,23.65,30.82,Cloudy,Medium,17,4,85.22,4.898197242841993,0,0.28827777341550626,LOW
73.51,27.31,16.48,38.03,43.39,17.88,Clear,High,10,1,75.44,4.460558252427185,0,0.2875496214561144,LOW
90.68,38.49,21.49,37.04,29.54,22.6,Rain,Low,18,3,76.66,4.2196370404839465,0,0.28745994212062725,LOW
59.03,31.85,16.07,44.63,40.64,20.2,Cloudy,Low,1,5,82.18,3.673304293714997,0,0.2874340394000084,LOW
115.21,26.56,26.09,50.4,38.26,20.86,Cloudy,Low,3,4,80.07,4.415868148715983,1,0.2873899246950596,LOW
125.32,21.92,28.45,52.6,35.54,29.5,Clear,Low,3,5,81.88,4.404920913884007,0,0.2872910510452432,LOW
87.5,30.28,16.81,46.0,35.24,29.46,Clear,High,9,8,82.53,5.20523497917906,1,0.2868159687550037,LOW
126.76,34.38,30.14,47.13,28.1,27.97,Clear,Medium,6,1,88.56,4.205706702057067,0,0.28668892264188106,LOW
71.66,27.76,15.83,45.55,44.54,28.04,Rain,Low,20,4,88.99,4.526847757422615,0,0.28630765745205017,LOW
121.43,36.44,29.15,51.43,40.86,31.56,Clear,Medium,18,2,68.47,4.165694682675815,1,0.2858627558265963,LOW
85.55,32.92,20.76,49.78,30.1,25.5,Clear,High,10,4,74.31,4.120905587668593,0,0.28577789287897903,LOW
46.34,39.83,16.17,43.59,27.57,19.07,Cloudy,Medium,9,4,84.85,2.865800865800866,0,0.2856281032252171,LOW
73.75,29.58,15.29,46.28,33.91,21.05,Clear,Medium,13,6,86.65,4.823413996075867,0,0.2854708533112758,LOW
62.16,16.93,14.36,54.47,33.83,23.93,Clear,Medium,11,6,79.63,4.328690807799443,0,0.28531770084110186,LOW
41.09,18.5,10.49,34.89,32.23,26.77,Cloudy,Low,2,0,77.95,3.917063870352717,0,0.2853107600919398,LOW
101.02,26.6,22.02,65.72,29.87,25.2,Clear,Medium,2,3,84.35,4.587647593097184,0,0.28504900451877035,LOW
30.63,23.31,8.83,50.4,48.48,23.99,Cloudy,Low,19,2,78.0,3.46885617214043,0,0.2848160867884919,LOW
117.84,26.67,26.44,41.84,32.68,29.06,Cloudy,Medium,12,3,77.17,4.4568835098335855,1,0.2842461947866928,LOW
63.38,32.35,15.73,42.49,26.61,26.68,Clear,High,9,1,71.44,4.029243483788939,0,0.284151697284108,LOW
148.37,25.27,26.38,47.72,41.72,19.94,Cloudy,Medium,4,1,82.38,5.624336618650493,0,0.2839726148402408,LOW
32.55,19.29,10.1,41.3,37.53,28.53,Heavy_Rain,Low,9,3,81.93,3.2227722772277225,0,0.2838418420476653,LOW
86.88,29.58,21.49,39.41,23.01,25.14,Clear,Medium,2,5,81.41,4.042810609585854,0,0.2838274688583837,LOW
38.89,34.51,16.32,42.23,42.86,25.43,Cloudy,Low,11,5,83.06,2.3829656862745097,0,0.2837879837158785,LOW
42.14,31.34,16.58,41.17,31.04,31.94,Cloudy,Medium,7,5,91.17,2.5416164053076,1,0.28350102802295013,LOW
100.76,23.75,19.57,38.99,29.73,29.36,Clear,Medium,7,2,86.86,5.148696985181401,0,0.28334358429120277,LOW
131.36,18.03,24.9,49.84,37.64,21.79,Cloudy,Low,11,4,73.8,5.275502008032129,0,0.28316308910067756,LOW
23.42,27.92,11.59,37.73,37.78,30.8,Clear,High,4,1,83.51,2.020707506471096,0,0.2830954595447682,LOW
94.94,25.32,21.39,40.71,36.19,23.28,Cloudy,High,4,4,90.72,4.438522674146797,1,0.2830712590956672,LOW
93.41,32.66,19.03,57.23,43.65,37.39,Cloudy,Medium,3,1,77.2,4.90856542301629,0,0.28304831344565656,LOW
92.4,22.87,18.43,48.51,43.86,28.49,Cloudy,Medium,3,3,91.24,5.013564839934889,0,0.2826194377081157,LOW
125.24,33.32,23.85,47.61,25.71,15.93,Clear,Medium,18,4,88.19,5.2511530398322845,0,0.2825828142232719,LOW
98.45,35.02,23.66,52.18,23.18,27.67,Rain,Low,1,0,86.79,4.161031276415892,1,0.28251492103346326,LOW
20.96,21.84,7.58,42.36,42.72,23.25,Clear,High,13,1,84.05,2.7651715039577835,0,0.2822956008742006,LOW
76.31,29.94,18.69,41.18,36.4,25.09,Heavy_Rain,Low,19,3,80.69,4.082932049224184,0,0.28221568519475565,LOW
90.42,33.51,22.94,39.67,34.28,30.06,Rain,Low,10,4,71.6,3.9415867480383606,0,0.28210302759806477,LOW
99.34,25.17,21.56,54.04,37.71,25.7,Rain,Medium,11,3,83.19,4.607606679035251,0,0.2820866869529185,LOW
49.02,37.44,16.37,44.99,51.54,22.48,Clear,Medium,2,1,84.69,2.994502138057422,0,0.2819405384288375,LOW
88.57,20.18,17.39,58.11,42.47,20.83,Clear,Low,19,5,75.58,5.093156986774008,0,0.2818106780364554,LOW
92.25,31.4,19.59,39.84,33.38,31.31,Cloudy,Medium,1,4,79.05,4.709035222052068,0,0.2817950954430748,LOW
140.2,28.17,26.28,47.6,31.44,22.03,Cloudy,Medium,14,1,76.26,5.334855403348554,0,0.2817384617801028,LOW
76.05,25.94,16.74,43.66,39.56,25.96,Clear,High,4,3,73.44,4.543010752688172,1,0.281696489647941,LOW
28.04,31.26,7.65,58.95,33.25,26.75,Cloudy,Low,12,5,78.1,3.665359477124183,0,0.2814873109193405,LOW
39.83,37.7,14.3,45.55,41.88,27.5,Cloudy,Medium,4,5,83.75,2.785314685314685,0,0.281439405999677,LOW
99.52,28.88,23.12,38.67,41.42,31.42,Cloudy,Medium,20,1,83.04,4.304498269896193,0,0.28123644573732726,LOW
121.83,15.18,20.96,48.45,45.02,28.52,Clear,Low,18,0,81.88,5.8125,0,0.2811657382559608,LOW
141.88,17.93,24.97,50.36,32.38,28.04,Cloudy,Low,15,4,84.1,5.682018422106528,0,0.28112591947229215,LOW
78.97,25.3,15.87,50.76,46.4,14.43,Rain,Medium,16,2,81.3,4.976055450535602,0,0.2811080727833259,LOW
78.46,25.07,16.65,50.32,35.09,27.09,Clear,Medium,20,6,89.21,4.712312312312313,1,0.2809854263113326,LOW
45.9,27.67,12.2,60.32,38.13,28.99,Clear,Medium,13,6,90.27,3.762295081967213,0,0.2805650126542995,LOW
82.82,20.88,17.84,45.11,31.77,15.81,Cloudy,Medium,11,5,88.31,4.6423766816143495,1,0.2803275610234573,LOW
51.66,25.38,16.57,41.96,37.35,28.51,Cloudy,Medium,16,5,80.18,3.1176825588412798,1,0.2802879394292121,LOW
31.5,21.6,6.09,52.93,42.95,21.01,Rain,Low,19,2,84.05,5.172413793103448,1,0.2802139247383668,LOW
82.99,33.31,19.07,40.89,35.38,24.14,Clear,High,18,2,100.0,4.35186156266387,0,0.2800722711025357,LOW
131.28,28.26,27.72,55.3,42.61,27.63,Clear,Medium,20,1,92.31,4.7359307359307365,0,0.27994940376957755,LOW
117.13,31.87,24.06,49.99,36.14,20.38,Cloudy,Medium,15,3,70.67,4.868246051537822,0,0.27973833461646513,LOW
114.89,39.12,26.77,57.58,22.54,29.53,Cloudy,Low,5,4,77.77,4.291744490100859,0,0.27945031290913086,LOW
37.77,21.02,11.87,45.11,43.92,21.59,Clear,High,19,1,71.33,3.1819713563605734,1,0.27909000424560493,LOW
137.29,18.94,24.18,64.83,24.15,22.69,Rain,Low,15,1,74.96,5.677832919768403,0,0.2790578491283037,LOW
27.43,20.75,9.83,52.96,37.92,22.57,Cloudy,Low,9,5,78.3,2.790437436419125,0,0.2789262008239828,LOW
132.43,34.83,28.73,54.25,38.41,26.06,Clear,Medium,6,3,86.83,4.609467455621302,1,0.27882445644608655,LOW
136.28,16.23,23.51,53.45,31.34,30.27,Cloudy,Low,3,2,83.59,5.796682262866865,0,0.27871418091713307,LOW
43.84,26.14,13.82,49.58,49.25,30.24,Clear,Medium,13,4,89.96,3.1722141823444288,1,0.27854457814052863,LOW
43.17,21.38,14.59,42.17,26.07,21.48,Clear,Medium,13,5,93.5,2.95887594242632,0,0.27835420432007724,LOW
131.54,23.47,26.89,59.39,30.91,37.64,Clear,Medium,3,4,79.95,4.891781331349944,1,0.2782570406615086,LOW
122.55,17.89,27.49,55.5,25.72,26.46,Cloudy,Medium,4,3,79.34,4.457984721716988,0,0.27816736549060844,LOW
32.49,28.82,10.08,47.17,38.43,24.5,Clear,High,20,1,88.64,3.223214285714286,0,0.2776934929041233,LOW
98.74,24.58,21.27,52.38,31.01,24.14,Rain,Low,1,4,87.58,4.642219087917254,0,0.27766754586298176,LOW
75.51,37.9,22.07,36.16,36.19,27.57,Rain,Low,10,2,93.54,3.4213864975079296,0,0.2771977039948843,LOW
79.56,35.37,22.11,35.5,33.92,34.15,Rain,Low,11,4,80.62,3.598371777476255,1,0.27689986205761286,LOW
98.04,26.77,23.95,53.92,26.91,20.78,Clear,Medium,12,5,70.03,4.093528183716075,0,0.2768694928959457,LOW
62.78,39.96,20.53,35.49,35.36,17.8,Clear,High,15,3,85.98,3.0579639551875304,1,0.27686315327670574,LOW
135.87,31.25,30.52,54.98,42.42,27.95,Cloudy,Low,11,4,77.47,4.451834862385321,0,0.2767652514783872,LOW
40.36,38.12,15.57,46.46,40.73,24.21,Clear,High,18,1,81.14,2.592164418754014,0,0.2767221389302046,LOW
142.93,25.73,27.16,52.73,36.32,30.47,Clear,Medium,4,0,77.72,5.262518409425626,1,0.2763894151243811,LOW
66.89,21.87,16.08,47.26,37.11,22.29,Clear,High,17,1,95.38,4.159825870646767,0,0.27629161634878363,LOW
61.35,22.02,15.97,47.05,28.8,21.75,Clear,High,7,3,83.71,3.841577958672511,0,0.27574790802075905,LOW
32.67,23.58,9.47,38.94,35.05,35.36,Cloudy,Medium,4,0,76.55,3.4498416050686376,0,0.275626136500386,LOW
144.59,32.22,29.82,60.61,43.24,34.92,Clear,Low,5,3,71.25,4.848759221998659,0,0.2753882725525766,LOW
134.75,36.54,32.39,48.93,31.88,24.8,Cloudy,Medium,13,3,76.9,4.160234640321087,0,0.2752686722560058,LOW
25.04,22.7,7.28,52.43,26.13,27.03,Clear,Medium,9,6,81.8,3.4395604395604398,0,0.2752092327366645,LOW
93.66,18.96,19.84,48.58,33.29,20.51,Cloudy,Medium,3,0,92.4,4.720766129032258,0,0.27491756595362704,LOW
111.41,19.16,16.64,53.04,36.37,31.94,Cloudy,Low,3,2,88.88,6.6953125,1,0.2745194506918368,LOW
45.89,25.45,10.81,45.02,27.03,24.21,Clear,Medium,17,5,81.28,4.245143385753932,0,0.2744853677793886,LOW
88.86,21.57,18.35,54.1,28.12,28.99,Cloudy,Low,4,7,89.46,4.8425068119891,0,0.2744043965364211,LOW
49.43,25.28,12.83,39.04,48.32,10.0,Rain,Low,14,3,86.58,3.8526890101325018,1,0.2743433668164063,LOW
62.97,28.9,20.21,39.35,24.87,28.12,Rain,Medium,11,2,95.87,3.11578426521524,0,0.2734957452537062,LOW
124.26,27.51,28.8,49.79,35.25,30.63,Cloudy,Medium,13,4,84.01,4.314583333333333,0,0.27349142712259134,LOW
29.3,17.05,9.71,47.02,40.58,21.2,Cloudy,Low,8,6,81.25,3.0175077239958803,0,0.27333401987285855,LOW
98.47,34.33,23.54,39.93,33.3,25.08,Rain,Low,6,3,76.81,4.183092608326254,1,0.2731132744575432,LOW
96.65,36.91,25.85,40.73,35.67,31.01,Clear,High,3,0,81.76,3.738878143133462,0,0.27294546036226175,LOW
65.67,38.54,20.64,34.92,29.23,21.2,Clear,Medium,5,3,73.62,3.181686046511628,0,0.2729157931535064,LOW
22.44,32.31,9.26,35.92,35.72,25.03,Rain,Low,2,0,95.78,2.4233261339092875,0,0.2728821867020182,LOW
54.22,38.4,15.61,42.8,35.43,26.69,Clear,Medium,4,7,82.87,3.4734144778987828,1,0.27280633196481946,LOW
92.65,19.39,20.37,46.24,42.21,23.76,Rain,Low,18,4,88.46,4.548355424644084,1,0.2718836987691737,LOW
85.26,16.13,18.62,45.67,36.04,17.84,Clear,High,9,4,67.2,4.578947368421053,1,0.27180941272652165,LOW
101.36,37.37,24.46,48.49,34.78,29.73,Clear,Medium,7,2,80.84,4.143908421913328,0,0.27169845108690494,LOW
107.95,22.2,18.04,42.2,28.3,31.94,Cloudy,Medium,18,2,87.54,5.983924611973393,1,0.27169768052993415,LOW
146.14,28.9,31.05,58.63,38.15,24.84,Clear,Medium,5,1,76.37,4.706602254428341,0,0.2715945616685081,LOW
31.05,36.21,13.84,46.35,36.82,21.85,Clear,High,18,3,97.37,2.2434971098265897,0,0.2714957142419448,LOW
144.65,22.63,24.73,57.61,38.21,28.45,Cloudy,Low,4,1,83.86,5.849171047310959,1,0.27147602383097535,LOW
35.57,21.06,11.4,45.42,48.04,17.35,Clear,Medium,18,0,83.8,3.1201754385964917,1,0.2714640390010019,LOW
74.61,31.14,16.67,42.66,36.59,28.24,Clear,High,12,2,93.05,4.475704859028194,0,0.2713916908986672,LOW
95.33,17.94,18.95,47.13,37.67,27.95,Rain,Low,3,3,83.35,5.030606860158311,0,0.27136008587834876,LOW
60.18,32.77,16.46,55.38,33.15,15.77,Cloudy,Low,6,6,82.42,3.656136087484811,0,0.271137291079198,LOW
27.5,24.1,8.75,46.94,45.81,22.37,Clear,Medium,7,3,65.23,3.142857142857143,0,0.27107527018315786,LOW
32.74,17.79,6.83,61.3,48.49,25.78,Clear,Low,11,2,62.86,4.793557833089312,0,0.2710635327036986,LOW
94.18,15.78,17.93,56.75,36.93,30.26,Cloudy,Medium,5,8,100.0,5.252649191299499,1,0.2709892500037054,LOW
37.97,30.5,13.86,49.95,27.31,26.11,Cloudy,Low,11,6,92.83,2.7395382395382395,0,0.27088602583706045,LOW
125.96,27.64,24.23,50.63,31.78,32.35,Cloudy,Medium,17,0,77.84,5.198514238547255,0,0.2708834977604089,LOW
129.82,27.06,26.06,39.28,23.0,36.38,Clear,Low,11,3,87.66,4.981580966999233,0,0.2700176180120475,LOW
112.91,16.54,23.61,53.54,35.15,26.51,Cloudy,Low,18,4,78.03,4.782295637441762,1,0.2699593901295276,LOW
20.75,34.75,11.52,52.35,37.54,34.83,Clear,Medium,1,6,69.7,1.801215277777778,0,0.269835348200049,LOW
29.46,32.98,8.8,60.14,39.89,25.45,Clear,Medium,12,5,91.04,3.3477272727272727,0,0.2698142772925298,LOW
27.48,37.12,11.55,45.53,40.43,29.23,Rain,Medium,10,1,69.03,2.379220779220779,0,0.26968998719330445,LOW
86.75,26.41,21.66,38.76,32.96,33.44,Rain,Low,12,1,69.21,4.005078485687904,0,0.2694355316574373,LOW
72.37,16.89,15.38,51.35,41.37,18.16,Clear,Low,12,6,76.89,4.705461638491547,0,0.2694214270596552,LOW
55.65,19.15,10.75,51.27,40.22,18.5,Clear,High,2,2,92.01,5.176744186046512,0,0.2693910905298124,LOW
91.75,22.23,18.75,50.49,21.92,22.61,Clear,High,17,3,81.72,4.8933333333333335,0,0.2691451118828411,LOW
81.03,19.92,14.18,37.41,27.77,30.19,Clear,High,17,4,77.19,5.714386459802539,0,0.26912862641605545,LOW
31.54,18.04,7.08,49.25,40.64,23.31,Clear,High,19,3,91.8,4.454802259887005,0,0.26904426634048906,LOW
74.15,29.69,16.06,39.61,37.46,33.85,Rain,Low,7,3,78.23,4.617061021170611,0,0.26831536177218956,LOW
114.26,36.45,24.17,56.67,36.92,23.51,Clear,Medium,16,4,96.49,4.727347952006619,0,0.26781804026668177,LOW
24.23,31.64,14.37,39.61,45.42,20.4,Clear,Medium,13,2,93.14,1.6861517049408492,0,0.26746379813417104,LOW
31.68,30.06,10.97,42.64,42.18,24.59,Clear,Medium,16,6,88.7,2.8878760255241565,0,0.26731394256308405,LOW
76.53,22.06,18.46,57.44,46.67,18.86,Clear,Low,3,3,76.94,4.145720476706392,1,0.2672826883282457,LOW
77.87,28.53,19.41,51.46,37.07,25.91,Clear,Medium,13,6,82.22,4.011849562081402,0,0.26712969999369024,LOW
90.46,17.34,17.52,51.01,15.2,28.78,Rain,Low,1,4,75.92,5.16324200913242,0,0.2671182224444822,LOW
140.63,19.7,27.13,62.67,25.83,25.16,Clear,Low,2,0,98.24,5.183560633984519,0,0.2669672207357539,LOW
74.33,32.9,17.75,49.64,33.46,18.17,Cloudy,Low,8,5,94.37,4.187605633802817,0,0.26671997222895694,LOW
79.66,22.18,14.07,42.63,37.34,22.6,Rain,Low,20,3,88.7,5.6616915422885565,0,0.2662866467066861,LOW
22.43,20.56,9.29,41.5,38.0,14.31,Cloudy,Medium,14,7,100.0,2.414424111948332,1,0.26608873800395927,LOW
107.94,30.11,24.27,46.46,36.08,36.11,Clear,Medium,10,3,76.39,4.447466007416564,0,0.2660751915129136,LOW
137.33,31.95,29.24,46.33,39.8,31.58,Clear,Medium,10,4,83.39,4.696648426812586,0,0.2659819852147504,LOW
76.73,23.12,18.18,43.45,49.85,13.93,Clear,High,10,2,82.6,4.220572057205721,1,0.26583314527758045,LOW
140.49,21.88,26.28,57.47,24.56,31.33,Clear,Medium,6,3,92.63,5.345890410958904,0,0.264887856638079,LOW
111.42,33.43,24.4,58.06,21.63,28.41,Clear,Low,18,2,81.46,4.566393442622951,0,0.2647643127080711,LOW
26.21,36.43,10.61,42.42,32.29,16.3,Clear,Medium,5,5,85.38,2.470311027332705,0,0.26462907269841474,LOW
94.99,25.42,24.17,39.67,37.02,28.84,Heavy_Rain,Medium,14,3,85.28,3.930078609846917,0,0.26459645605854487,LOW
148.96,36.09,35.08,48.06,27.69,26.41,Clear,High,11,2,72.29,4.246294184720639,0,0.2645902893847849,LOW
33.6,26.51,12.19,49.76,40.9,26.2,Cloudy,Low,5,6,79.2,2.7563576702214934,0,0.26373938520876017,LOW
113.02,30.64,18.72,70.0,35.94,35.17,Clear,Low,7,1,77.23,6.037393162393163,0,0.2632999590381664,LOW
145.93,31.59,30.71,62.23,29.31,20.01,Clear,Medium,7,1,73.12,4.751872354281993,0,0.2632411822019568,LOW
36.81,19.27,5.28,49.58,38.27,24.71,Clear,Low,19,4,76.41,6.971590909090909,0,0.26289123030876466,LOW
27.95,29.21,9.33,51.84,23.32,20.49,Cloudy,Low,2,5,99.82,2.995712754555198,1,0.2628868777845427,LOW
47.96,19.41,13.08,40.47,30.9,31.5,Clear,Medium,1,5,82.73,3.6666666666666665,0,0.2626650196817572,LOW
141.66,25.92,27.66,50.07,39.05,28.71,Cloudy,Low,5,2,74.58,5.121475054229935,0,0.26221857815851485,LOW
143.22,21.0,31.13,52.59,36.3,27.41,Cloudy,Low,11,2,76.35,4.600706713780919,0,0.262022133522541,LOW
35.25,32.73,11.19,46.24,45.2,26.23,Rain,Low,17,0,82.4,3.1501340482573728,0,0.2618339303487478,LOW
54.71,19.11,15.93,49.62,39.71,20.01,Cloudy,Low,11,5,90.7,3.4344005021971125,0,0.26136841577237196,LOW
68.27,18.89,18.52,48.35,32.72,20.39,Rain,Low,20,3,86.85,3.686285097192224,0,0.26135201524169327,LOW
72.71,34.04,17.08,44.76,40.69,21.42,Clear,High,18,3,95.4,4.257025761124122,0,0.26130894556448186,LOW
24.07,15.98,7.02,46.89,37.54,19.18,Rain,Low,7,1,78.57,3.428774928774929,0,0.26128241418136056,LOW
29.52,27.78,8.94,51.77,45.87,21.59,Cloudy,Low,16,3,90.94,3.302013422818792,1,0.2612188064453556,LOW
82.61,31.18,20.06,46.07,31.92,28.89,Clear,Medium,15,5,92.87,4.11814556331007,0,0.2612012980733443,LOW
93.13,18.73,18.75,55.7,27.63,34.94,Clear,Low,10,5,78.1,4.966933333333333,0,0.2606897836837181,LOW
139.81,25.64,26.85,55.55,35.95,23.09,Cloudy,Low,1,2,83.75,5.20707635009311,0,0.2606122349839329,LOW
46.54,27.28,12.83,52.17,50.61,20.83,Cloudy,Low,11,2,87.52,3.627435697583788,0,0.26058223255996027,LOW
99.62,27.27,19.83,54.26,35.94,29.21,Clear,Low,19,7,66.89,5.023701462430661,1,0.26021095871124844,LOW
91.41,26.51,19.74,57.65,38.22,29.64,Clear,Medium,17,5,86.82,4.630699088145897,0,0.2601477941451435,LOW
94.74,21.28,19.65,47.44,41.31,20.31,Cloudy,Medium,1,3,92.62,4.821374045801527,0,0.2601305243671338,LOW
52.79,23.57,13.29,59.7,37.33,22.78,Rain,Low,7,2,81.14,3.9721595184349137,0,0.25999328568960883,LOW
97.86,16.43,22.16,45.51,48.1,27.09,Cloudy,Medium,19,3,71.6,4.416064981949458,0,0.25966237769002626,LOW
48.29,15.04,16.16,47.01,39.44,21.16,Clear,Medium,10,4,77.53,2.9882425742574257,0,0.25946184276758477,LOW
118.49,29.79,24.46,56.37,25.81,27.56,Cloudy,Low,5,3,77.62,4.844235486508585,0,0.2593838894609771,LOW
97.23,38.93,26.68,42.67,27.99,25.62,Clear,High,1,4,77.96,3.644302848575713,0,0.2593500329641446,LOW
80.08,25.38,17.31,49.27,50.82,28.29,Clear,Medium,20,2,79.62,4.626227614095899,0,0.25922911258839865,LOW
35.12,38.65,16.83,61.51,42.84,20.54,Clear,Low,2,5,88.64,2.0867498514557337,0,0.25918737967512284,LOW
28.53,25.56,11.98,56.2,46.98,20.24,Cloudy,Low,10,4,73.47,2.3814691151919867,0,0.25893957497516407,LOW
95.18,39.12,24.77,54.11,42.29,25.84,Clear,Low,2,5,75.36,3.842551473556722,1,0.25892547123069,LOW
134.05,15.77,26.63,48.92,30.8,17.91,Clear,Low,5,5,90.17,5.033796470146452,1,0.2582773604791984,LOW
44.71,31.2,15.17,45.58,37.53,18.54,Clear,Medium,9,5,90.54,2.94726433750824,0,0.25824230974357476,LOW
42.13,29.28,12.55,41.28,37.18,33.2,Clear,Medium,18,6,80.58,3.3569721115537847,0,0.25805017261771745,LOW
46.02,19.28,13.14,44.46,29.9,19.32,Rain,Low,16,2,90.11,3.502283105022831,0,0.25751231386089046,LOW
80.66,28.33,18.83,63.79,30.2,27.33,Cloudy,Low,20,5,83.89,4.283590015932024,1,0.25743227367067484,LOW
129.89,36.88,24.93,57.37,23.33,29.95,Clear,Low,1,1,95.19,5.210188527878058,0,0.25741271253369197,LOW
66.02,36.5,19.45,68.65,35.53,24.12,Clear,Low,4,7,75.96,3.394344473007712,0,0.25709298894644617,LOW
25.48,30.83,11.08,51.33,34.9,25.54,Rain,Low,18,4,80.44,2.299638989169675,0,0.25695969450302664,LOW
100.35,32.49,23.28,42.82,35.41,17.94,Cloudy,Low,13,4,82.48,4.310567010309278,1,0.25692210707352015,LOW
132.55,28.76,24.31,51.39,34.42,26.92,Clear,Medium,12,1,91.67,5.452488687782807,0,0.2567486162148243,LOW
86.09,22.63,15.93,44.97,36.8,24.15,Rain,Low,6,2,88.84,5.404268675455117,0,0.2565139643860327,LOW
130.31,38.31,29.17,54.03,30.2,27.4,Cloudy,Low,7,3,82.9,4.467260884470346,1,0.2564253789517943,LOW
44.93,15.4,12.41,51.33,23.1,21.31,Clear,Medium,1,5,68.8,3.620467365028203,1,0.2564014127473717,LOW
120.24,24.31,27.07,58.07,31.6,34.53,Clear,Medium,4,3,88.86,4.441817510158847,0,0.2563406328369433,LOW
49.85,36.77,14.41,38.91,36.07,24.69,Rain,Low,10,1,81.88,3.45940319222762,0,0.2562554023742813,LOW
106.3,33.82,22.58,56.14,41.83,27.6,Clear,Low,2,2,76.06,4.70770593445527,0,0.2561705065870778,LOW
139.8,22.66,26.07,56.73,44.24,13.5,Cloudy,Medium,17,2,84.98,5.362485615650173,1,0.25608001902103195,LOW
37.82,16.13,8.1,40.49,39.8,24.1,Cloudy,Medium,13,2,88.66,4.669135802469136,0,0.25603398546173955,LOW
89.76,26.95,20.59,45.14,30.88,23.53,Clear,High,15,2,93.0,4.35939776590578,0,0.25599661600434587,LOW
126.1,33.31,32.06,62.72,39.71,24.29,Clear,Medium,10,0,81.65,3.933250155957579,0,0.2558546369847953,LOW
47.95,31.34,16.18,55.88,51.36,21.72,Clear,Low,17,4,88.83,2.9635352286773795,0,0.2558100283081974,LOW
68.85,22.38,14.47,61.46,31.4,27.71,Clear,Low,16,5,77.13,4.7581202487906005,0,0.2557261450935826,LOW
23.1,38.2,11.96,43.96,24.22,25.76,Cloudy,Low,15,5,86.18,1.931438127090301,1,0.2557123526636727,LOW
35.28,39.13,15.11,43.3,29.23,19.1,Clear,Medium,3,2,95.86,2.334877564526804,0,0.255587895996689,LOW
92.1,39.34,23.83,50.65,49.46,22.11,Clear,Low,1,2,75.08,3.8648762064624425,0,0.25505651887915065,LOW
91.25,18.79,16.56,37.91,39.65,23.6,Cloudy,Medium,11,3,74.29,5.510265700483092,1,0.2545671905935022,LOW
27.14,35.56,11.22,60.09,33.75,28.68,Clear,Low,10,5,72.43,2.4188948306595366,0,0.2543162647652181,LOW
111.94,33.65,28.39,59.42,37.31,30.43,Cloudy,Low,3,1,82.3,3.942937654103557,0,0.25419710619203967,LOW
40.56,30.64,13.13,58.28,45.97,24.49,Cloudy,Low,4,3,75.83,3.089108910891089,1,0.25414122996045,LOW
120.45,32.35,28.13,43.84,34.83,34.37,Clear,Medium,13,1,100.0,4.281905439033061,1,0.2540567004021738,LOW
135.2,33.19,27.26,44.24,30.17,20.98,Cloudy,Low,9,3,85.58,4.959647835656639,0,0.25383524958515474,LOW
131.58,18.31,27.25,54.11,25.43,29.11,Cloudy,Low,5,1,87.41,4.82862385321101,1,0.2533829113264659,LOW
35.02,35.22,12.21,52.98,33.5,27.52,Rain,Low,9,4,91.31,2.868140868140868,0,0.2532417391546077,LOW
34.98,34.57,13.97,45.33,34.36,24.19,Rain,Low,17,4,80.42,2.5039370078740157,1,0.2532305861692076,LOW
33.66,20.55,10.8,47.19,36.97,24.71,Rain,Low,10,2,86.24,3.1166666666666663,0,0.2530832258488801,LOW
132.44,18.68,22.63,52.78,30.84,29.46,Clear,Medium,6,0,76.44,5.852408307556341,0,0.25306964615222066,LOW
91.22,28.65,22.72,56.85,36.93,19.63,Cloudy,Low,16,5,82.32,4.014964788732395,1,0.2530122433121881,LOW
22.43,39.1,10.94,50.05,51.6,23.53,Clear,Low,2,4,83.97,2.050274223034735,0,0.2528434420425247,LOW
43.68,19.71,11.84,51.36,36.71,32.87,Rain,Low,11,4,75.0,3.689189189189189,0,0.2527997260139374,LOW
100.35,15.12,18.76,59.26,35.64,33.6,Cloudy,Low,19,3,83.66,5.3491471215351805,0,0.25238368643614173,LOW
27.32,22.43,11.67,41.63,31.87,31.31,Clear,High,17,1,73.46,2.341045415595544,0,0.2519366804604191,LOW
94.91,22.98,20.45,36.63,24.69,21.81,Clear,High,3,3,80.68,4.641075794621027,1,0.2517802718479413,LOW
80.68,21.9,15.21,59.81,27.19,25.51,Clear,Low,8,7,87.41,5.304404996712689,0,0.25171286537459536,LOW
70.01,23.23,14.5,43.05,35.48,21.19,Clear,Medium,2,3,90.61,4.828275862068966,1,0.25160917478259676,LOW
109.46,19.01,24.56,47.08,39.66,30.52,Cloudy,Low,20,4,82.97,4.456840390879479,1,0.2514505135827535,LOW
101.36,22.0,21.7,50.4,37.97,20.14,Cloudy,Low,18,3,87.83,4.670967741935484,0,0.2512324589825159,LOW
70.42,37.27,20.08,56.8,35.78,24.18,Clear,Low,18,7,85.22,3.506972111553785,0,0.25107571557351605,LOW
133.14,39.19,31.63,55.98,37.07,23.96,Cloudy,Medium,19,4,89.12,4.209294973126778,0,0.2508553015054769,LOW
135.26,36.49,30.97,43.65,34.84,18.86,Cloudy,Low,8,3,91.34,4.36745237326445,0,0.2503370614149024,LOW
79.09,35.22,22.62,51.47,31.87,25.54,Clear,Low,4,6,77.54,3.4964633068081343,0,0.2502127369673534,LOW
57.94,15.13,12.0,43.65,29.47,21.25,Clear,High,13,3,98.52,4.828333333333333,1,0.2502005403061256,LOW
39.76,20.95,8.64,44.91,33.0,31.65,Rain,Low,9,2,91.75,4.601851851851851,0,0.25017419379440403,LOW
48.98,21.46,10.57,41.03,33.31,31.49,Rain,Low,7,2,79.27,4.633869441816461,1,0.25017419379440403,LOW
149.79,25.92,31.71,41.93,29.79,23.68,Cloudy,Low,14,2,68.5,4.723746452223273,0,0.24987435293602356,LOW
135.38,23.0,25.71,54.83,29.44,24.38,Cloudy,Low,6,3,77.75,5.2656553870089455,1,0.24969834097046842,LOW
82.31,31.5,21.24,40.55,37.64,18.39,Rain,Low,14,1,64.28,3.875235404896422,0,0.24929136509838887,LOW
71.28,22.11,18.41,38.93,22.9,19.92,Cloudy,Medium,8,2,85.15,3.8718087995654535,0,0.249138148911941,LOW
25.6,27.25,10.12,57.46,28.5,30.25,Rain,Low,11,3,89.26,2.529644268774704,0,0.24908403412334185,LOW
46.48,30.82,9.87,46.59,43.02,27.63,Clear,High,12,2,100.0,4.709219858156028,0,0.24893104110060504,LOW
69.43,30.02,13.64,49.2,22.55,21.29,Clear,Low,2,6,80.53,5.09017595307918,1,0.24844210795496985,LOW
92.96,28.35,21.94,52.42,33.33,23.83,Rain,Low,14,4,76.7,4.23701002734731,0,0.24815652795742799,LOW
67.94,30.75,19.03,49.57,28.24,22.94,Rain,Low,10,4,82.74,3.5701523909616397,1,0.24788959487216947,LOW
128.71,33.29,23.42,46.72,41.2,29.77,Clear,Medium,7,1,89.9,5.495730145175064,1,0.24780674480616147,LOW
99.54,24.68,20.34,41.84,34.13,30.01,Clear,High,11,4,87.52,4.893805309734514,1,0.24776697739216338,LOW
88.33,20.78,20.67,56.76,40.27,30.65,Rain,Low,4,3,90.12,4.2733430091920654,1,0.24773235604109015,LOW
145.36,33.6,29.11,61.38,38.93,27.44,Clear,Low,2,1,80.03,4.993473033321883,0,0.24740271669310973,LOW
143.69,20.74,26.65,47.21,40.37,26.18,Cloudy,Low,18,3,66.62,5.3917448405253285,0,0.24727576734462023,LOW
58.15,35.51,14.72,46.38,47.34,14.34,Clear,High,18,1,79.28,3.950407608695652,1,0.24710833636888627,LOW
54.11,35.33,14.45,63.7,42.81,21.57,Clear,Low,18,5,83.85,3.744636678200692,1,0.2470228325042601,LOW
144.62,31.22,33.46,70.0,51.03,22.21,Clear,Low,4,2,90.1,4.322175732217573,1,0.24640152337184515,LOW
146.9,35.73,32.32,49.2,32.94,22.25,Cloudy,Low,11,3,87.12,4.545173267326732,0,0.24610553581625663,LOW
51.12,31.42,13.83,64.7,37.57,23.02,Rain,Low,1,3,82.91,3.6963123644251614,1,0.24606956161459534,LOW
42.47,23.52,14.22,56.94,39.17,21.47,Clear,Low,4,6,71.72,2.9866385372714483,0,0.24603315644790105,LOW
45.64,35.9,15.92,47.28,35.39,27.99,Rain,Low,20,3,92.01,2.8668341708542715,0,0.245937823766335,LOW
93.13,32.7,21.82,46.12,25.32,19.3,Rain,Low,12,2,81.6,4.268102658111824,0,0.24593271276446912,LOW
93.67,37.17,27.06,47.54,39.69,26.42,Clear,High,4,4,88.71,3.461566888396157,0,0.24585413528729486,LOW
52.38,38.43,20.21,35.59,34.5,28.84,Cloudy,Medium,17,2,83.94,2.591786244433449,0,0.24577527863234436,LOW
106.21,28.31,24.54,41.58,35.46,20.57,Cloudy,Low,11,1,85.64,4.328035859820701,0,0.24544870480773945,LOW
86.54,37.64,24.06,44.3,35.35,21.37,Rain,Low,19,3,86.19,3.5968412302576898,0,0.24543892878719858,LOW
30.02,20.17,9.44,39.75,41.59,23.92,Cloudy,Low,1,3,92.93,3.180084745762712,0,0.24542730149195485,LOW
90.7,36.85,19.66,47.67,40.82,32.77,Rain,Low,12,3,81.87,4.613428280773143,0,0.24541427106303532,LOW
137.1,35.47,28.13,49.68,35.5,17.82,Clear,Low,19,4,76.66,4.873800213295414,0,0.2447434846179454,LOW
83.51,34.22,21.46,50.37,28.65,22.91,Clear,Low,15,5,75.19,3.891425908667288,0,0.24465372823079834,LOW
135.74,38.59,30.96,55.29,43.13,28.17,Cloudy,Low,11,2,84.67,4.3843669250646,0,0.2445896714778393,LOW
102.72,21.36,17.51,56.8,35.6,21.5,Clear,Low,3,4,77.37,5.866362078812107,0,0.24412396215381807,LOW
68.52,35.95,20.71,41.86,37.0,16.72,Cloudy,Medium,3,3,81.26,3.3085465958474165,0,0.2438121391488946,LOW
56.84,31.21,14.16,46.09,40.35,30.61,Rain,Low,5,2,90.69,4.014124293785311,0,0.24366811826553283,LOW
25.5,36.87,12.79,34.92,39.77,28.59,Cloudy,Low,15,3,77.16,1.9937451133698203,1,0.24341947019723648,LOW
82.82,39.16,23.21,50.76,40.0,19.9,Cloudy,Low,15,5,86.13,3.568289530374838,0,0.24279816512478883,LOW
137.88,24.51,26.32,51.04,28.3,22.79,Clear,Low,1,2,76.49,5.238601823708207,1,0.24276394003405713,LOW
141.34,23.86,22.91,45.08,35.56,20.79,Cloudy,Low,9,1,80.57,6.169358358795286,1,0.24217010247248735,LOW
125.54,32.55,29.77,54.27,32.12,29.39,Clear,Medium,12,2,78.22,4.216996976822305,0,0.2419864804745911,LOW
134.25,21.82,27.29,60.02,28.51,29.61,Cloudy,Medium,15,4,94.11,4.919384389886406,0,0.24150817794312543,LOW
64.75,37.13,15.54,40.59,35.81,31.18,Cloudy,Medium,9,0,96.29,4.166666666666667,0,0.24125739245544284,LOW
90.46,22.21,19.45,49.53,31.87,23.64,Rain,Low,20,2,81.35,4.650899742930591,0,0.24108689877442005,LOW
67.45,19.76,17.39,50.62,41.83,26.84,Cloudy,Medium,5,1,83.58,3.878665899942496,0,0.2410002182331276,LOW
20.96,25.4,12.58,28.7,20.37,26.78,Clear,Medium,11,1,79.36,1.6661367249602543,0,0.24095674126758124,LOW
98.66,36.13,19.86,37.62,37.45,29.93,Clear,Medium,3,2,93.26,4.967774420946626,0,0.24085858907955987,LOW
124.93,23.49,26.51,47.01,34.35,27.92,Cloudy,Low,20,3,86.56,4.712561297623538,0,0.240308226560665,LOW
87.19,35.79,19.14,41.68,47.71,24.82,Cloudy,Low,8,2,83.4,4.5553814002089865,0,0.24005273353695353,LOW
81.66,36.76,21.83,49.66,39.11,22.1,Rain,Low,9,1,82.56,3.74072377462208,0,0.24004984912740723,LOW
117.15,16.04,22.93,59.83,38.46,27.62,Cloudy,Low,13,4,87.04,5.109027474923681,1,0.24002198036159897,LOW
42.54,33.03,11.52,41.11,34.01,27.28,Rain,Low,8,2,77.79,3.6927083333333335,0,0.23992861578562572,LOW
36.51,23.36,11.15,45.62,37.64,28.1,Cloudy,Medium,3,3,81.8,3.274439461883408,0,0.23989791828114493,LOW
37.54,31.27,14.99,51.8,36.31,20.35,Rain,Low,7,1,80.57,2.5043362241494327,0,0.23974280047098842,LOW
110.45,17.57,19.85,43.83,29.17,23.55,Clear,Low,10,4,82.04,5.564231738035264,0,0.23959339431843563,LOW
66.96,15.49,13.26,59.58,36.59,26.15,Clear,Low,8,5,85.91,5.049773755656108,0,0.239522014390132,LOW
93.68,20.98,17.44,38.78,41.23,23.14,Rain,Low,13,3,99.66,5.371559633027523,0,0.2394499953830337,LOW
28.91,27.8,11.19,40.23,19.21,22.38,Cloudy,Medium,6,4,77.83,2.583556747095621,0,0.23925444240146346,LOW
104.01,35.94,22.28,50.4,22.32,24.95,Clear,Low,11,3,90.86,4.668312387791741,0,0.2389457252758167,LOW
97.56,31.87,23.77,40.65,41.28,29.34,Clear,Medium,10,8,84.31,4.104333193100547,0,0.23878952254353245,LOW
21.53,31.72,13.23,56.17,26.52,20.96,Clear,High,12,4,86.5,1.6273620559334845,0,0.23871500013683908,LOW
148.13,38.55,34.42,51.52,26.3,20.75,Clear,Low,18,5,80.75,4.303602556653108,0,0.23869109320368576,LOW
80.62,23.83,16.71,36.42,31.47,23.58,Cloudy,Low,7,2,81.33,4.824655894673848,0,0.23827623036394358,LOW
122.71,19.04,27.07,49.4,42.91,17.21,Clear,Low,14,3,81.96,4.533062430735131,0,0.2382378982287107,LOW
139.08,36.66,28.49,49.81,37.91,27.69,Cloudy,Low,9,1,84.19,4.8817128817128825,0,0.23776895246386678,LOW
86.49,31.94,25.15,57.38,44.38,27.67,Clear,Medium,1,4,86.92,3.4389662027833,0,0.2371444145271387,LOW
36.12,31.88,11.44,40.17,27.38,24.95,Clear,Medium,1,2,81.39,3.157342657342657,0,0.23689618570245474,LOW
135.25,19.33,28.76,50.61,32.83,25.1,Clear,Low,1,1,81.72,4.702712100139082,0,0.23687239091810516,LOW
31.11,33.2,9.19,67.82,30.75,25.36,Clear,Low,16,7,78.44,3.385201305767138,0,0.23683691231492357,LOW
70.54,37.58,17.96,60.11,39.15,30.17,Clear,Low,17,5,73.49,3.9276169265033407,0,0.23673324525713646,LOW
45.86,35.03,13.81,38.43,39.41,21.44,Cloudy,Medium,8,4,76.97,3.320782041998552,0,0.23648756926579048,LOW
36.28,36.44,12.03,45.55,21.16,22.34,Clear,Medium,1,2,86.88,3.0157938487115548,0,0.23644920128291047,LOW
120.06,33.88,29.5,43.29,28.11,21.22,Cloudy,Low,15,1,87.3,4.069830508474577,0,0.23640396510482806,LOW
72.31,35.5,19.97,65.41,32.75,15.45,Clear,Low,2,5,73.91,3.620931397095644,0,0.23624035208582572,LOW
40.27,15.1,7.89,49.1,46.38,31.41,Clear,Low,8,3,84.63,5.103929024081116,0,0.23618695557554664,LOW
45.69,32.3,13.84,46.22,47.06,25.27,Clear,Low,20,3,83.65,3.301300578034682,0,0.23589131672680277,LOW
80.12,19.74,18.27,44.12,27.62,26.77,Rain,Low,4,2,59.87,4.385331143951834,0,0.2355675682720445,LOW
44.7,25.52,9.4,44.08,43.58,18.15,Cloudy,Medium,19,3,80.5,4.75531914893617,0,0.23554861256268134,LOW
83.83,27.54,18.88,47.79,27.03,18.48,Cloudy,Low,2,4,94.28,4.440148305084746,0,0.2354856848539749,LOW
131.62,39.55,27.98,49.12,34.35,24.59,Cloudy,Low,17,3,72.22,4.704074338813438,0,0.23521251958131648,LOW
83.48,31.36,18.72,38.91,37.43,13.48,Cloudy,Medium,8,0,66.54,4.4594017094017095,0,0.23490855312103817,LOW
21.27,25.86,6.79,43.71,24.81,26.59,Rain,Low,19,4,84.9,3.132547864506628,0,0.23489490078939057,LOW
68.66,21.29,14.53,58.43,36.38,23.76,Cloudy,Medium,5,4,92.51,4.725395732966277,0,0.23463582257925603,LOW
146.41,17.37,25.54,43.35,28.86,30.37,Clear,Medium,14,4,100.0,5.73257635082224,1,0.23425340245884368,LOW
108.6,28.42,20.27,48.53,33.16,21.7,Cloudy,Low,12,4,64.53,5.3576714356191415,1,0.23413992053599403,LOW
136.03,16.85,24.14,45.63,39.23,31.03,Clear,Medium,10,4,79.63,5.635045567522783,0,0.23350518408399387,LOW
124.11,38.14,24.43,63.35,40.74,20.72,Clear,Low,9,3,78.34,5.080229226361031,1,0.23348076317484423,LOW
56.75,15.88,14.16,44.47,38.11,23.57,Clear,Low,8,10,85.13,4.007768361581921,0,0.23321985098725465,LOW
43.26,15.97,12.55,55.2,32.77,27.06,Clear,Low,11,5,66.03,3.4470119521912346,0,0.23318616500463726,LOW
86.55,27.68,17.06,41.2,24.04,31.89,Cloudy,Medium,13,3,83.59,5.07327080890973,0,0.23298239997709877,LOW
90.14,36.99,22.87,51.21,42.39,26.65,Cloudy,Low,1,4,91.41,3.941407958023611,0,0.232932339549133,LOW
82.57,36.54,25.61,39.21,43.27,22.19,Cloudy,Low,18,1,78.44,3.224131198750488,0,0.23286312357170716,LOW
130.86,38.41,28.07,55.76,38.0,22.19,Clear,Low,2,2,78.05,4.661916636978981,0,0.23282794622017555,LOW
35.66,17.87,6.0,51.19,35.52,25.74,Cloudy,Medium,7,3,73.01,5.9433333333333325,0,0.23266825549842593,LOW
31.09,29.26,13.14,41.62,17.19,15.08,Rain,Low,16,1,84.02,2.3660578386605784,0,0.23254690041539913,LOW
115.85,35.2,24.03,57.36,38.48,23.43,Clear,Low,3,1,73.73,4.821057012068247,0,0.232462528375744,LOW
137.61,24.49,28.46,48.78,32.14,24.99,Clear,Low,7,4,84.46,4.835207308503163,1,0.23245066028597913,LOW
21.89,18.61,5.0,52.02,17.6,25.0,Cloudy,Medium,13,3,81.77,4.378,0,0.23243728553835633,LOW
143.76,17.84,24.99,51.56,32.83,24.05,Clear,Low,16,3,79.03,5.752701080432173,1,0.23236665696421988,LOW
36.51,21.79,8.49,48.26,31.83,18.11,Cloudy,Medium,11,4,84.84,4.300353356890459,0,0.23171101267673067,LOW
30.8,39.0,13.28,50.51,42.38,31.38,Clear,Medium,11,5,88.09,2.319277108433735,0,0.23160241441594365,LOW
46.37,34.17,13.94,67.72,36.08,25.25,Clear,Low,3,5,91.68,3.326398852223816,0,0.23097121567635825,LOW
30.96,19.43,8.61,55.58,22.14,21.55,Clear,Low,12,5,66.16,3.5958188153310107,0,0.23092743251926978,LOW
53.83,36.78,16.96,45.08,26.35,18.5,Clear,Medium,1,2,83.58,3.173938679245283,1,0.23090530418355829,LOW
139.98,34.4,28.4,52.73,37.3,27.96,Clear,Low,15,4,83.27,4.928873239436619,0,0.2301958870887509,LOW
101.97,34.23,25.71,46.88,23.42,25.13,Cloudy,Low,15,2,83.27,3.9661610268378062,0,0.2300187844224747,LOW
98.02,22.6,23.48,53.71,48.13,28.16,Clear,Medium,11,1,84.29,4.174616695059625,0,0.22908290853907645,LOW
94.19,25.99,17.27,55.3,38.48,22.9,Clear,Low,12,6,83.56,5.453966415749855,0,0.2290599818243581,LOW
127.23,31.62,27.16,49.69,34.27,23.7,Clear,Low,18,4,75.94,4.684462444771723,1,0.22885603685366288,LOW
97.73,37.73,21.05,50.64,37.92,25.97,Clear,Low,1,5,91.9,4.6427553444180525,0,0.2284542577549637,LOW
51.42,19.61,8.42,41.25,34.31,22.84,Cloudy,Medium,1,0,79.88,6.106888361045131,1,0.22834054736255402,LOW
46.55,16.37,6.93,60.69,45.75,25.13,Cloudy,Low,6,3,86.62,6.717171717171717,0,0.2282050555096932,LOW
119.76,21.28,23.45,55.4,28.34,26.7,Cloudy,Low,8,3,74.16,5.107036247334755,0,0.22785338640420436,LOW
55.86,38.58,15.58,35.77,27.91,23.66,Clear,Medium,15,2,80.62,3.5853658536585367,0,0.22775326740876722,LOW
49.17,24.17,14.06,49.59,34.42,27.48,Clear,Medium,3,4,92.88,3.497155049786629,0,0.22749813927998436,LOW
53.94,25.91,14.2,33.69,35.34,24.77,Clear,Medium,11,0,83.11,3.798591549295775,1,0.22736678938172902,LOW
83.75,33.42,21.77,35.69,39.72,25.62,Clear,Medium,15,3,87.63,3.8470372071658248,0,0.22732075057132559,LOW
74.26,23.74,16.0,55.76,25.86,28.04,Rain,Low,16,3,74.31,4.64125,0,0.2270798237322409,LOW
50.1,32.0,12.72,56.08,37.47,28.68,Clear,Low,4,6,84.15,3.938679245283019,0,0.22695517774371762,LOW
106.64,37.45,22.89,53.85,40.95,23.9,Clear,Low,20,3,76.06,4.658802970729576,0,0.22680945712475975,LOW
39.2,17.46,6.41,39.06,32.99,21.53,Clear,High,8,5,89.5,6.115444617784712,0,0.2265850872004532,LOW
58.62,17.67,11.24,42.47,43.77,14.63,Clear,High,19,2,87.76,5.215302491103203,0,0.2260369592672288,LOW
24.87,22.78,7.37,66.04,46.36,22.74,Clear,Low,5,3,89.1,3.37449118046133,0,0.22589428699278874,LOW
40.78,37.53,14.48,55.24,39.92,33.4,Clear,Low,6,5,76.9,2.8162983425414363,0,0.22588374151411494,LOW
90.85,16.54,19.01,46.96,34.76,30.44,Clear,High,11,1,92.56,4.779063650710152,0,0.22584641623256982,LOW
62.84,33.88,21.8,60.55,43.08,31.01,Cloudy,Low,1,3,92.04,2.882568807339449,0,0.22559652262041296,LOW
86.73,19.42,18.16,42.9,22.92,28.19,Clear,Medium,3,2,77.55,4.775881057268722,0,0.2253867606613557,LOW
54.59,15.81,7.44,37.15,30.82,26.01,Clear,High,4,3,84.69,7.33736559139785,1,0.2253683800842462,LOW
78.43,36.72,18.95,48.59,40.76,16.25,Clear,Low,7,6,56.12,4.138786279683377,0,0.2252746606333489,LOW
72.6,21.65,17.82,44.5,31.25,24.62,Cloudy,Medium,13,1,72.42,4.0740740740740735,1,0.22480754065428887,LOW
72.07,32.91,17.18,49.25,27.52,22.19,Clear,Medium,12,2,78.93,4.19499417927823,0,0.22397241178870753,LOW
89.11,33.53,22.16,46.2,40.56,32.99,Clear,Medium,2,1,87.8,4.021209386281589,0,0.22374771651275147,LOW
68.72,20.13,14.47,47.13,20.48,23.61,Clear,Medium,15,1,70.03,4.74913614374568,0,0.22315653312953704,LOW
30.28,15.68,6.33,43.99,27.4,19.17,Clear,Medium,4,1,68.01,4.783570300157978,0,0.22303429834270572,LOW
57.46,32.31,14.75,40.54,32.15,19.18,Clear,Medium,5,3,95.0,3.895593220338983,0,0.22301531143244346,LOW
29.5,33.65,15.84,40.46,33.6,23.99,Cloudy,Medium,10,3,92.86,1.8623737373737372,1,0.22298934881333668,LOW
125.96,26.75,26.24,47.38,22.84,20.58,Clear,Low,8,4,83.95,4.800304878048781,0,0.2229349318644948,LOW
51.66,17.53,12.28,47.31,31.14,20.59,Clear,Medium,5,1,67.92,4.206840390879479,0,0.2228903803620849,LOW
60.15,35.87,16.15,64.43,38.81,22.27,Clear,Low,15,7,80.73,3.7244582043343657,0,0.22283597586510548,LOW
122.52,19.04,23.22,57.11,30.3,21.24,Clear,Low,13,3,73.8,5.276485788113695,0,0.22269255817608505,LOW
27.69,32.85,12.51,54.64,27.28,24.59,Rain,Low,13,1,72.8,2.213429256594724,0,0.22235901395206847,LOW
62.08,39.46,17.51,40.87,42.85,34.44,Cloudy,Low,16,4,93.74,3.545402627070245,0,0.22222693096000565,LOW
85.91,22.89,20.85,39.23,37.78,19.15,Clear,Medium,19,2,75.82,4.120383693045564,0,0.22213624204914242,LOW
62.36,20.85,13.23,43.3,33.32,24.4,Cloudy,Medium,15,3,95.37,4.713529856386999,0,0.22167433564518585,LOW
137.78,30.21,28.82,64.59,32.92,29.89,Cloudy,Low,1,2,84.62,4.780707841776544,0,0.221472663593417,LOW
135.2,26.75,25.1,47.97,30.23,23.53,Cloudy,Low,13,2,87.44,5.386454183266932,0,0.22129077422315765,LOW
42.04,30.32,12.82,47.81,36.89,19.18,Clear,Low,8,8,91.68,3.279251170046802,0,0.22121056732428607,LOW
42.83,39.39,13.2,51.86,44.03,26.59,Cloudy,Medium,5,3,89.11,3.2446969696969696,1,0.22067653980287597,LOW
47.83,23.91,11.18,52.88,29.43,23.56,Cloudy,Medium,7,1,72.73,4.278175313059034,0,0.2203900679592774,LOW
72.89,31.07,20.42,55.11,29.83,34.77,Clear,Medium,2,3,57.18,3.569539666993144,0,0.22031949694368658,LOW
65.06,26.66,17.58,51.21,32.82,25.71,Clear,Low,14,6,83.01,3.700796359499432,0,0.2201184046644009,LOW
134.36,23.4,29.88,48.11,38.18,28.03,Clear,Low,4,4,86.39,4.496653279785811,1,0.22006331534994011,LOW
74.29,34.22,18.88,65.16,34.08,14.22,Clear,Low,4,6,91.0,3.934851694915255,0,0.21993308585306853,LOW
113.28,15.65,23.44,56.42,36.48,20.3,Clear,Low,3,2,74.62,4.832764505119454,0,0.21976222387876568,LOW
80.27,33.0,17.11,52.59,23.52,28.22,Clear,Low,13,5,86.41,4.691408533021625,0,0.21964183396007345,LOW
43.6,37.68,15.3,44.26,33.56,23.85,Cloudy,Medium,10,4,84.68,2.849673202614379,0,0.2196292640434525,LOW
117.91,24.47,23.65,60.94,31.03,28.72,Cloudy,Low,13,1,84.03,4.985623678646935,0,0.2195759626330403,LOW
23.2,19.67,6.56,59.69,27.65,30.23,Cloudy,Medium,7,1,88.74,3.5365853658536586,0,0.21941254646119268,LOW
139.73,35.12,26.75,53.29,37.53,23.92,Clear,Low,20,2,70.89,5.223551401869159,0,0.21939808765719307,LOW
72.47,35.56,22.69,42.23,34.22,18.94,Cloudy,Medium,4,1,81.5,3.193918025561921,0,0.21937894478102146,LOW
40.07,18.79,9.27,46.33,36.07,21.13,Clear,Medium,16,4,72.09,4.322545846817691,0,0.2192531552386562,LOW
100.89,28.48,22.62,54.62,34.99,30.19,Clear,Medium,8,1,76.48,4.460212201591512,0,0.21898435043036385,LOW
116.1,33.47,27.05,64.4,34.6,29.98,Clear,Low,14,2,81.59,4.292051756007393,0,0.21896564055338957,LOW
36.86,22.51,9.25,46.99,41.41,21.6,Clear,Medium,12,2,65.23,3.984864864864865,0,0.2189475327281675,LOW
135.05,31.7,27.31,52.08,39.01,20.95,Clear,Low,9,3,84.66,4.945075064079092,1,0.21881242395859016,LOW
51.82,26.79,11.24,40.06,43.33,25.01,Clear,Medium,16,2,85.62,4.610320284697509,0,0.21858161088622596,LOW
86.06,21.37,22.08,49.36,37.71,27.62,Clear,Medium,18,4,74.49,3.897644927536232,0,0.21840733882171348,LOW
79.21,17.22,18.97,55.24,30.96,28.38,Clear,Low,12,6,96.36,4.17554032683184,0,0.21837502861302016,LOW
47.2,16.73,8.97,52.2,23.08,28.74,Clear,Medium,20,2,75.69,5.261984392419175,0,0.21803446909424715,LOW
55.18,37.14,17.13,41.46,33.11,27.22,Cloudy,Medium,14,4,92.41,3.221249270286048,1,0.21798015893473577,LOW
45.55,16.95,11.87,63.87,24.64,31.32,Clear,Low,10,5,83.92,3.837405223251896,0,0.21707774706001523,LOW
82.2,34.92,20.41,56.28,28.37,26.14,Clear,Low,6,5,87.14,4.027437530622244,0,0.2169987754515835,LOW
101.96,37.99,22.72,60.1,30.37,12.14,Clear,Low,3,3,73.16,4.487676056338028,1,0.21679895787605546,LOW
136.52,20.51,23.56,62.37,29.26,34.74,Clear,Low,9,3,84.47,5.794567062818337,1,0.21678189025687006,LOW
146.09,32.34,30.42,55.31,43.81,28.58,Clear,Low,11,2,93.96,4.802432610124917,0,0.2166687633910629,LOW
77.21,22.16,17.47,45.64,29.71,13.37,Cloudy,Medium,15,3,86.0,4.419576416714367,1,0.21608835881514876,LOW
38.57,15.37,8.01,52.39,29.32,22.42,Cloudy,Medium,1,3,82.5,4.8152309612983775,0,0.21604259160990422,LOW
117.33,20.45,23.91,49.9,31.06,25.36,Cloudy,Low,16,2,95.27,4.90715181932246,0,0.21593275719342184,LOW
123.08,36.2,30.57,48.68,25.24,20.68,Clear,Low,19,3,63.5,4.026169447170428,0,0.21580233452026165,LOW
49.06,30.54,15.46,49.27,32.37,33.23,Cloudy,Medium,12,3,84.03,3.173350582147477,1,0.21567265580105527,LOW
142.08,36.65,28.99,63.91,29.36,25.51,Cloudy,Low,19,1,85.68,4.901000344946534,0,0.21495161135674612,LOW
63.99,37.32,19.43,41.28,25.83,30.02,Clear,Medium,1,1,96.97,3.2933607822954194,0,0.2146134885723931,LOW
55.45,35.75,18.03,47.67,26.01,21.26,Cloudy,Medium,17,1,91.09,3.075429839156961,0,0.21458314781283708,LOW
98.56,26.0,22.5,43.58,27.48,17.75,Clear,Medium,19,4,77.92,4.380444444444445,0,0.214527797520515,LOW
82.81,38.95,22.12,41.24,33.07,18.35,Cloudy,Low,1,1,77.17,3.743670886075949,1,0.21448521249015734,LOW
83.49,36.96,19.87,38.29,30.71,24.38,Cloudy,Low,20,4,87.04,4.201811776547559,0,0.21435199665937588,LOW
125.13,29.44,27.39,64.73,36.69,22.16,Clear,Low,3,4,83.6,4.568455640744797,0,0.2142005546937161,LOW
86.73,34.24,23.27,42.07,33.96,23.7,Cloudy,Medium,16,4,86.47,3.7271164589600345,0,0.21396746976705538,LOW
119.1,39.75,28.91,56.64,28.76,22.86,Clear,Low,12,2,90.12,4.11968177101349,1,0.21348748550166916,LOW
90.86,34.34,24.35,57.23,40.65,26.4,Clear,Low,5,5,96.82,3.7314168377823407,0,0.2134681823280844,LOW
63.91,35.07,17.79,49.7,33.38,21.84,Clear,Low,12,5,80.46,3.592467678471051,0,0.21334569049174595,LOW
66.27,23.94,20.63,51.22,29.41,19.79,Clear,Low,14,5,89.09,3.2123121667474552,0,0.21305412596350573,LOW
22.57,18.88,11.37,52.54,43.03,26.25,Clear,Medium,7,4,71.73,1.9850483729111696,1,0.21298186847578318,LOW
67.26,17.06,15.2,57.32,28.22,32.53,Clear,Low,17,5,83.14,4.425000000000001,0,0.21251338353338592,LOW
119.91,17.98,20.69,52.37,27.04,25.57,Clear,Low,18,3,82.11,5.795553407443209,0,0.21214603780410787,LOW
39.72,17.75,11.27,40.41,19.53,29.18,Clear,Medium,18,4,94.58,3.524401064773736,1,0.21194102263606385,LOW
137.19,33.44,30.61,59.46,35.59,24.78,Clear,Low,3,3,57.49,4.481868670369161,0,0.21187879549692376,LOW
99.91,23.85,21.38,49.61,35.79,20.0,Cloudy,Medium,14,2,84.07,4.673058933582788,0,0.21175653530345445,LOW
103.65,35.26,23.71,51.09,34.94,28.44,Clear,Low,20,3,96.24,4.371573175875159,0,0.21169975012129932,LOW
148.9,31.12,28.83,45.25,43.01,30.75,Clear,Medium,6,3,96.73,5.164758931668401,1,0.2115000463710871,LOW
111.05,33.92,24.06,43.1,34.71,30.49,Cloudy,Low,20,1,87.96,4.615544472152951,0,0.21137404880615204,LOW
51.3,32.67,14.94,55.34,31.58,24.47,Clear,Low,20,8,95.56,3.433734939759036,0,0.211253946712085,LOW
103.24,18.15,19.99,56.73,25.66,21.52,Clear,Low,12,1,87.08,5.164582291145573,0,0.2111713953980981,LOW
53.45,30.88,13.8,45.85,21.9,26.39,Clear,Medium,12,1,92.61,3.8731884057971016,0,0.21074728346521726,LOW
55.48,24.72,17.37,49.39,31.91,26.15,Clear,Medium,20,4,77.47,3.194012665515256,0,0.2107184632813341,LOW
35.78,24.25,13.41,49.83,25.86,27.56,Clear,Medium,5,3,87.13,2.668158090976883,0,0.2107087874328805,LOW
87.34,28.69,24.85,43.82,33.7,29.43,Clear,Medium,1,2,88.93,3.514688128772636,0,0.21067955756940535,LOW
88.11,28.06,19.54,42.62,25.51,21.89,Cloudy,Medium,10,2,92.87,4.50921187308086,1,0.21062372597544377,LOW
61.05,35.32,19.35,40.36,18.69,17.04,Clear,Medium,19,1,82.2,3.1550387596899223,0,0.21053819168331234,LOW
96.23,30.75,25.12,45.7,26.26,24.83,Clear,High,14,2,64.64,3.830812101910828,0,0.21027685979028685,LOW
29.92,17.94,6.71,60.19,44.33,23.98,Cloudy,Low,16,3,81.75,4.459016393442624,0,0.2102499343210255,LOW
58.67,37.76,17.18,44.68,32.27,27.18,Cloudy,Low,19,3,66.2,3.4150174621653084,0,0.2102077868936316,LOW
84.34,34.66,21.09,41.28,32.43,22.0,Cloudy,Medium,16,3,83.9,3.9990516832622096,0,0.2101266638548472,LOW
123.58,25.09,25.26,58.17,29.9,24.16,Cloudy,Low,16,2,81.66,4.892319873317498,0,0.21000613244229266,LOW
146.94,29.67,31.63,62.16,42.25,17.51,Clear,Low,14,4,79.05,4.645589630098009,0,0.2098988243989071,LOW
94.26,30.81,19.45,43.58,43.88,21.13,Clear,Medium,14,3,71.36,4.846272493573265,0,0.20989786926531862,LOW
48.53,30.15,14.63,47.46,31.73,22.44,Cloudy,Low,1,3,90.79,3.3171565276828434,0,0.20951763689128514,LOW
121.43,26.38,26.36,50.78,29.12,30.64,Cloudy,Low,8,2,88.95,4.60660091047041,1,0.20932242742321971,LOW
137.28,16.98,26.05,54.69,34.78,16.98,Clear,Low,16,2,70.42,5.269865642994242,0,0.20919143409375476,LOW
97.82,34.72,24.23,38.15,34.47,30.12,Cloudy,Medium,19,3,77.48,4.037144036318613,0,0.20906075428434456,LOW
89.68,34.47,22.72,48.6,38.93,21.32,Clear,Medium,19,4,85.28,3.94718309859155,1,0.20905848967379573,LOW
106.93,15.4,22.57,53.51,43.45,22.95,Clear,Low,4,1,99.98,4.737704918032788,0,0.20900009797710817,LOW
100.98,20.55,21.35,45.89,36.29,26.06,Clear,Low,11,2,87.65,4.729742388758782,1,0.20887370068100025,LOW
73.82,23.9,22.85,44.25,36.43,20.41,Clear,Medium,19,1,68.63,3.2306345733041573,1,0.20866872226056435,LOW
100.2,31.94,25.11,51.37,38.16,24.94,Clear,Low,12,4,75.17,3.990442054958184,0,0.20857626175756408,LOW
148.44,16.81,28.59,43.34,35.87,14.1,Clear,Low,16,1,79.77,5.19202518363064,0,0.2085726491150296,LOW
59.4,26.72,14.65,63.47,35.37,28.23,Clear,Low,3,5,80.92,4.054607508532423,0,0.20838888481214735,LOW
132.05,21.18,28.21,51.15,31.21,23.45,Clear,Low,18,1,85.93,4.680964197093229,0,0.20835849216412605,LOW
89.33,37.68,23.59,42.77,36.59,23.9,Clear,High,4,1,79.23,3.7867740568037305,0,0.20832733244310564,LOW
50.5,30.21,11.14,43.21,30.56,22.71,Cloudy,Low,2,3,74.26,4.533213644524237,0,0.2077558775526084,LOW
72.67,29.17,16.65,40.71,36.21,24.96,Clear,Medium,11,2,84.55,4.364564564564565,0,0.2075132350095588,LOW
47.24,27.86,17.45,46.55,37.82,16.97,Cloudy,Medium,15,3,83.62,2.7071633237822352,0,0.20751011724899482,LOW
86.87,36.31,20.91,70.0,47.55,20.25,Clear,Low,5,4,76.72,4.154471544715447,0,0.2073794557036177,LOW
40.15,23.07,10.69,47.72,37.15,29.97,Cloudy,Medium,9,1,79.46,3.755846585594013,0,0.20718907164190115,LOW
58.29,22.46,13.45,49.05,33.69,24.7,Clear,Medium,3,1,68.14,4.333828996282528,1,0.20693054286703977,LOW
116.25,29.99,27.89,51.9,34.98,21.46,Cloudy,Low,20,2,100.0,4.168160631050555,0,0.20684024446764832,LOW
94.59,27.7,18.42,53.74,40.93,22.5,Clear,Low,4,6,83.97,5.135179153094462,0,0.2067872272067999,LOW
87.25,20.92,16.6,47.26,33.69,25.78,Clear,Medium,8,3,74.18,5.256024096385541,0,0.2067669264116424,LOW
20.58,39.32,11.2,44.1,38.46,30.85,Cloudy,Low,17,7,76.58,1.8375,0,0.2066399207388636,LOW
41.02,29.79,11.29,40.64,34.91,15.93,Cloudy,Low,15,4,90.22,3.6333038086802487,0,0.20656955661515375,LOW
87.62,24.85,19.06,54.11,25.5,30.52,Clear,Medium,5,1,88.3,4.597061909758658,0,0.20654321584764515,LOW
56.99,26.18,12.93,40.32,27.82,16.58,Clear,Medium,17,3,84.02,4.407579273008508,0,0.20601564243608625,LOW
83.42,32.1,18.62,49.38,34.89,20.32,Clear,Medium,5,2,82.81,4.480128893662728,1,0.20542927694007676,LOW
145.78,29.31,29.08,43.23,20.47,29.79,Clear,Low,12,4,69.25,5.013067400275103,0,0.20530132780021798,LOW
73.38,39.53,21.06,53.24,36.29,19.2,Clear,Low,16,5,85.0,3.4843304843304845,1,0.2050959018627589,LOW
135.49,23.63,33.08,48.56,29.66,30.1,Cloudy,Low,11,2,80.96,4.095828295042322,1,0.20500912223132564,LOW
142.09,16.34,24.05,61.93,42.12,24.38,Clear,Low,19,4,72.78,5.908108108108108,0,0.20499595866655987,LOW
122.54,25.72,24.7,55.51,29.12,32.88,Clear,Low,20,4,89.6,4.961133603238867,0,0.20459411564309957,LOW
24.88,39.85,13.12,41.96,40.58,21.34,Clear,Medium,20,3,82.24,1.8963414634146345,1,0.20412305023901053,LOW
80.83,32.39,18.3,53.85,52.8,23.32,Clear,Low,19,3,71.46,4.416939890710382,0,0.20406981124813214,LOW
119.91,36.45,30.51,51.18,39.12,25.81,Clear,Low,20,2,90.28,3.9301868239921336,0,0.20406680230283714,LOW
82.53,24.17,17.03,53.2,39.7,16.29,Clear,Medium,4,0,75.77,4.846153846153846,0,0.2040420157638794,LOW
43.24,30.31,14.27,45.69,30.7,25.64,Clear,Medium,5,3,79.68,3.0301331464611074,0,0.2037207051523942,LOW
101.76,19.39,23.8,55.23,36.67,40.0,Cloudy,Low,14,4,78.24,4.27563025210084,0,0.20335743963769265,LOW
62.76,18.93,13.62,51.92,18.92,26.12,Cloudy,Low,1,3,83.23,4.607929515418502,0,0.20296272374314675,LOW
76.26,25.31,20.36,61.38,44.86,28.74,Cloudy,Low,14,4,85.89,3.745579567779961,0,0.20275521091361334,LOW
66.0,34.75,21.77,48.73,38.05,23.35,Cloudy,Medium,10,2,79.54,3.031694993109784,0,0.20250254484224664,LOW
70.4,21.57,15.12,54.79,32.87,33.61,Clear,Low,16,5,92.28,4.656084656084657,0,0.2023954631744758,LOW
120.26,37.68,27.23,59.17,45.24,24.14,Clear,Low,11,2,80.12,4.416452442159383,0,0.20209105832147753,LOW
99.51,15.57,18.18,38.74,28.87,29.18,Clear,Low,5,5,91.68,5.473597359735974,0,0.20174610561949202,LOW
20.13,20.84,7.07,45.1,40.95,27.92,Clear,Medium,5,4,91.04,2.847241867043847,0,0.2017401504109864,LOW
29.69,17.46,9.5,49.23,33.84,24.02,Clear,Medium,14,1,70.8,3.125263157894737,0,0.2015910544970299,LOW
118.05,38.59,27.82,54.23,33.91,17.67,Clear,Low,16,4,91.16,4.243350107836089,1,0.20141745445195766,LOW
85.19,25.03,18.3,44.15,30.24,24.94,Clear,Medium,20,2,79.46,4.655191256830601,0,0.20130218453606766,LOW
42.73,16.74,12.04,52.39,32.19,23.16,Clear,Medium,4,4,83.89,3.549003322259136,0,0.20126062351653054,LOW
22.76,29.37,9.53,55.01,44.09,22.95,Cloudy,Medium,17,4,100.0,2.388247639034628,0,0.20102034730491722,LOW
25.56,37.62,10.81,49.25,37.37,25.1,Clear,Medium,5,4,82.02,2.364477335800185,0,0.20089704864607602,LOW
110.68,18.75,22.38,46.16,35.62,17.06,Clear,Low,10,1,96.86,4.945487042001788,0,0.20084193075326898,LOW
57.87,37.93,18.76,56.97,30.0,22.93,Clear,Medium,1,3,97.36,3.0847547974413643,0,0.20028416959993206,LOW
78.43,32.19,20.3,46.49,44.73,29.33,Clear,Medium,16,4,82.68,3.863546798029557,0,0.1998700931907602,LOW
46.57,22.37,11.09,50.98,34.0,28.32,Clear,Medium,14,1,87.28,4.199278629395852,0,0.19979451242350335,LOW
149.47,17.12,24.77,48.17,42.79,30.02,Clear,Medium,12,3,73.76,6.0343157044812274,0,0.19978533716050612,LOW
96.11,33.92,19.43,44.03,33.56,18.64,Clear,Medium,11,4,81.02,4.946474523932064,0,0.1995409994892725,LOW
83.84,30.87,20.09,37.92,25.09,30.02,Cloudy,Low,9,2,90.81,4.173220507715281,0,0.19948911433271874,LOW
73.04,33.19,17.65,43.49,37.06,24.98,Clear,Medium,8,3,80.68,4.138243626062324,0,0.19922264951948632,LOW
105.31,28.53,22.67,52.89,41.1,24.8,Clear,Low,8,3,97.2,4.645346272606969,0,0.1990890738604717,LOW
57.94,32.61,19.5,54.65,43.15,21.58,Clear,Medium,12,4,85.58,2.971282051282051,0,0.19887690005201974,LOW
84.99,35.74,23.23,46.87,33.04,18.67,Clear,Medium,5,2,86.68,3.658631080499354,0,0.1982134580417184,LOW
34.63,22.91,7.74,51.46,35.16,20.69,Cloudy,Low,14,4,69.68,4.474160206718347,0,0.19816285315276375,LOW
144.22,18.37,28.9,56.49,28.59,17.21,Clear,Low,12,1,90.91,4.990311418685121,0,0.19816187385514494,LOW
64.47,38.46,18.33,51.5,27.31,26.47,Clear,Medium,16,2,72.81,3.5171849427168578,0,0.1981504230355483,LOW
40.92,34.22,12.05,52.17,37.9,29.32,Clear,Medium,3,4,96.07,3.395850622406639,0,0.19794763040312396,LOW
141.26,16.25,24.23,70.0,29.78,22.08,Clear,Low,19,4,68.76,5.8299628559636805,0,0.19766192889419762,LOW
80.75,21.67,19.86,55.31,37.07,27.35,Cloudy,Low,3,2,92.51,4.065961732124874,1,0.19731410356910387,LOW
52.24,31.13,13.28,52.86,37.7,18.91,Clear,Medium,9,3,85.97,3.9337349397590367,0,0.19730940569183344,LOW
91.89,23.44,17.65,48.37,22.16,29.26,Cloudy,Low,17,4,73.3,5.206232294617564,0,0.19718551185117716,LOW
34.04,32.6,12.22,43.27,39.22,20.5,Clear,Medium,5,4,78.31,2.785597381342062,1,0.19673086708731427,LOW
27.76,34.41,11.92,41.47,39.24,12.46,Cloudy,Medium,14,2,95.5,2.3288590604026846,1,0.19664370352207125,LOW
90.94,37.82,19.73,57.6,31.92,20.87,Clear,Medium,19,2,84.17,4.609224531170805,0,0.1965939131121509,LOW
28.75,15.8,9.9,51.3,38.1,25.22,Clear,Medium,8,2,84.34,2.904040404040404,0,0.1964842923032312,LOW
91.65,34.64,20.05,44.1,35.94,21.95,Cloudy,Low,1,2,81.75,4.571072319201996,0,0.19647444996082944,LOW
61.59,27.52,16.43,51.89,29.72,27.63,Clear,Medium,15,3,69.71,3.7486305538648814,0,0.19638169759771004,LOW
106.87,39.06,26.8,54.73,28.89,17.81,Clear,Low,4,2,79.06,3.9876865671641792,0,0.1962459989765596,LOW
63.24,35.08,17.01,46.08,36.85,29.05,Cloudy,Medium,9,1,95.11,3.717813051146384,0,0.19621639957035045,LOW
99.51,20.92,20.69,42.61,38.67,31.61,Clear,Medium,13,0,72.02,4.809569840502658,0,0.19600116769221673,LOW
46.68,34.14,15.42,51.21,35.34,22.11,Clear,Medium,15,3,71.49,3.027237354085603,0,0.1959784131121798,LOW
149.43,26.58,29.87,65.89,39.19,18.28,Clear,Low,17,4,68.7,5.0026782725142285,0,0.19588046928505795,LOW
74.39,33.75,21.73,42.47,18.85,23.71,Clear,Medium,13,0,90.9,3.4233778186838477,0,0.19549785593291752,LOW
41.08,37.73,16.8,50.75,35.46,31.85,Clear,Medium,18,4,91.63,2.445238095238095,0,0.19497555741200046,LOW
45.11,18.91,11.49,48.2,35.39,23.82,Cloudy,Low,13,4,85.08,3.9260226283724977,0,0.19442001421619048,LOW
92.81,25.06,21.3,50.34,31.11,34.62,Clear,Medium,20,3,89.55,4.357276995305164,0,0.19432357955211382,LOW
84.69,28.87,19.93,43.96,41.34,21.71,Clear,Medium,10,2,89.42,4.249372804816859,0,0.19426722027530538,LOW
31.95,33.73,17.07,47.28,24.55,27.07,Cloudy,Low,2,3,81.58,1.8717047451669595,0,0.19419060742704225,LOW
75.94,16.3,15.79,45.82,53.04,31.22,Clear,High,19,1,74.65,4.809373020899304,0,0.1941846617659186,LOW
84.67,21.2,16.85,47.9,42.65,30.79,Clear,Medium,12,2,79.28,5.024925816023739,1,0.19396196646460986,LOW
33.53,37.05,10.09,49.24,31.52,24.25,Clear,Medium,11,0,73.61,3.323092170465808,0,0.19375940464054808,LOW
122.78,15.87,27.31,57.39,32.89,26.45,Clear,Low,8,2,83.24,4.495789088246064,0,0.1937218430106109,LOW
62.67,15.74,15.2,56.93,19.55,20.72,Cloudy,Low,7,0,88.07,4.123026315789474,0,0.1937203413919791,LOW
92.56,19.49,17.93,59.13,39.93,33.4,Clear,Medium,18,2,76.82,5.162297824874512,0,0.19350026413879973,LOW
70.08,23.5,16.28,51.01,30.21,35.38,Clear,Medium,15,3,94.84,4.304668304668304,0,0.19344606914943616,LOW
30.55,18.3,7.32,51.18,32.62,21.3,Cloudy,Low,13,4,73.21,4.173497267759563,1,0.1933831870460371,LOW
111.2,23.99,23.19,52.41,30.53,29.01,Clear,Low,16,0,72.36,4.795170332039672,0,0.19328358812037316,LOW
70.81,27.47,19.37,42.23,32.35,16.84,Clear,Medium,9,3,79.97,3.655653071760454,0,0.19283165664986,LOW
55.18,37.11,19.51,42.29,41.84,29.45,Clear,Medium,5,2,71.85,2.828293182983085,0,0.19278549311232265,LOW
56.35,39.62,15.55,45.86,27.82,26.7,Cloudy,Medium,18,3,86.51,3.6237942122186495,1,0.19233311111688023,LOW
86.8,36.54,19.75,47.48,37.73,27.34,Clear,Medium,17,3,84.88,4.394936708860759,1,0.19231879709002814,LOW
48.34,28.25,12.69,47.64,38.94,19.71,Clear,Medium,19,2,77.91,3.8092986603624905,0,0.19220737408697092,LOW
29.92,18.28,6.18,59.99,24.5,19.83,Cloudy,Low,17,1,90.35,4.841423948220065,0,0.19201508623469768,LOW
73.05,20.03,16.07,54.34,31.03,28.66,Clear,Medium,17,3,93.53,4.545737398879901,0,0.19167554302169168,LOW
46.17,35.3,17.61,43.28,28.69,13.73,Clear,Medium,12,1,74.12,2.621805792163544,0,0.19135014849956322,LOW
42.6,20.45,10.49,63.04,39.87,21.77,Clear,Medium,15,2,70.84,4.061010486177312,0,0.19129345342417034,LOW
24.26,23.27,10.22,51.49,29.4,30.87,Clear,Medium,10,4,82.98,2.3737769080234834,0,0.1911004692385167,LOW
58.02,32.0,16.45,47.3,38.4,19.93,Clear,Medium,7,3,92.15,3.527051671732523,1,0.19096761678939878,LOW
128.33,22.1,25.29,62.49,39.75,19.62,Clear,Low,19,2,72.81,5.074337682878609,0,0.19082578680777146,LOW
38.19,20.53,10.87,60.14,26.14,24.93,Clear,Medium,6,0,85.87,3.513339466421343,0,0.19029112092237477,LOW
96.46,22.48,24.7,68.47,39.32,21.74,Clear,Low,4,8,85.06,3.905263157894737,0,0.19014497009285403,LOW
66.49,19.56,11.66,41.93,32.57,23.23,Cloudy,Low,10,3,82.36,5.702401372212693,0,0.1900009593583126,LOW
36.68,21.29,9.87,40.53,31.53,30.69,Clear,Medium,13,2,90.41,3.716312056737589,0,0.18995986448293237,LOW
122.48,28.41,24.57,59.62,40.48,24.57,Clear,Low,18,3,87.17,4.984940984940985,0,0.18979942884804749,LOW
34.21,16.62,8.69,56.75,26.17,31.95,Clear,Medium,1,0,87.98,3.9367088607594938,1,0.1897729836436515,LOW
48.15,35.14,12.98,43.64,32.53,21.83,Clear,Medium,6,2,83.17,3.7095531587057007,0,0.1894694796597816,LOW
30.64,24.87,13.69,56.47,27.46,25.71,Clear,Medium,12,2,85.92,2.238130021913806,0,0.18943558453514697,LOW
114.11,29.97,28.77,56.11,36.21,23.75,Clear,Low,14,2,89.69,3.9662843239485577,1,0.18937898474222523,LOW
70.75,38.41,21.83,41.66,27.8,22.78,Clear,Medium,9,3,84.74,3.240952817224004,1,0.18928430594430706,LOW
80.47,34.96,19.68,45.42,34.03,29.64,Clear,Medium,6,4,79.88,4.088922764227642,0,0.18909593625888577,LOW
73.03,19.56,16.79,70.0,36.33,31.49,Cloudy,Low,5,4,69.99,4.349612864800477,0,0.18875637026179068,LOW
125.76,23.53,22.37,59.35,34.85,28.06,Clear,Low,17,1,75.72,5.621814930710773,1,0.18861125452124797,LOW
84.52,27.96,18.99,57.9,27.59,36.55,Clear,Low,7,3,62.92,4.4507635597683,0,0.18852693333217033,LOW
43.17,36.91,14.62,54.98,36.94,14.46,Clear,Medium,9,4,83.5,2.95280437756498,0,0.18847183089311073,LOW
96.03,32.28,23.09,48.15,28.81,32.54,Cloudy,Medium,15,3,80.6,4.158943265482893,0,0.18845399961043596,LOW
98.92,39.8,21.96,53.43,29.3,26.17,Clear,Medium,18,3,91.97,4.504553734061931,0,0.1884060470716368,LOW
37.86,23.9,8.09,53.85,41.89,30.0,Clear,Medium,18,2,76.62,4.679851668726824,0,0.18828101177093787,LOW
95.7,32.37,17.85,52.6,31.18,28.55,Clear,Low,4,5,84.9,5.361344537815126,0,0.1881182066042346,LOW
50.23,28.53,12.33,37.39,31.96,30.76,Clear,Medium,18,2,82.74,4.073803730738037,0,0.18810402973251616,LOW
122.07,37.42,27.09,64.44,30.86,26.78,Clear,Low,12,3,81.15,4.506090808416389,0,0.1880150909098226,LOW
83.65,17.27,17.17,56.47,26.19,28.56,Cloudy,Low,1,2,71.25,4.871869539895166,0,0.18778677994401924,LOW
24.71,29.33,10.1,54.46,29.66,23.62,Clear,Medium,19,2,78.22,2.4465346534653465,1,0.1877334210342381,LOW
58.65,16.82,14.03,44.38,26.91,28.61,Cloudy,Low,6,2,94.79,4.180327868852459,0,0.18772290726807517,LOW
73.82,24.12,16.9,46.48,39.78,29.51,Cloudy,Low,4,3,84.52,4.368047337278107,0,0.18762371080434784,LOW
55.12,26.56,16.95,58.9,42.05,21.83,Clear,Medium,2,4,75.47,3.2519174041297934,1,0.18754206519451733,LOW
91.36,16.1,17.08,48.05,27.46,24.13,Cloudy,Low,9,3,83.78,5.348946135831382,1,0.18750208549159428,LOW
91.08,37.36,24.36,67.22,42.67,24.95,Cloudy,Low,7,4,85.6,3.738916256157636,0,0.18723913189396355,LOW
121.05,36.87,32.31,46.18,34.06,30.77,Clear,Low,4,2,74.31,3.746518105849582,0,0.18709969294269818,LOW
27.27,34.92,11.44,53.95,33.86,34.96,Cloudy,Low,9,1,87.63,2.3837412587412588,0,0.18686159249534867,LOW
119.29,16.09,21.95,52.23,27.44,30.51,Clear,Low,10,3,82.86,5.434624145785877,0,0.1868486495467984,LOW
40.86,19.58,11.61,55.77,35.03,24.47,Clear,Medium,12,1,86.9,3.5193798449612403,0,0.1867146320375148,LOW
50.37,35.76,16.9,43.26,28.92,29.0,Clear,Medium,13,2,95.17,2.980473372781065,0,0.18647423846927463,LOW
41.59,20.08,11.91,47.54,42.68,26.52,Cloudy,Low,16,1,87.86,3.492023509655752,0,0.18644231943905792,LOW
73.42,22.29,17.15,60.13,37.78,20.52,Cloudy,Low,2,4,81.72,4.281049562682216,1,0.1861200527083151,LOW
71.05,20.24,15.02,47.68,36.58,24.88,Cloudy,Low,17,3,93.99,4.730359520639148,0,0.18589956963948703,LOW
90.46,20.33,18.46,50.66,27.4,24.44,Cloudy,Low,4,2,98.95,4.90032502708559,0,0.18540911333341262,LOW
39.3,30.25,15.42,55.08,35.06,17.78,Clear,Medium,9,0,74.53,2.54863813229572,0,0.18533247322597782,LOW
86.01,36.96,23.47,46.39,29.42,25.43,Clear,Medium,8,2,83.96,3.664678312739668,1,0.1852013236062013,LOW
87.21,37.99,21.22,46.54,28.85,27.9,Clear,Medium,7,3,99.12,4.109802073515551,0,0.185021743336423,LOW
20.09,25.72,5.0,47.08,37.17,19.12,Rain,Low,13,3,80.21,4.018,0,0.18491009462195646,LOW
128.07,29.46,29.12,69.81,29.77,19.99,Cloudy,Low,20,1,90.53,4.398008241758242,0,0.184764556916753,LOW
99.73,35.6,26.23,59.11,40.18,29.39,Clear,Low,5,5,77.36,3.802134959969501,1,0.18414536389367292,LOW
77.31,26.16,16.63,47.68,42.44,23.45,Cloudy,Low,4,2,77.2,4.648827420324714,1,0.18410326241372013,LOW
54.52,28.7,16.14,49.53,28.18,19.13,Clear,Medium,18,1,86.03,3.377942998760843,0,0.18393556621316268,LOW
86.43,35.29,19.19,56.14,26.34,16.34,Clear,Medium,18,3,83.25,4.503908285565399,1,0.18338058403857435,LOW
43.66,23.36,10.48,59.78,39.77,33.48,Clear,Medium,20,3,84.71,4.166030534351145,1,0.18285396631721584,LOW
75.22,32.2,14.37,45.09,42.05,22.58,Cloudy,Low,4,2,74.66,5.234516353514266,0,0.18265841108810826,LOW
94.74,35.39,20.87,45.91,30.99,21.53,Clear,Medium,13,2,95.97,4.539530426449448,0,0.1826137187173101,LOW
48.8,26.39,15.13,53.52,30.62,19.21,Cloudy,Low,17,4,87.87,3.2253800396563115,0,0.18253497053267476,LOW
60.54,18.07,12.75,58.0,24.92,30.2,Clear,Medium,15,2,87.28,4.748235294117647,1,0.18223974178930563,LOW
95.05,36.3,24.06,44.67,32.09,27.52,Rain,Low,8,2,83.22,3.9505403158769754,1,0.18210676404341428,LOW
83.28,26.69,21.74,57.18,39.01,32.42,Cloudy,Low,2,3,73.81,3.830726770929163,0,0.18197700882566656,LOW
92.26,20.11,19.77,51.73,25.33,32.43,Cloudy,Low,9,1,75.87,4.666666666666667,0,0.1819456427333146,LOW
44.81,23.07,11.48,53.2,37.0,30.15,Clear,Medium,6,2,86.39,3.903310104529617,0,0.18192262136858256,LOW
71.08,31.43,18.25,54.61,50.72,14.49,Cloudy,Low,12,1,93.85,3.894794520547945,0,0.18186311378083497,LOW
21.01,22.67,9.37,55.6,27.37,24.45,Cloudy,Medium,7,3,86.59,2.242262540021345,0,0.1818046591065531,LOW
47.76,25.88,13.1,52.03,25.76,24.19,Cloudy,Low,16,3,65.44,3.645801526717557,0,0.1816940921529859,LOW
93.75,26.12,21.29,57.03,33.94,27.22,Clear,Medium,2,1,75.04,4.4034758102395495,0,0.18164465907353705,LOW
28.49,31.96,15.61,52.89,30.04,25.66,Clear,Medium,9,3,93.84,1.8251121076233183,0,0.18146876159178593,LOW
99.38,32.31,27.13,41.62,23.62,16.14,Clear,Medium,16,4,82.07,3.6631035753778103,0,0.1802497151265024,LOW
48.99,32.84,14.45,59.07,40.41,28.48,Clear,Medium,20,3,89.15,3.3903114186851213,0,0.18024565320425567,LOW
101.13,38.59,26.28,58.5,34.6,24.33,Clear,Low,4,4,92.5,3.848173515981735,0,0.17982342118819783,LOW
51.22,25.45,10.31,40.11,42.23,28.55,Clear,Low,9,4,78.58,4.967992240543162,0,0.17972167287593604,LOW
137.17,34.92,29.0,58.33,36.03,22.27,Clear,Low,10,1,79.47,4.73,1,0.17910286253174637,LOW
22.77,35.6,15.91,44.16,43.64,28.08,Cloudy,Low,6,1,81.43,1.4311753614079197,0,0.1789827752357907,LOW
59.1,24.17,15.16,48.52,36.96,19.98,Cloudy,Low,12,3,80.5,3.898416886543536,0,0.17879828857484714,LOW
96.15,28.94,18.49,43.52,24.85,20.44,Clear,Medium,6,3,81.92,5.200108166576529,0,0.17855188651633844,LOW
55.17,35.21,16.17,55.6,40.59,21.67,Clear,Medium,2,4,77.57,3.411873840445269,0,0.17834118878512215,LOW
51.32,22.95,11.6,53.34,39.71,21.5,Cloudy,Low,7,3,84.86,4.424137931034483,0,0.17772505962434285,LOW
75.16,25.8,18.66,46.21,35.54,22.29,Cloudy,Low,9,3,77.43,4.027867095391211,0,0.17716516782596683,LOW
70.33,37.03,18.13,46.97,33.89,32.45,Clear,Medium,8,1,80.2,3.8792057363485934,0,0.17701847842640842,LOW
45.17,38.01,11.36,38.46,41.54,28.68,Clear,Low,7,3,80.8,3.9762323943661975,0,0.17681090457744283,LOW
60.12,24.9,16.91,46.98,38.61,29.43,Clear,Medium,8,2,83.93,3.555292726197516,1,0.17596696798529754,LOW
96.93,17.73,19.19,53.22,33.12,21.49,Clear,Medium,1,3,76.15,5.051068264721209,1,0.1759583055328892,LOW
68.79,33.72,19.66,57.37,39.59,25.67,Clear,Medium,12,1,78.58,3.498982706002035,0,0.1758821626139322,LOW
89.36,23.35,18.82,47.99,29.36,24.16,Cloudy,Low,14,3,84.88,4.748140276301807,0,0.17573507264631316,LOW
148.29,35.13,31.67,56.55,24.91,30.74,Clear,Low,13,4,84.35,4.68234922639722,0,0.17553323992008535,LOW
80.66,21.95,17.45,48.88,32.85,22.12,Cloudy,Low,16,1,82.63,4.622349570200573,0,0.17548603031506724,LOW
128.97,32.27,27.39,65.78,38.75,23.63,Clear,Low,5,2,84.84,4.708652792990142,1,0.17518874174810592,LOW
78.03,15.65,17.89,44.65,26.53,28.19,Cloudy,Low,11,2,81.82,4.361654555617664,0,0.1748675286510023,LOW
116.79,23.68,28.24,58.92,29.44,25.2,Clear,Low,7,2,87.27,4.135623229461757,1,0.17485175277504933,LOW
34.83,25.2,14.07,56.14,40.79,25.84,Cloudy,Low,7,3,85.56,2.4754797441364604,0,0.17473504237556392,LOW
52.4,25.45,12.57,53.69,33.14,23.91,Cloudy,Low,20,3,75.0,4.16865552903739,0,0.1743365459977237,LOW
94.47,16.71,18.33,41.85,34.44,31.88,Cloudy,Low,9,1,82.42,5.153846153846154,0,0.1743084235448838,LOW
131.55,31.65,26.78,54.97,24.87,30.62,Clear,Low,11,3,85.89,4.912247946228529,0,0.17416627577156865,LOW
32.92,33.83,16.11,54.49,33.08,17.82,Cloudy,Low,5,3,84.87,2.043451272501552,1,0.17371142908168907,LOW
37.55,39.47,14.32,57.46,38.76,23.77,Cloudy,Low,4,3,83.14,2.622206703910614,0,0.17363982087985405,LOW
107.94,35.8,30.16,59.92,27.76,26.2,Clear,Low,18,2,81.58,3.578912466843501,0,0.1732272367254791,LOW
103.62,20.46,22.23,64.7,28.68,17.22,Clear,Low,19,1,93.41,4.661268556005398,0,0.17306807156917908,LOW
144.73,33.3,30.32,45.99,30.9,31.26,Clear,Low,10,4,79.12,4.773416886543536,1,0.17279326015373955,LOW
130.92,39.4,28.57,63.39,30.06,24.1,Clear,Low,19,1,71.57,4.582429121456072,0,0.172777482138788,LOW
75.56,36.13,22.27,59.31,40.82,29.63,Clear,Medium,20,3,87.24,3.3929052537045354,0,0.17276547863587824,LOW
101.21,34.33,23.07,64.98,30.99,23.28,Clear,Low,19,1,76.63,4.387082791504118,0,0.17268640779784272,LOW
57.78,34.37,22.62,45.21,16.1,28.76,Clear,Low,1,1,90.9,2.5543766578249336,0,0.17202347498815942,LOW
28.09,37.97,13.95,50.38,29.08,25.66,Cloudy,Low,6,4,82.78,2.013620071684588,0,0.1718981974484805,LOW
57.06,37.17,14.71,43.81,24.19,30.39,Cloudy,Low,8,3,86.2,3.87899388171312,0,0.1710611418116113,LOW
76.95,23.98,15.81,53.53,38.01,16.75,Clear,Low,3,3,98.81,4.867172675521822,0,0.17090052711190393,LOW
43.53,31.39,16.71,47.18,31.72,33.75,Clear,Medium,12,3,79.8,2.6050269299820465,1,0.1707596710148254,LOW
95.92,38.52,25.12,49.25,37.41,24.14,Clear,Medium,12,3,96.68,3.8184713375796178,0,0.1707052654782109,LOW
76.77,26.37,19.26,48.45,28.76,23.16,Clear,Low,7,1,66.07,3.985981308411215,1,0.1706732832093623,LOW
29.78,23.15,7.29,50.2,37.93,19.69,Cloudy,Low,9,1,86.33,4.085048010973937,0,0.17064139063874356,LOW
98.95,36.85,22.66,50.21,43.94,26.12,Cloudy,Low,7,2,91.46,4.366725507502206,0,0.17059007563056383,LOW
114.3,36.94,27.0,58.26,30.41,23.0,Clear,Low,15,1,100.0,4.233333333333333,1,0.17036375922756594,LOW
44.87,22.88,12.65,44.61,31.04,27.5,Cloudy,Low,14,2,63.47,3.547035573122529,0,0.17021485384967822,LOW
23.49,20.9,7.82,61.59,35.95,24.76,Clear,Medium,14,1,100.0,3.003836317135549,0,0.17017421487796008,LOW
30.85,35.37,16.76,56.24,33.99,19.44,Clear,Medium,15,1,96.88,1.840692124105012,0,0.16943392145540573,LOW
119.24,30.78,27.77,64.81,41.56,23.68,Clear,Low,10,1,87.14,4.2938422758372345,0,0.16898283702506267,LOW
35.02,22.98,12.73,41.04,32.72,18.71,Cloudy,Low,10,2,68.19,2.750981932443048,1,0.16891732982965366,LOW
35.19,19.76,6.6,54.85,21.78,17.73,Clear,Low,18,3,91.63,5.331818181818182,0,0.16886192457596239,LOW
75.16,28.07,18.06,50.06,27.84,29.25,Clear,Medium,19,2,83.23,4.161683277962348,0,0.16863457304855933,LOW
84.43,22.41,18.56,58.94,33.91,29.23,Clear,Medium,13,3,78.43,4.549030172413794,0,0.1678825819697062,LOW
62.23,35.13,17.49,49.77,36.95,19.4,Cloudy,Low,19,3,86.26,3.5580331618067467,0,0.16750190045637378,LOW
49.1,27.76,15.29,47.17,42.08,21.02,Cloudy,Low,5,2,81.12,3.2112491824722045,1,0.16737369556109344,LOW
92.55,19.44,16.74,56.24,33.71,23.4,Clear,Low,2,4,89.44,5.528673835125448,0,0.16684767107915546,LOW
35.56,30.71,15.08,53.53,41.42,19.17,Cloudy,Low,13,3,74.49,2.3580901856763927,0,0.1667290565592824,LOW
34.5,36.88,12.98,46.5,26.54,23.78,Cloudy,Low,11,3,79.15,2.657935285053929,0,0.16667211191028297,LOW
94.02,23.31,23.77,55.78,29.27,34.04,Clear,Medium,20,3,87.56,3.955405973916702,0,0.16666252241744478,LOW
97.28,28.32,20.77,59.4,42.2,30.6,Cloudy,Medium,14,1,88.69,4.683678382282138,0,0.16624290176828527,LOW
44.09,36.48,13.66,47.65,29.15,25.04,Cloudy,Low,18,1,65.72,3.2276720351390926,0,0.16624010945129933,LOW
20.72,16.36,9.7,49.06,30.18,29.84,Clear,Medium,1,4,81.92,2.136082474226804,0,0.1662298754413765,LOW
123.32,28.67,25.78,60.28,40.1,24.64,Clear,Low,9,2,77.72,4.783553141970519,0,0.1661695869117599,LOW
45.51,34.02,14.77,46.6,44.08,31.62,Clear,Medium,17,1,100.0,3.08124576844956,0,0.16596005609597317,LOW
59.53,32.37,17.18,46.54,29.33,28.6,Cloudy,Low,11,3,84.38,3.465075669383004,0,0.16595110857242334,LOW
26.67,28.92,10.45,52.82,36.58,29.44,Cloudy,Low,15,4,100.0,2.5521531100478474,0,0.16574138982936268,LOW
65.11,22.06,10.63,62.78,29.2,19.96,Clear,Low,16,5,77.29,6.125117591721542,0,0.16572518148200016,LOW
23.44,16.34,9.75,42.92,25.55,30.2,Cloudy,Low,12,1,88.23,2.404102564102564,0,0.16476986453586903,LOW
92.74,17.69,18.05,49.41,22.38,22.76,Clear,Low,7,4,87.81,5.137950138504155,0,0.16458115361033732,LOW
37.55,19.11,9.88,59.39,31.29,26.71,Clear,Low,3,7,82.17,3.800607287449392,0,0.16430904631795243,LOW
20.13,27.33,7.82,48.02,19.6,24.06,Rain,Low,13,2,77.46,2.574168797953964,1,0.16428204899280832,LOW
72.7,33.2,18.13,44.21,36.35,24.04,Cloudy,Low,16,1,85.03,4.009928295642582,0,0.16414355993030336,LOW
43.51,27.31,10.21,40.62,32.21,26.59,Clear,Low,9,3,86.11,4.2615083251714,1,0.16412401640286425,LOW
21.57,38.23,14.31,50.73,43.37,24.52,Clear,Medium,15,4,92.1,1.5073375262054507,0,0.1635912233656461,LOW
60.33,29.83,16.49,50.17,34.27,30.69,Clear,Medium,6,0,96.14,3.658580958156459,0,0.16326881197905943,LOW
63.54,15.76,16.83,58.74,31.93,16.66,Clear,Low,12,2,69.98,3.775401069518717,0,0.1630742427820385,LOW
79.01,25.55,21.11,47.48,25.63,12.29,Cloudy,Low,18,4,86.31,3.742775935575557,0,0.1628643585834392,LOW
76.06,32.73,22.07,53.39,19.08,28.16,Cloudy,Low,8,3,95.53,3.446307204349796,0,0.16247028444773623,LOW
41.71,22.27,10.59,55.69,44.74,21.34,Clear,Low,11,4,87.69,3.93862134088763,0,0.16237727842738764,LOW
97.69,30.12,21.31,54.62,24.02,19.06,Clear,Medium,7,2,79.13,4.584232754575317,0,0.162244434695546,LOW
148.23,26.89,29.84,50.25,26.67,30.35,Clear,Low,7,2,88.04,4.967493297587131,0,0.161192465974565,LOW
44.19,35.47,15.82,56.83,38.93,23.51,Cloudy,Low,7,1,90.12,2.793299620733249,0,0.16099949605295205,LOW
50.09,25.84,15.41,50.19,28.4,28.94,Cloudy,Low,11,2,77.29,3.250486696950033,0,0.16098364552057146,LOW
65.35,29.53,18.12,43.09,40.89,29.56,Cloudy,Low,20,3,78.59,3.6065121412803527,0,0.16032079979360228,LOW
22.17,39.62,14.79,45.67,27.44,24.06,Clear,Medium,5,3,88.75,1.4989858012170387,1,0.16008089746493967,LOW
95.28,26.43,19.65,56.89,46.58,29.15,Clear,Low,12,3,68.86,4.848854961832061,0,0.15947881149376097,LOW
101.76,35.88,22.95,65.23,30.89,13.46,Clear,Low,12,2,68.44,4.433986928104575,1,0.15911127501362923,LOW
52.16,21.19,19.51,55.39,38.11,30.65,Cloudy,Low,17,4,75.48,2.673500768836494,0,0.15844369568428374,LOW
76.25,18.15,14.24,59.58,26.33,27.86,Clear,Low,10,4,81.29,5.354634831460674,0,0.15822504780111252,LOW
99.14,31.32,23.7,50.1,23.57,32.39,Clear,Medium,12,0,82.43,4.183122362869199,0,0.15820465280550947,LOW
96.89,24.3,21.79,56.58,40.12,32.66,Clear,Medium,5,3,76.96,4.4465351078476365,0,0.1577788718302124,LOW
50.32,36.11,14.94,40.38,28.11,15.33,Clear,Low,6,3,84.66,3.3681392235609104,1,0.15772404589438124,LOW
89.32,37.13,19.71,49.01,40.56,29.67,Cloudy,Low,13,2,75.03,4.531709791983764,1,0.15728075495456623,LOW
67.38,36.46,16.08,44.86,20.87,26.89,Clear,Low,14,4,86.59,4.190298507462686,0,0.156263838262321,LOW
74.37,18.01,15.03,49.26,32.43,24.6,Clear,Low,4,4,78.15,4.9481037924151705,0,0.15617346954771838,LOW
53.99,38.19,15.32,50.6,28.6,21.59,Cloudy,Low,18,2,86.59,3.524151436031332,0,0.15558557766414546,LOW
60.79,33.92,17.57,51.49,43.5,21.3,Clear,Low,1,3,78.6,3.459874786568013,0,0.15492335242355576,LOW
20.18,19.09,6.5,52.42,47.32,31.44,Clear,Low,10,2,77.43,3.1046153846153848,0,0.15454752952398687,LOW
98.46,17.9,16.16,56.95,31.13,26.91,Clear,Low,19,2,76.25,6.092821782178217,0,0.1543759277502298,LOW
42.95,35.25,14.82,50.15,28.51,23.46,Clear,Low,2,1,86.13,2.8981106612685563,0,0.15432110658106457,LOW
23.78,18.34,6.53,40.18,29.26,16.99,Clear,Low,8,3,78.98,3.641653905053599,0,0.15420837869354004,LOW
48.54,24.49,11.53,48.94,23.64,22.73,Clear,Low,19,3,92.03,4.209887250650477,0,0.15420191825662985,LOW
68.53,17.56,14.87,43.24,43.0,28.69,Clear,Low,8,2,80.83,4.608607935440484,0,0.15392557753911115,LOW
53.96,27.08,11.04,50.79,44.33,18.44,Clear,Low,10,2,84.42,4.88768115942029,0,0.15342582262722312,LOW
65.65,30.91,13.83,53.41,43.4,24.31,Clear,Low,11,3,92.87,4.746926970354303,0,0.15326604133478236,LOW
36.0,19.98,5.79,51.93,29.56,28.39,Cloudy,Low,15,1,80.89,6.217616580310881,0,0.15310110931909024,LOW
113.33,31.2,25.03,59.46,29.68,29.62,Clear,Low,5,4,84.68,4.527766679984019,1,0.15286608201134952,LOW
90.33,31.01,20.68,54.28,35.03,27.45,Clear,Low,2,4,87.6,4.367988394584139,1,0.15215765844630083,LOW
96.5,32.62,19.89,59.84,34.0,26.67,Cloudy,Low,6,4,81.2,4.851684263448969,0,0.15170488333347062,LOW
86.06,24.22,18.16,47.06,19.18,25.17,Clear,Low,7,3,71.83,4.73898678414097,0,0.1505386077849081,LOW
25.5,28.42,12.14,48.37,20.8,29.77,Cloudy,Low,16,2,80.33,2.100494233937397,0,0.14975700270342715,LOW
63.24,27.44,15.93,53.6,30.99,28.83,Clear,Low,12,4,72.68,3.969868173258004,1,0.14966063060107873,LOW
80.69,34.36,19.72,50.88,34.92,28.25,Clear,Low,10,4,87.55,4.091784989858012,0,0.1495357344552363,LOW
39.32,39.5,14.28,64.28,35.29,19.84,Clear,Low,15,3,92.3,2.753501400560224,0,0.1492189128290952,LOW
78.18,25.23,20.47,41.58,38.63,24.57,Clear,Low,4,1,77.71,3.8192476795310215,0,0.14920089332828668,LOW
62.73,19.22,10.01,49.47,29.27,32.16,Clear,Medium,6,1,85.36,6.266733266733267,0,0.14912801162511935,LOW
88.86,36.81,20.64,48.17,26.37,20.49,Clear,Low,11,4,81.18,4.305232558139535,0,0.14853203501587864,LOW
87.4,35.71,21.27,56.23,35.88,24.94,Clear,Low,3,3,96.98,4.109073812881994,0,0.14852544098603973,LOW
68.6,21.14,15.86,52.69,35.86,27.19,Clear,Low,14,3,87.49,4.325346784363178,0,0.14818083912155702,LOW
67.65,21.92,13.77,48.62,26.93,26.78,Clear,Low,19,1,80.48,4.91285403050109,0,0.14804431906155577,LOW
49.97,23.86,11.31,55.64,28.31,26.7,Cloudy,Low,11,2,80.16,4.418213969938107,0,0.14780852379946674,LOW
65.86,22.31,17.04,48.06,32.05,28.08,Clear,Low,5,2,80.4,3.865023474178404,0,0.14723395931757452,LOW
93.27,16.85,18.25,60.21,24.41,25.16,Clear,Low,5,1,80.35,5.110684931506849,0,0.14699935182077994,LOW
75.08,20.59,16.59,50.94,41.91,31.01,Clear,Low,18,4,88.77,4.5256178420735385,0,0.1469814623968098,LOW
66.82,33.98,17.69,52.72,28.22,30.23,Cloudy,Medium,20,1,87.19,3.77727529677784,1,0.1461117247157524,LOW
52.72,36.97,16.25,53.96,36.29,20.56,Cloudy,Low,12,1,63.57,3.244307692307692,0,0.14586139512637966,LOW
31.5,21.14,10.05,67.33,28.67,19.7,Clear,Low,2,4,91.78,3.134328358208955,0,0.14535527510555735,LOW
67.98,35.74,18.6,42.76,34.07,25.55,Clear,Low,15,4,81.35,3.6548387096774193,0,0.1450423177410025,LOW
70.62,23.7,15.95,57.71,31.18,26.25,Clear,Low,15,4,87.13,4.427586206896552,0,0.14503517436153332,LOW
89.09,16.39,17.91,56.1,39.51,35.26,Clear,Low,20,1,78.47,4.974316024567281,1,0.14498071535665585,LOW
55.79,39.73,17.38,49.18,16.86,34.08,Clear,Low,19,3,89.81,3.210011507479862,0,0.1449358231991568,LOW
47.24,31.69,11.69,47.99,34.53,29.45,Clear,Low,3,2,83.32,4.041060735671515,0,0.14456829665187731,LOW
98.65,31.75,23.1,41.08,38.94,28.38,Cloudy,Low,8,2,78.76,4.270562770562771,0,0.14447511921036962,LOW
75.33,31.43,22.48,52.86,35.71,23.57,Clear,Low,15,4,84.84,3.3509786476868326,0,0.1435658312400516,LOW
23.62,22.41,10.09,49.63,25.47,25.38,Clear,Low,15,4,87.71,2.3409316154608524,0,0.14336307703652929,LOW
29.49,39.46,14.79,56.84,40.49,23.92,Cloudy,Low,9,2,85.71,1.9939148073022317,0,0.14332937816948338,LOW
88.25,31.89,18.09,48.95,19.99,21.4,Clear,Low,9,3,71.75,4.878385848535102,0,0.14322829591595437,LOW
47.69,18.6,11.88,51.53,42.29,23.95,Clear,Low,10,2,84.26,4.014309764309764,0,0.14314110694630108,LOW
96.86,24.07,20.29,49.73,28.34,28.28,Cloudy,Low,12,1,85.54,4.773780187284377,0,0.14301814222481926,LOW
92.81,38.43,21.99,55.82,33.33,11.68,Clear,Low,12,1,82.76,4.220554797635289,0,0.14261256457743962,LOW
35.62,33.46,11.53,49.25,15.0,22.59,Clear,Low,18,4,84.53,3.0893321769297484,0,0.14261130013557255,LOW
47.83,23.96,15.84,53.05,36.65,26.92,Clear,Low,1,3,78.31,3.019570707070707,0,0.14246317009401968,LOW
55.63,29.12,13.03,50.26,17.68,21.77,Clear,Low,2,2,82.9,4.269378357636224,0,0.14213128800684494,LOW
70.57,34.81,18.82,55.96,25.56,27.27,Cloudy,Low,15,3,74.07,3.749734325185972,0,0.14208372124091517,LOW
45.59,21.83,8.81,58.78,29.69,26.02,Clear,Low,6,3,97.6,5.174801362088536,0,0.14192432064188407,LOW
69.21,34.41,16.91,63.88,27.46,26.17,Clear,Low,10,3,79.11,4.09284447072738,0,0.1416587973878611,LOW
32.48,32.93,9.27,49.22,33.84,16.89,Clear,Low,12,4,78.97,3.503775620280474,1,0.1414350990619477,LOW
27.2,16.21,7.96,61.77,32.0,20.46,Clear,Low,4,3,87.0,3.4170854271356785,0,0.14109105536998276,LOW
97.4,29.8,21.31,58.14,27.17,26.32,Cloudy,Low,8,3,87.04,4.570624120131394,0,0.14093410218298097,LOW
39.96,16.27,11.25,52.79,32.18,29.96,Clear,Low,20,4,73.08,3.552,0,0.14087645149414554,LOW
60.49,37.25,18.86,57.97,42.69,24.58,Clear,Low,18,0,86.13,3.207317073170732,0,0.14075417277758578,LOW
54.81,38.4,14.99,51.75,27.52,30.44,Clear,Low,2,1,85.75,3.656437625083389,0,0.14066132836748443,LOW
22.16,22.07,8.23,56.55,41.1,21.94,Clear,Low,9,4,80.95,2.692588092345079,0,0.1405217648158723,LOW
53.16,26.18,14.03,55.9,35.97,31.79,Clear,Medium,20,4,69.38,3.789023521026372,0,0.14050449618335883,LOW
41.25,18.97,9.9,61.39,24.73,21.8,Clear,Low,13,3,83.78,4.166666666666666,0,0.14029874352272034,LOW
40.12,16.56,11.48,61.61,45.29,25.72,Clear,Low,15,2,80.09,3.4947735191637626,0,0.14005051640887517,LOW
46.11,22.3,11.7,66.06,27.94,20.27,Clear,Low,20,3,84.23,3.941025641025641,0,0.1397400934228909,LOW
92.28,17.66,22.47,70.0,32.95,22.9,Clear,Low,8,3,74.86,4.106809078771696,0,0.13961292635242104,LOW
32.72,27.64,7.85,52.94,39.73,14.92,Clear,Low,13,4,85.34,4.168152866242038,0,0.13959525510270074,LOW
92.24,24.97,18.09,53.31,33.78,24.71,Clear,Low,7,2,75.5,5.098949695964621,0,0.1391360977634159,LOW
82.62,39.27,20.72,52.05,15.0,24.92,Clear,Low,19,3,74.56,3.987451737451738,0,0.13905352057373152,LOW
82.82,33.26,20.74,52.09,40.86,30.79,Clear,Low,7,4,67.09,3.9932497589199616,0,0.13880014244757372,LOW
115.88,38.98,26.98,64.52,25.69,34.08,Clear,Low,10,1,76.1,4.2950333580429945,0,0.13840309486499863,LOW
23.36,22.46,8.66,66.35,29.72,21.05,Clear,Low,10,4,82.1,2.697459584295612,0,0.13839316679068267,LOW
80.61,36.1,19.19,64.05,39.69,22.91,Clear,Low,13,3,70.76,4.200625325690464,0,0.13792749848228833,LOW
81.15,26.44,15.91,54.4,39.71,24.39,Clear,Low,9,1,79.59,5.100565681961031,0,0.1379108120193742,LOW
87.14,16.83,15.24,60.0,26.21,18.81,Clear,Low,7,1,89.2,5.717847769028872,0,0.13784484557764823,LOW
37.41,28.15,15.83,51.13,34.29,15.89,Clear,Low,4,3,80.78,2.3632343651295007,0,0.13776128515446742,LOW
24.48,24.85,9.7,59.07,31.45,25.07,Clear,Low,4,2,77.24,2.523711340206186,0,0.13709807337390234,LOW
58.65,34.39,17.4,50.48,45.31,29.78,Clear,Low,6,3,93.64,3.370689655172414,0,0.13681081319261282,LOW
46.98,20.45,7.56,54.81,37.02,24.05,Clear,Low,16,3,87.72,6.214285714285714,1,0.13677892068420175,LOW
36.37,21.72,10.81,58.64,37.29,19.79,Clear,Low,6,3,88.34,3.3644773358001845,0,0.13665632349368392,LOW
60.03,28.6,13.97,42.44,36.09,28.06,Clear,Low,13,3,88.57,4.2970651395848245,0,0.1363983638518272,LOW
79.03,38.82,23.11,40.9,34.56,32.4,Clear,Low,20,1,82.86,3.419731717871052,0,0.1359522709194363,LOW
82.13,27.9,17.14,55.06,20.68,14.87,Clear,Low,16,4,81.89,4.79171528588098,0,0.13559256073044537,LOW
96.61,35.4,19.48,44.59,36.95,25.29,Clear,Low,4,2,92.51,4.959445585215605,0,0.13525332686977165,LOW
93.14,26.4,19.47,56.57,18.66,20.8,Clear,Low,12,0,86.02,4.783769902413971,0,0.13525229833895058,LOW
55.47,26.24,15.58,61.51,41.93,28.6,Clear,Low,4,4,72.64,3.560333761232349,0,0.13497519498188404,LOW
66.62,25.64,17.43,51.93,29.13,24.77,Clear,Low,18,2,95.58,3.822145725760184,0,0.13426352741912284,LOW
33.59,34.1,12.67,45.38,27.48,30.04,Clear,Low,7,4,75.31,2.651144435674823,0,0.13416764159786762,LOW
41.42,18.53,9.66,60.29,24.99,26.57,Clear,Low,16,1,87.3,4.287784679089027,1,0.1337845479176533,LOW
26.19,37.54,9.72,47.05,29.7,21.42,Clear,Low,13,1,72.42,2.694444444444444,0,0.13337729201642906,LOW
23.4,21.36,8.84,52.24,43.54,32.44,Clear,Low,18,2,82.36,2.647058823529412,0,0.13325426585471947,LOW
99.1,33.49,17.77,66.31,28.86,27.3,Clear,Low,14,3,81.38,5.576814856499719,0,0.1331322950226804,LOW
99.27,33.45,21.34,61.49,24.04,26.04,Clear,Low,5,3,79.8,4.65182755388941,0,0.13313216728635652,LOW
80.99,38.02,20.42,58.92,29.91,23.67,Clear,Low,4,1,70.79,3.966209598432908,0,0.1328836830068049,LOW
149.28,38.07,34.27,62.68,26.01,23.72,Clear,Low,20,4,93.32,4.355996498395097,0,0.1326925152106949,LOW
31.38,20.38,10.12,52.73,25.84,13.76,Clear,Low,10,2,86.36,3.100790513833992,0,0.1326636516082382,LOW
69.56,33.97,19.3,50.24,28.74,27.34,Clear,Low,17,3,88.86,3.604145077720207,0,0.132617251284181,LOW
95.96,15.95,16.69,62.56,39.36,20.7,Clear,Low,11,4,78.17,5.749550629119232,1,0.13258893049305664,LOW
39.69,20.27,10.31,56.57,35.46,26.8,Clear,Low,14,1,82.04,3.849660523763336,0,0.13235429895504594,LOW
23.84,27.19,8.55,68.03,32.09,25.99,Clear,Low,14,3,82.98,2.7883040935672514,0,0.13234981122782213,LOW
31.95,32.32,13.24,56.98,38.24,24.22,Clear,Low,1,4,84.05,2.413141993957704,0,0.13225131156585132,LOW
91.75,31.8,24.7,62.56,42.04,22.86,Clear,Low,16,3,84.3,3.714574898785425,0,0.13207695979218195,LOW
51.23,20.59,8.98,58.07,42.09,35.19,Clear,Low,7,1,78.16,5.70489977728285,1,0.13150954978514168,LOW
96.56,22.2,20.05,55.61,31.24,24.49,Cloudy,Low,20,3,75.44,4.815960099750623,0,0.1314993497924946,LOW
84.79,29.55,19.93,55.8,31.68,22.95,Clear,Low,2,3,75.13,4.254390366281988,0,0.1313907319231017,LOW
69.77,22.99,16.32,64.5,43.91,18.36,Clear,Low,9,3,80.76,4.275122549019607,0,0.13138064870404115,LOW
60.5,28.03,11.08,60.7,37.91,27.1,Clear,Low,10,2,83.42,5.46028880866426,0,0.13137022763466624,LOW
36.11,30.72,11.0,54.81,34.5,23.38,Clear,Low,4,4,81.14,3.2827272727272727,1,0.13110708658537798,LOW
93.03,35.97,21.61,49.35,31.88,27.1,Clear,Low,6,2,91.32,4.304951411383619,0,0.13105491995376037,LOW
80.06,21.54,16.67,53.37,35.85,30.19,Clear,Low,13,0,82.72,4.802639472105579,0,0.13095658281930198,LOW
52.09,27.33,16.09,49.85,39.65,25.83,Clear,Low,11,1,82.79,3.237414543194531,0,0.13053380292801595,LOW
25.82,16.32,7.3,54.6,17.38,21.21,Clear,Low,17,1,87.39,3.536986301369863,0,0.1304683575507821,LOW
25.65,38.63,9.44,57.42,40.65,28.38,Clear,Low,14,4,85.12,2.7171610169491527,0,0.1300798205056661,LOW
59.26,28.65,12.74,57.68,36.32,25.2,Clear,Low,4,4,79.32,4.65149136577708,0,0.1297911327455416,LOW
60.25,24.73,14.28,68.13,32.34,26.97,Clear,Low,19,2,77.21,4.219187675070028,0,0.1296146057207559,LOW
26.29,25.56,9.17,53.69,32.73,32.94,Clear,Low,14,3,84.56,2.866957470010905,0,0.129610094943186,LOW
88.62,29.35,22.14,59.26,44.84,29.81,Clear,Low,19,2,88.55,4.002710027100271,0,0.12954109637692673,LOW
33.99,25.76,5.79,53.97,32.02,33.54,Clear,Low,11,0,84.76,5.870466321243524,0,0.1295017441983431,LOW
37.68,29.11,10.02,52.42,33.82,32.14,Clear,Low,13,4,73.1,3.760479041916168,0,0.12949821044400453,LOW
95.88,29.85,19.8,46.13,40.37,28.56,Clear,Low,10,4,73.59,4.842424242424242,0,0.12902206303419603,LOW
76.43,39.67,19.53,43.03,17.35,24.25,Clear,Low,6,0,69.29,3.913466461853559,0,0.12896758869609593,LOW
55.92,35.93,17.1,47.47,35.42,28.22,Clear,Low,10,2,73.14,3.270175438596491,0,0.1288542835649693,LOW
47.59,31.18,16.14,52.99,36.4,25.79,Clear,Low,8,2,80.91,2.948574969021066,0,0.1288542835649693,LOW
90.18,35.98,19.06,63.85,30.77,23.81,Clear,Low,11,2,84.52,4.731374606505772,0,0.12863646379284543,LOW
39.8,31.37,10.73,60.39,35.14,29.01,Clear,Low,19,3,84.79,3.709226467847157,0,0.12839200786631316,LOW
29.38,28.9,10.16,65.81,24.86,25.63,Clear,Low,6,3,81.15,2.8917322834645667,0,0.1282221140218347,LOW
94.03,20.35,19.77,54.25,28.98,22.46,Clear,Low,14,2,83.95,4.756196256954983,0,0.12807933859733858,LOW
85.44,17.24,17.51,64.74,34.36,25.39,Clear,Low,17,1,77.66,4.879497430039977,0,0.1280309974548124,LOW
71.0,35.29,19.09,60.15,29.77,25.66,Clear,Low,11,3,77.98,3.719224724986904,0,0.1279553284511611,LOW
73.55,18.56,20.03,61.53,18.47,22.08,Clear,Low,12,2,79.74,3.6719920119820255,0,0.12794383781680502,LOW
46.74,21.4,13.44,61.98,30.05,22.0,Clear,Low,11,2,91.51,3.477678571428572,0,0.12776793847865714,LOW
87.77,37.14,22.03,44.17,33.23,33.19,Clear,Low,4,0,80.15,3.98411257376305,0,0.1276759483927694,LOW
89.48,32.42,20.93,53.57,35.32,29.07,Clear,Low,13,0,78.86,4.275203057811754,0,0.12757002953732796,LOW
40.67,15.38,15.25,56.86,40.23,17.6,Clear,Low,6,2,90.06,2.66688524590164,0,0.1275235441597074,LOW
65.91,25.45,13.87,66.38,34.58,19.88,Clear,Low,10,2,79.58,4.751982696467196,0,0.12713444809021818,LOW
57.85,27.22,12.36,62.01,43.2,29.14,Clear,Low,7,3,74.54,4.680420711974111,0,0.12640925722138424,LOW
36.94,19.49,11.49,66.16,40.47,27.07,Clear,Low,15,3,74.02,3.2149695387293296,0,0.1261938102786186,LOW
53.41,34.64,15.06,52.89,29.2,20.19,Clear,Low,16,2,86.85,3.5464807436918986,0,0.12607847028079455,LOW
59.23,24.43,13.48,57.6,32.18,24.89,Clear,Low,2,2,84.62,4.393916913946587,0,0.1260157759231438,LOW
45.04,38.69,13.79,45.79,38.71,16.55,Clear,Low,5,2,82.33,3.2661348803480785,0,0.1259922198232711,LOW
29.54,35.95,10.29,56.21,40.17,27.03,Clear,Low,15,3,67.2,2.870748299319728,0,0.12574124373223644,LOW
96.38,23.39,19.4,53.14,32.89,28.44,Clear,Low,6,3,75.28,4.968041237113402,0,0.12565121648600616,LOW
90.03,31.54,20.77,55.29,37.11,28.3,Clear,Low,19,1,68.33,4.334617236398652,0,0.12529542625403003,LOW
55.73,29.54,13.67,61.2,28.86,27.95,Clear,Low,17,2,67.37,4.076810534016094,1,0.1249160721739462,LOW
51.37,24.45,13.54,41.74,35.83,23.51,Cloudy,Low,18,1,91.59,3.793943870014771,1,0.1246849855500873,LOW
97.56,25.96,20.24,57.6,23.57,27.03,Clear,Low,4,3,70.94,4.820158102766799,0,0.12460484080993507,LOW
47.73,29.28,16.34,54.3,30.46,25.19,Clear,Low,20,1,78.03,2.921052631578948,0,0.12433296739788378,LOW
95.05,25.35,22.91,54.82,41.93,21.49,Cloudy,Low,17,4,88.12,4.1488432998690525,0,0.12415378240648148,LOW
52.91,20.48,8.69,49.79,26.44,29.47,Clear,Low,13,5,91.27,6.0886075949367084,0,0.1234916896181854,LOW
32.93,39.24,14.47,43.08,38.45,19.81,Clear,Low,7,3,100.0,2.2757429163787144,0,0.1231737247391635,LOW
49.11,36.64,15.45,51.35,38.52,33.5,Clear,Low,10,3,83.78,3.178640776699029,0,0.12289387242686345,LOW
32.97,37.71,12.27,68.87,44.44,21.78,Clear,Low,7,3,71.53,2.687041564792176,0,0.12250746547678044,LOW
21.69,22.55,9.69,52.98,21.09,26.53,Clear,Low,12,3,76.23,2.238390092879257,1,0.12242699812303405,LOW
143.94,18.69,24.26,67.65,27.98,30.73,Clear,Low,9,0,74.66,5.933223413025556,1,0.12222064297517493,LOW
69.76,36.87,20.43,59.36,25.72,29.55,Clear,Low,20,3,68.75,3.4145863925599613,0,0.12209725475769209,LOW
42.72,33.96,13.26,56.1,32.59,26.56,Clear,Low,14,2,77.45,3.2217194570135748,0,0.12162261761782986,LOW
48.43,29.99,13.87,68.52,38.19,24.75,Clear,Low,13,3,81.56,3.491708723864456,0,0.12161982561344704,LOW
85.43,33.5,18.7,62.56,28.5,19.88,Clear,Low,17,2,78.1,4.568449197860963,0,0.12112510378693067,LOW
51.11,37.16,18.92,55.6,29.1,20.4,Clear,Low,12,1,78.31,2.7013742071881603,0,0.12097260884890737,LOW
45.36,35.41,13.91,58.67,38.87,26.99,Clear,Low,16,1,86.33,3.260963335729691,0,0.12081102859508151,LOW
73.84,25.04,17.25,59.71,24.72,29.11,Clear,Low,2,4,78.27,4.280579710144928,0,0.1207688205330849,LOW
63.82,35.03,18.23,57.22,29.47,25.32,Clear,Low,20,2,95.19,3.50082281952825,0,0.12074187663407328,LOW
78.32,39.03,20.85,55.79,41.2,21.06,Clear,Low,18,2,86.77,3.7563549160671457,0,0.11973320600317741,LOW
97.79,37.51,21.78,57.02,39.09,27.17,Clear,Low,20,2,89.94,4.48989898989899,0,0.11951656342890346,LOW
35.94,21.34,16.02,64.89,40.43,27.8,Clear,Low,13,1,91.36,2.243445692883895,0,0.11943928624453512,LOW
92.07,31.2,22.34,49.23,24.71,30.47,Clear,Low,9,0,100.0,4.121307072515667,0,0.11928419192066092,LOW
52.18,22.8,12.42,62.11,37.84,32.43,Clear,Low,12,2,87.02,4.201288244766506,0,0.11917126738144795,LOW
44.68,24.9,13.24,57.73,32.33,29.57,Clear,Low,20,2,77.29,3.3746223564954683,0,0.11877556259807515,LOW
67.04,37.14,20.51,55.55,32.19,30.85,Clear,Low,5,4,77.54,3.2686494392979037,0,0.118469738108749,LOW
73.4,38.83,20.07,50.26,37.71,24.79,Clear,Low,6,0,86.04,3.657199800697559,0,0.1184560445308081,LOW
21.45,23.95,10.3,52.59,38.97,31.36,Clear,Low,13,4,74.7,2.08252427184466,0,0.11754636882675476,LOW
63.18,36.85,17.82,69.26,34.38,17.5,Clear,Low,6,4,62.63,3.5454545454545454,0,0.11697044341886768,LOW
95.31,22.48,22.16,62.24,33.11,23.8,Clear,Low,5,2,74.04,4.300992779783393,0,0.1165122937419846,LOW
73.61,38.48,23.76,58.59,44.19,31.7,Clear,Low,12,2,86.79,3.0980639730639727,0,0.11627997062347797,LOW
45.67,17.96,12.98,60.35,37.01,31.28,Clear,Low,11,2,73.83,3.5184899845916795,0,0.11618979739551501,LOW
49.37,28.69,16.42,61.5,33.75,22.88,Clear,Low,9,1,86.41,3.006699147381242,0,0.11548358164441506,LOW
30.1,38.03,12.98,64.86,28.74,24.61,Clear,Low,14,1,69.86,2.3189522342064715,0,0.11389454476418352,LOW
90.18,29.85,20.96,55.44,34.07,30.8,Clear,Low,2,1,82.56,4.302480916030534,0,0.11253055586495801,LOW
148.75,32.21,34.21,58.71,38.44,17.92,Clear,Low,8,3,76.07,4.348143817597194,1,0.11136608397295714,LOW
23.61,28.69,11.94,65.4,37.63,25.93,Clear,Low,18,0,83.09,1.9773869346733668,0,0.11118352555826373,LOW
36.87,38.88,14.17,50.9,38.57,33.38,Clear,Low,15,1,66.83,2.60197600564573,0,0.10870198719297328,LOW
20.87,22.42,10.17,52.49,34.22,25.54,Clear,Low,14,4,92.15,2.0521140609636186,0,0.10861709030906902,LOW
98.36,24.52,21.13,70.0,25.18,26.25,Clear,Low,7,1,79.58,4.6549929010885,0,0.10460756209587013,LOW
26.83,38.76,16.19,57.24,42.44,26.86,Clear,Low,8,4,77.83,1.6571957998764668,0,0.10130684920386446,LOW
55.68,26.52,14.7,52.08,28.51,20.45,Clear,Low,11,2,82.72,3.787755102040816,0,0.09712319513496458,LOW
43.75,29.12,11.56,56.97,38.25,35.59,Clear,Low,13,2,85.61,3.784602076124567,0,0.08618921746853338,LOW
