Distance_km,Coal_Weight_Ton,Fuel_Used_Liters,Average_Speed_kmh,Loading_Time_Min,Unloading_Time_Min,Weather,Traffic_Level,Driver_Experience_Years,Previous_Delays,Safety_Score,Fuel_Efficiency_km_per_liter,Delay_Probability,Actual_Delay,Risk_Level,Recommended_Action
137.35,24.18,28.63,48.96,43.56,23.12,Cloudy,Medium,11,4,83.47,4.797415298637793,0.3456011326048576,0,MEDIUM,Monitor trip
79.03,38.82,23.11,40.9,34.56,32.4,Clear,Low,20,1,82.86,3.4197317178710516,0.1297406282603221,0,LOW,Normal operation
123.58,25.09,25.26,58.17,29.9,24.16,Cloudy,Low,16,2,81.66,4.892319873317498,0.20869647473740507,0,LOW,Normal operation
98.47,34.33,23.54,39.93,33.3,25.08,Rain,Low,6,3,76.81,4.183092608326254,0.2840921698541455,1,LOW,Normal operation
32.97,37.71,12.27,68.87,44.44,21.78,Clear,Low,7,3,71.53,2.687041564792176,0.13494896953595428,0,LOW,Normal operation
24.34,38.99,13.74,40.29,26.79,27.21,Cloudy,Medium,8,5,87.24,1.7714701601164482,0.2902185556960057,1,LOW,Normal operation
51.79,29.93,18.31,31.47,26.96,25.76,Heavy_Rain,Medium,10,1,84.76,2.828509011469143,0.6187422611880525,1,HIGH,Increase trip monitoring
65.45,22.7,13.95,44.67,31.63,28.48,Clear,High,16,4,73.02,4.691756272401435,0.2997075510637148,0,LOW,Normal operation
97.79,37.51,21.78,57.02,39.09,27.17,Clear,Low,20,2,89.94,4.48989898989899,0.1238210433921671,0,LOW,Normal operation
132.99,19.78,24.03,37.8,34.59,14.28,Rain,Medium,3,4,82.71,5.534332084893883,0.4880662918933668,1,MEDIUM,Monitor trip
63.24,27.44,15.93,53.6,30.99,28.83,Clear,Low,12,4,72.68,3.969868173258004,0.1506547259987919,1,LOW,Normal operation
98.53,27.67,21.4,42.92,30.67,20.8,Rain,High,10,2,72.55,4.6042056074766355,0.35118434095577683,0,MEDIUM,Monitor trip
54.81,38.4,14.99,51.75,27.52,30.44,Clear,Low,2,1,85.75,3.656437625083389,0.16596176238772153,0,LOW,Normal operation
58.65,34.39,17.4,50.48,45.31,29.78,Clear,Low,6,3,93.64,3.370689655172414,0.15602638083221884,0,LOW,Normal operation
74.61,31.14,16.67,42.66,36.59,28.24,Clear,High,12,2,93.05,4.475704859028194,0.2733384654030442,0,LOW,Normal operation
122.71,19.04,27.07,49.4,42.91,17.21,Clear,Low,14,3,81.96,4.533062430735131,0.23980785463260684,0,LOW,Normal operation
62.84,33.88,21.8,60.55,43.08,31.01,Cloudy,Low,1,3,92.04,2.8825688073394495,0.21876467594647525,0,LOW,Normal operation
30.55,18.3,7.32,51.18,32.62,21.3,Cloudy,Low,13,4,73.21,4.173497267759563,0.18832031214199302,1,LOW,Normal operation
139.8,22.66,26.07,56.73,44.24,13.5,Cloudy,Medium,17,2,84.98,5.362485615650173,0.23848537576247264,1,LOW,Normal operation
23.38,33.43,14.13,40.46,39.86,18.54,Rain,Medium,18,5,78.86,1.6546355272469921,0.46528425936593704,1,MEDIUM,Monitor trip
97.69,30.12,21.31,54.62,24.02,19.06,Clear,Medium,7,2,79.13,4.584232754575317,0.1584131392927068,0,LOW,Normal operation
77.31,26.16,16.63,47.68,42.44,23.45,Cloudy,Low,4,2,77.2,4.648827420324714,0.18623288194895302,1,LOW,Normal operation
126.85,18.64,28.23,33.24,27.73,25.86,Rain,Medium,6,3,80.61,4.493446687920652,0.5829600520610341,1,HIGH,Increase trip monitoring
125.17,25.49,25.67,23.83,35.49,16.98,Rain,Medium,13,5,84.56,4.876119984417608,0.6682136011610872,1,HIGH,Increase trip monitoring
139.98,34.4,28.4,52.73,37.3,27.96,Clear,Low,15,4,83.27,4.928873239436619,0.22571098643719573,0,LOW,Normal operation
21.89,18.07,10.4,36.81,23.75,27.25,Clear,High,2,3,81.88,2.104807692307692,0.32531294988164283,0,MEDIUM,Monitor trip
75.08,20.59,16.59,50.94,41.91,31.01,Clear,Low,18,4,88.77,4.5256178420735385,0.14930155058100633,0,LOW,Normal operation
136.68,23.2,27.9,52.81,30.59,28.8,Rain,Low,4,1,74.06,4.898924731182796,0.3184310345625764,0,MEDIUM,Monitor trip
61.05,23.32,24.92,22.32,24.83,21.63,Heavy_Rain,Medium,11,2,86.0,2.44983948635634,0.6856228062042662,1,HIGH,Increase trip monitoring
56.07,25.18,15.13,43.82,23.74,25.64,Heavy_Rain,Low,10,6,93.58,3.705882352941176,0.41876753424634294,0,MEDIUM,Monitor trip
109.46,19.01,24.56,47.08,39.66,30.52,Cloudy,Low,20,4,82.97,4.456840390879479,0.25122443344204015,1,LOW,Normal operation
91.25,18.48,18.45,39.18,32.35,27.18,Heavy_Rain,Low,10,1,88.14,4.94579945799458,0.3145866510006917,0,MEDIUM,Monitor trip
122.07,37.42,27.09,64.44,30.86,26.78,Clear,Low,12,3,81.15,4.506090808416389,0.18137948506769808,0,LOW,Normal operation
54.11,35.33,14.45,63.7,42.81,21.57,Clear,Low,18,5,83.85,3.7446366782006923,0.2353322365404638,1,LOW,Normal operation
30.96,19.43,8.61,55.58,22.14,21.55,Clear,Low,12,5,66.16,3.5958188153310107,0.17540366313730568,0,LOW,Normal operation
57.94,32.61,19.5,54.65,43.15,21.58,Clear,Medium,12,4,85.58,2.971282051282051,0.20120939402771687,0,LOW,Normal operation
74.26,23.74,16.0,55.76,25.86,28.04,Rain,Low,16,3,74.31,4.64125,0.23605063270469323,0,LOW,Normal operation
35.86,38.06,16.39,47.28,33.64,25.85,Clear,Medium,20,8,74.81,2.187919463087248,0.34907330260817,0,MEDIUM,Monitor trip
133.71,19.23,28.5,20.0,40.07,27.97,Cloudy,High,18,1,83.51,4.691578947368422,0.6280654252873662,1,HIGH,Increase trip monitoring
46.32,34.86,13.79,63.7,48.13,33.41,Clear,Low,17,5,96.34,3.3589557650471358,0.37774576461993303,1,MEDIUM,Monitor trip
25.56,37.62,10.81,49.25,37.37,25.1,Clear,Medium,5,4,82.02,2.364477335800185,0.2090093894295756,0,LOW,Normal operation
148.75,32.21,34.21,58.71,38.44,17.92,Clear,Low,8,3,76.07,4.348143817597194,0.12129594119645107,1,LOW,Normal operation
112.72,31.8,32.47,20.89,44.23,30.75,Heavy_Rain,Medium,14,1,90.19,3.4715121650754543,0.7186747497983325,0,CRITICAL,Critical monitoring - Heavy rain risk
54.24,19.34,14.1,40.58,26.8,31.8,Clear,High,18,4,75.1,3.846808510638298,0.29785858605598053,1,LOW,Normal operation
46.17,35.3,17.61,43.28,28.69,13.73,Clear,Medium,12,1,74.12,2.621805792163544,0.18596057175774183,0,LOW,Normal operation
137.36,32.39,32.01,50.61,31.5,25.53,Clear,Medium,9,4,93.5,4.291159012808498,0.31019513336901333,0,MEDIUM,Monitor trip
90.36,16.33,15.99,33.57,33.27,21.76,Cloudy,High,2,2,86.88,5.651031894934333,0.49355772009185866,1,MEDIUM,Monitor trip
145.29,20.26,29.63,57.43,47.08,17.51,Clear,Low,13,5,100.0,4.903476206547418,0.5798506957161695,1,HIGH,Increase trip monitoring
84.72,35.8,18.26,46.31,24.74,23.91,Rain,High,3,2,84.87,4.639649507119386,0.5753959828058197,1,HIGH,Increase trip monitoring
81.68,25.75,22.86,24.53,28.44,28.83,Heavy_Rain,Low,18,7,88.79,3.573053368328959,0.6646296472063351,0,HIGH,Increase trip monitoring
86.65,32.66,25.27,32.8,33.41,27.72,Rain,High,14,3,84.33,3.428967154728928,0.4606407454894499,0,MEDIUM,Monitor trip
67.78,31.43,20.02,42.77,37.73,27.16,Rain,Medium,16,5,78.44,3.3856143856143857,0.3996742036545312,0,MEDIUM,Monitor trip
23.62,22.41,10.09,49.63,25.47,25.38,Clear,Low,15,4,87.71,2.3409316154608524,0.14173992137898997,0,LOW,Normal operation
42.04,30.32,12.82,47.81,36.89,19.18,Clear,Low,8,8,91.68,3.279251170046802,0.21100623728445242,0,LOW,Normal operation
131.36,18.03,24.9,49.84,37.64,21.79,Cloudy,Low,11,4,73.8,5.275502008032129,0.2742312878875842,0,LOW,Normal operation
113.16,31.34,31.34,32.44,16.7,21.72,Heavy_Rain,Low,20,1,84.14,3.610721123165284,0.6327959315249084,0,HIGH,Increase trip monitoring
24.56,32.2,9.51,49.46,40.49,29.57,Clear,Medium,11,9,78.85,2.5825446898002102,0.3783467332036996,0,MEDIUM,Monitor trip
132.75,38.52,29.35,42.51,38.83,21.68,Rain,Medium,1,7,84.04,4.522998296422487,0.7506642305781073,0,CRITICAL,Immediate operational intervention
115.36,20.74,25.47,36.17,28.34,22.19,Rain,Low,9,2,78.28,4.529250098154692,0.4316478891545467,0,MEDIUM,Monitor trip
29.92,17.94,6.71,60.19,44.33,23.98,Cloudy,Low,16,3,81.75,4.4590163934426235,0.2073835231759679,0,LOW,Normal operation
135.87,23.04,25.06,36.66,28.37,24.93,Clear,High,2,4,84.85,5.421787709497207,0.5729422017688837,1,HIGH,Increase trip monitoring
79.66,22.18,14.07,42.63,37.34,22.6,Rain,Low,20,3,88.7,5.6616915422885565,0.2650946065318607,0,LOW,Normal operation
70.73,28.62,20.34,40.69,27.62,22.21,Clear,High,19,2,87.74,3.477384464110128,0.3231123816924129,0,MEDIUM,Monitor trip
134.31,37.72,29.7,38.25,37.4,29.28,Rain,Medium,8,4,86.25,4.522222222222222,0.4196521446506889,0,MEDIUM,Monitor trip
30.8,39.0,13.28,50.51,42.38,31.38,Clear,Medium,11,5,88.09,2.319277108433735,0.23224007560239399,0,LOW,Normal operation
82.13,27.9,17.14,55.06,20.68,14.87,Clear,Low,16,4,81.89,4.79171528588098,0.13805921581202804,0,LOW,Normal operation
129.82,31.27,27.27,24.64,44.16,26.15,Rain,High,11,4,71.01,4.76054272093876,0.7181805998825859,1,CRITICAL,Critical monitoring - High traffic
95.96,15.95,16.69,62.56,39.36,20.7,Clear,Low,11,4,78.17,5.749550629119232,0.13923766268082288,1,LOW,Normal operation
46.3,16.85,17.01,29.52,24.74,18.89,Rain,High,19,6,97.19,2.7219282774838325,0.528392458497091,0,HIGH,Increase trip monitoring
30.76,33.53,13.25,37.7,44.54,25.49,Rain,Medium,9,7,79.76,2.321509433962264,0.4670981550761446,0,MEDIUM,Monitor trip
45.36,35.41,13.91,58.67,38.87,26.99,Clear,Low,16,1,86.33,3.260963335729691,0.11543379582808483,0,LOW,Normal operation
33.33,35.24,12.71,41.89,22.23,26.83,Cloudy,High,7,7,69.51,2.6223446105428794,0.46558327511992453,0,MEDIUM,Monitor trip
76.25,18.15,14.24,59.58,26.33,27.86,Clear,Low,10,4,81.29,5.354634831460674,0.1638352107276441,0,LOW,Normal operation
130.2,22.99,26.78,43.85,47.39,32.04,Cloudy,Medium,10,0,76.63,4.861837191934279,0.4236611235021322,1,MEDIUM,Monitor trip
144.38,16.12,31.64,32.36,49.31,23.49,Rain,Low,2,6,76.47,4.563211125158028,0.8496176566169419,1,CRITICAL,Immediate operational intervention
144.65,22.63,24.73,57.61,38.21,28.45,Cloudy,Low,4,1,83.86,5.849171047310959,0.265752929721687,1,LOW,Normal operation
115.42,35.18,28.99,20.0,41.92,19.93,Heavy_Rain,High,15,4,74.56,3.981372887202484,0.799078885405957,1,CRITICAL,Critical monitoring - Heavy rain risk
58.29,22.46,13.45,49.05,33.69,24.7,Clear,Medium,3,1,68.14,4.333828996282528,0.21473901736392037,1,LOW,Normal operation
82.07,20.39,17.82,39.84,48.38,22.72,Clear,Medium,2,2,76.95,4.605499438832772,0.3095004557473759,0,MEDIUM,Monitor trip
137.88,24.55,26.44,51.13,38.22,21.97,Clear,Low,14,7,69.26,5.21482602118003,0.4242516161967868,1,MEDIUM,Monitor trip
108.8,17.09,19.45,41.04,45.49,24.12,Clear,Medium,15,1,75.46,5.593830334190232,0.5370508505669129,0,HIGH,Increase trip monitoring
86.73,19.42,18.16,42.9,22.92,28.19,Clear,Medium,3,2,77.55,4.775881057268722,0.23275253331886275,0,LOW,Normal operation
57.64,32.49,17.12,34.01,37.14,19.78,Rain,Medium,6,6,87.23,3.366822429906542,0.44805087549397055,1,MEDIUM,Monitor trip
114.3,36.94,27.0,58.26,30.41,23.0,Clear,Low,15,1,100.0,4.233333333333333,0.170699237037885,1,LOW,Normal operation
33.66,20.55,10.8,47.19,36.97,24.71,Rain,Low,10,2,86.24,3.1166666666666663,0.25712884875224956,0,LOW,Normal operation
56.84,31.21,14.16,46.09,40.35,30.61,Rain,Low,5,2,90.69,4.0141242937853105,0.24860884945973802,0,LOW,Normal operation
80.12,19.74,18.27,44.12,27.62,26.77,Rain,Low,4,2,59.87,4.385331143951834,0.24332184502049792,0,LOW,Normal operation
66.0,34.75,21.77,48.73,38.05,23.35,Cloudy,Medium,10,2,79.54,3.031694993109784,0.20417001304380775,0,LOW,Normal operation
78.6,20.67,17.45,45.37,33.61,26.3,Cloudy,Low,20,8,76.4,4.504297994269341,0.3066993995963573,0,MEDIUM,Monitor trip
22.16,30.12,13.38,33.13,40.53,22.25,Rain,Medium,11,4,77.92,1.656203288490284,0.3907769778332937,1,MEDIUM,Monitor trip
56.07,39.53,21.37,37.25,35.41,22.77,Clear,High,2,4,84.03,2.623771642489471,0.3668973941155067,1,MEDIUM,Monitor trip
51.82,26.79,11.24,40.06,43.33,25.01,Clear,Medium,16,2,85.62,4.610320284697509,0.22015698246031876,0,LOW,Normal operation
46.74,21.4,13.44,61.98,30.05,22.0,Clear,Low,11,2,91.51,3.4776785714285716,0.12697585282132876,0,LOW,Normal operation
42.83,24.39,17.21,21.98,46.5,34.83,Heavy_Rain,High,14,0,76.3,2.4886693782684484,0.7079589058257854,1,CRITICAL,Critical monitoring - Heavy rain risk
94.03,20.35,19.77,54.25,28.98,22.46,Clear,Low,14,2,83.95,4.756196256954983,0.12402957330212222,0,LOW,Normal operation
109.81,32.49,25.84,41.19,29.74,18.43,Cloudy,Medium,6,2,68.47,4.249613003095975,0.30505783268136344,0,MEDIUM,Monitor trip
99.52,28.88,23.12,38.67,41.42,31.42,Cloudy,Medium,20,1,83.04,4.304498269896193,0.259912655931944,0,LOW,Normal operation
71.66,27.76,15.83,45.55,44.54,28.04,Rain,Low,20,4,88.99,4.526847757422615,0.28008924002470803,0,LOW,Normal operation
90.47,22.78,19.98,33.19,46.58,27.76,Clear,High,2,4,90.38,4.528028028028028,0.4424979337556658,1,MEDIUM,Monitor trip
76.77,26.37,19.26,48.45,28.76,23.16,Clear,Low,7,1,66.07,3.9859813084112146,0.22187649980080795,1,LOW,Normal operation
110.65,26.46,26.51,23.05,28.3,29.41,Rain,High,3,2,83.88,4.1738966427763105,0.7286977303619072,1,CRITICAL,Critical monitoring - High traffic
23.42,27.92,11.59,37.73,37.78,30.8,Clear,High,4,1,83.51,2.020707506471096,0.2922509497798531,0,LOW,Normal operation
109.41,18.75,24.34,30.21,36.84,18.71,Clear,High,3,5,77.36,4.495069843878389,0.7145252758208507,1,CRITICAL,Critical monitoring - High traffic
76.23,35.12,16.98,36.3,47.06,19.58,Rain,Medium,7,2,95.77,4.489399293286219,0.37860157920880183,1,MEDIUM,Monitor trip
106.93,15.4,22.57,53.51,43.45,22.95,Clear,Low,4,1,99.98,4.7377049180327875,0.2140123155180444,0,LOW,Normal operation
73.42,22.29,17.15,60.13,37.78,20.52,Cloudy,Low,2,4,81.72,4.281049562682216,0.18292712109275383,1,LOW,Normal operation
104.29,33.64,28.09,52.04,45.96,36.43,Clear,Medium,10,1,90.57,3.7127091491634037,0.46985308089487565,1,MEDIUM,Monitor trip
148.94,37.38,33.88,60.69,55.75,24.21,Clear,Low,6,3,83.9,4.396103896103896,0.23549980558907962,1,LOW,Normal operation
48.53,30.15,14.63,47.46,31.73,22.44,Cloudy,Low,1,3,90.79,3.3171565276828434,0.20772258684766706,0,LOW,Normal operation
62.35,38.56,18.97,26.86,25.94,31.37,Rain,Low,9,4,79.15,3.2867685819715344,0.3582161184768068,0,MEDIUM,Monitor trip
84.84,39.8,21.74,55.19,39.37,23.38,Clear,Medium,9,6,84.68,3.9024839006439747,0.34363922287699733,0,MEDIUM,Monitor trip
135.06,37.05,36.28,20.0,32.67,23.08,Heavy_Rain,Medium,2,4,87.89,3.7227122381477398,0.8367050820305892,1,CRITICAL,Critical monitoring - Heavy rain risk
60.49,37.25,18.86,57.97,42.69,24.58,Clear,Low,18,0,86.13,3.207317073170732,0.13327469959397098,0,LOW,Normal operation
39.72,17.75,11.27,40.41,19.53,29.18,Clear,Medium,18,4,94.58,3.524401064773736,0.21008263392078344,1,LOW,Normal operation
45.59,21.83,8.81,58.78,29.69,26.02,Clear,Low,6,3,97.6,5.174801362088536,0.1426775049258404,0,LOW,Normal operation
81.63,26.26,17.9,51.11,40.37,22.71,Heavy_Rain,Low,5,3,79.82,4.560335195530726,0.40966360470221186,0,MEDIUM,Monitor trip
100.2,31.94,25.11,51.37,38.16,24.94,Clear,Low,12,4,75.17,3.990442054958184,0.20626657550572142,0,LOW,Normal operation
99.75,28.96,25.93,38.58,28.95,39.16,Heavy_Rain,Low,17,2,81.63,3.846895487851909,0.3398008026018314,1,MEDIUM,Monitor trip
107.08,18.69,27.15,22.91,39.31,19.63,Heavy_Rain,High,13,4,65.01,3.9440147329650093,0.7669154397134365,1,CRITICAL,Critical monitoring - Heavy rain risk
111.1,30.38,26.04,26.58,23.03,23.98,Rain,Medium,14,1,74.17,4.266513056835637,0.6453187362181686,0,HIGH,Increase trip monitoring
71.53,23.62,20.17,25.84,48.96,24.14,Heavy_Rain,Medium,17,4,82.41,3.546355974219137,0.7209721798863866,0,CRITICAL,Critical monitoring - Heavy rain risk
143.52,28.93,27.78,48.66,47.75,24.31,Clear,Medium,7,4,72.73,5.166306695464363,0.46833716211475235,1,MEDIUM,Monitor trip
101.0,34.41,25.28,37.34,34.56,28.27,Rain,Low,6,2,83.43,3.995253164556962,0.39054781048046106,0,MEDIUM,Monitor trip
77.61,18.85,17.07,39.69,23.29,29.22,Rain,Medium,17,7,89.17,4.5465729349736375,0.39926529765705465,0,MEDIUM,Monitor trip
92.1,39.34,23.83,50.65,49.46,22.11,Clear,Low,1,2,75.08,3.8648762064624425,0.26855638517856756,0,LOW,Normal operation
99.54,24.68,20.34,41.84,34.13,30.01,Clear,High,11,4,87.52,4.893805309734514,0.25733715069944,1,LOW,Normal operation
93.08,22.47,18.73,40.16,30.76,31.95,Rain,Medium,13,1,79.69,4.969567538707955,0.3175819671450063,0,MEDIUM,Monitor trip
75.03,19.43,20.49,38.55,37.23,24.35,Rain,High,11,0,86.43,3.6617862371888728,0.46038389557020803,0,MEDIUM,Monitor trip
79.01,25.55,21.11,47.48,25.63,12.29,Cloudy,Low,18,4,86.31,3.742775935575557,0.16686406221946704,0,LOW,Normal operation
135.24,38.69,29.96,55.21,15.55,35.16,Clear,Medium,13,1,83.57,4.514018691588785,0.254718415777301,0,LOW,Normal operation
33.94,37.55,13.89,35.3,28.35,29.01,Rain,Medium,13,2,71.14,2.4434845212383007,0.3289705637964984,0,MEDIUM,Monitor trip
87.14,16.83,15.24,60.0,26.21,18.81,Clear,Low,7,1,89.2,5.717847769028872,0.14132235207612817,0,LOW,Normal operation
107.94,35.8,30.16,59.92,27.76,26.2,Clear,Low,18,2,81.58,3.578912466843501,0.15482717266722273,0,LOW,Normal operation
76.59,35.51,16.38,34.85,17.16,17.05,Clear,High,18,4,83.96,4.675824175824176,0.3793278460967747,0,MEDIUM,Monitor trip
131.04,39.4,36.42,23.85,29.06,24.37,Rain,High,11,5,81.24,3.5980230642504116,0.7613029826779998,1,CRITICAL,Critical monitoring - High traffic
55.86,38.58,15.58,35.77,27.91,23.66,Clear,Medium,15,2,80.62,3.5853658536585367,0.21503940290816523,0,LOW,Normal operation
26.21,36.43,10.61,42.42,32.29,16.3,Clear,Medium,5,5,85.38,2.470311027332705,0.3373293485538847,0,MEDIUM,Monitor trip
68.52,35.95,20.71,41.86,37.0,16.72,Cloudy,Medium,3,3,81.26,3.3085465958474165,0.24713886487792483,0,LOW,Normal operation
53.32,29.4,14.79,59.64,37.11,22.52,Clear,High,13,6,75.12,3.605138607167005,0.378807223884094,1,MEDIUM,Monitor trip
143.76,17.84,24.99,51.56,32.83,24.05,Clear,Low,16,3,79.03,5.752701080432173,0.2172326030683506,1,LOW,Normal operation
40.86,19.58,11.61,55.77,35.03,24.47,Clear,Medium,12,1,86.9,3.5193798449612403,0.18405557085981872,0,LOW,Normal operation
90.14,36.99,22.87,51.21,42.39,26.65,Cloudy,Low,1,4,91.41,3.9414079580236114,0.2347994806440052,0,LOW,Normal operation
90.02,32.47,23.44,38.78,50.33,37.23,Clear,High,13,3,79.56,3.8404436860068256,0.3516685402445966,0,MEDIUM,Monitor trip
35.19,19.76,6.6,54.85,21.78,17.73,Clear,Low,18,3,91.63,5.331818181818182,0.1932133575704303,0,LOW,Normal operation
145.88,38.54,33.93,40.5,36.15,20.65,Rain,Low,17,3,87.08,4.299440023577954,0.32264911955324793,0,MEDIUM,Monitor trip
91.75,22.23,18.75,50.49,21.92,22.61,Clear,High,17,3,81.72,4.8933333333333335,0.27648508851536524,0,LOW,Normal operation
63.24,35.08,17.01,46.08,36.85,29.05,Cloudy,Medium,9,1,95.11,3.717813051146384,0.19395690334714605,0,LOW,Normal operation
59.53,32.37,17.18,46.54,29.33,28.6,Cloudy,Low,11,3,84.38,3.465075669383004,0.16154848798964125,0,LOW,Normal operation
37.34,35.29,13.83,41.43,45.74,29.4,Cloudy,Medium,19,1,65.77,2.6999276934201015,0.3804876401504511,1,MEDIUM,Monitor trip
20.44,31.49,12.6,28.8,37.6,30.45,Heavy_Rain,Low,2,4,80.84,1.6222222222222225,0.3835763533013041,1,MEDIUM,Monitor trip
41.38,19.45,13.66,29.19,34.53,31.13,Clear,High,5,3,87.1,3.0292825768667644,0.4012960158476152,0,MEDIUM,Monitor trip
120.93,36.21,35.39,33.3,31.77,23.92,Heavy_Rain,Low,9,3,73.5,3.4170669680700763,0.5916056789439639,1,HIGH,Increase trip monitoring
89.48,32.42,20.93,53.57,35.32,29.07,Clear,Low,13,0,78.86,4.275203057811754,0.1257682865468288,0,LOW,Normal operation
44.7,25.52,9.4,44.08,43.58,18.15,Cloudy,Medium,19,3,80.5,4.75531914893617,0.24123490588373855,0,LOW,Normal operation
137.88,24.51,26.32,51.04,28.3,22.79,Clear,Low,1,2,76.49,5.238601823708207,0.29762022766721763,1,LOW,Normal operation
101.19,33.59,22.78,39.59,39.33,31.99,Rain,Medium,16,1,76.3,4.442054433713784,0.38330402568787625,0,MEDIUM,Monitor trip
51.39,22.29,11.83,52.14,39.85,16.87,Clear,High,12,6,73.36,4.344040574809806,0.3393956664995182,0,MEDIUM,Monitor trip
95.05,36.3,24.06,44.67,32.09,27.52,Rain,Low,8,2,83.22,3.9505403158769745,0.19510108995677866,1,LOW,Normal operation
25.65,38.63,9.44,57.42,40.65,28.38,Clear,Low,14,4,85.12,2.7171610169491527,0.12572911118829908,0,LOW,Normal operation
126.76,34.38,30.14,47.13,28.1,27.97,Clear,Medium,6,1,88.56,4.205706702057067,0.28358476396854776,0,LOW,Normal operation
50.09,25.84,15.41,50.19,28.4,28.94,Cloudy,Low,11,2,77.29,3.250486696950033,0.15870495334144902,0,LOW,Normal operation
87.77,37.14,22.03,44.17,33.23,33.19,Clear,Low,4,0,80.15,3.98411257376305,0.1283449513536522,0,LOW,Normal operation
101.96,27.03,20.27,37.63,43.1,33.6,Cloudy,Medium,18,1,100.0,5.030093734583128,0.3503257622958508,1,MEDIUM,Monitor trip
42.13,29.28,12.55,41.28,37.18,33.2,Clear,Medium,18,6,80.58,3.3569721115537847,0.24473534714909728,0,LOW,Normal operation
88.03,22.14,21.45,34.53,33.96,29.4,Rain,Medium,4,3,80.1,4.103962703962704,0.40540378110311565,0,MEDIUM,Monitor trip
127.03,35.9,26.68,41.6,15.0,26.47,Clear,Medium,17,2,87.96,4.761244377811095,0.3219791271148838,1,MEDIUM,Monitor trip
32.67,23.58,9.47,38.94,35.05,35.36,Cloudy,Medium,4,0,76.55,3.4498416050686376,0.27787233633884545,0,LOW,Normal operation
133.99,35.39,31.76,25.06,57.01,21.69,Cloudy,High,2,1,83.28,4.218828715365239,0.7025293098090939,1,CRITICAL,Critical monitoring - High traffic
80.48,33.77,18.83,36.68,29.65,22.94,Cloudy,High,19,3,86.45,4.274030801911843,0.41265154882456284,0,MEDIUM,Monitor trip
84.43,26.07,20.55,36.21,31.99,21.57,Rain,Medium,17,2,85.52,4.108515815085158,0.3430665946600037,0,MEDIUM,Monitor trip
135.87,31.25,30.52,54.98,42.42,27.95,Cloudy,Low,11,4,77.47,4.451834862385321,0.24623327272960596,0,LOW,Normal operation
88.57,20.18,17.39,58.11,42.47,20.83,Clear,Low,19,5,75.58,5.093156986774008,0.28476254594978423,0,LOW,Normal operation
37.86,23.9,8.09,53.85,41.89,30.0,Clear,Medium,18,2,76.62,4.6798516687268235,0.19186007007513237,0,LOW,Normal operation
133.23,35.78,29.99,33.5,32.36,22.52,Heavy_Rain,Medium,9,4,92.41,4.442480826942314,0.7426256039885972,0,CRITICAL,Critical monitoring - Heavy rain risk
129.41,16.2,25.69,33.78,45.5,10.71,Clear,High,2,2,81.36,5.037368625924484,0.5965938997285531,1,HIGH,Increase trip monitoring
94.66,27.71,20.34,32.57,18.53,21.0,Rain,Low,7,2,88.82,4.653883972468043,0.32682232905796516,0,MEDIUM,Monitor trip
52.24,31.13,13.28,52.86,37.7,18.91,Clear,Medium,9,3,85.97,3.9337349397590367,0.19886052696647272,0,LOW,Normal operation
78.97,25.3,15.87,50.76,46.4,14.43,Rain,Medium,16,2,81.3,4.976055450535602,0.29626620441528784,0,LOW,Normal operation
113.43,25.24,25.45,38.44,27.62,23.41,Heavy_Rain,Medium,8,2,89.55,4.456974459724951,0.5254487762838831,0,HIGH,Increase trip monitoring
32.93,39.24,14.47,43.08,38.45,19.81,Clear,Low,7,3,100.0,2.2757429163787144,0.11187929048862136,0,LOW,Normal operation
87.25,20.92,16.6,47.26,33.69,25.78,Clear,Medium,8,3,74.18,5.256024096385541,0.2041448892177429,0,LOW,Normal operation
65.65,30.91,13.83,53.41,43.4,24.31,Clear,Low,11,3,92.87,4.746926970354303,0.1630123497426047,0,LOW,Normal operation
83.08,25.59,19.34,40.72,30.74,31.7,Heavy_Rain,Low,19,4,84.6,4.295760082730093,0.3946558815122238,0,MEDIUM,Monitor trip
70.36,22.77,19.61,25.9,43.92,25.81,Cloudy,Medium,19,4,89.47,3.5879653238143807,0.4059121012829958,0,MEDIUM,Monitor trip
47.69,18.6,11.88,51.53,42.29,23.95,Clear,Low,10,2,84.26,4.014309764309764,0.14792741830828218,0,LOW,Normal operation
42.14,31.34,16.58,41.17,31.04,31.94,Cloudy,Medium,7,5,91.17,2.5416164053076,0.28541045062887005,1,LOW,Normal operation
84.17,37.83,28.25,20.0,38.74,22.37,Heavy_Rain,High,1,5,77.35,2.9794690265486725,0.8175639375470857,1,CRITICAL,Critical monitoring - Heavy rain risk
113.23,23.59,28.96,27.91,48.63,27.26,Heavy_Rain,Low,14,2,83.46,3.909875690607735,0.7369643413001876,1,CRITICAL,Critical monitoring - Heavy rain risk
45.95,33.16,18.47,30.39,15.0,22.17,Rain,Medium,16,2,68.97,2.487818083378452,0.3822882598552692,1,MEDIUM,Monitor trip
60.79,33.92,17.57,51.49,43.5,21.3,Clear,Low,1,3,78.6,3.4598747865680135,0.1592696839611797,0,LOW,Normal operation
67.01,39.86,24.03,29.99,35.32,31.26,Clear,High,13,6,88.22,2.7885975863503956,0.5284164206438274,1,HIGH,Increase trip monitoring
112.97,33.37,28.39,35.22,40.64,40.0,Heavy_Rain,Low,6,9,72.48,3.9792180345191968,0.7177808648112751,1,CRITICAL,Critical monitoring - Heavy rain risk
142.6,35.18,33.19,39.28,47.15,23.55,Rain,Medium,14,2,74.56,4.296474841819825,0.5248032438385445,1,HIGH,Increase trip monitoring
129.5,29.06,30.95,29.99,41.98,18.93,Rain,Medium,5,5,74.24,4.184168012924071,0.7843511966016499,1,CRITICAL,Critical monitoring - Low vehicle speed
128.98,22.54,24.63,50.3,41.74,28.41,Clear,Low,3,4,75.23,5.236703207470564,0.29783554553613234,0,LOW,Normal operation
66.89,21.87,16.08,47.26,37.11,22.29,Clear,High,17,1,95.38,4.159825870646767,0.2821663292234209,0,LOW,Normal operation
147.4,25.21,26.83,46.89,41.66,20.46,Clear,Medium,2,4,71.66,5.493850167722699,0.3817413701560952,1,MEDIUM,Monitor trip
64.3,26.61,13.69,41.52,41.34,18.74,Rain,Medium,16,0,76.62,4.696859021183346,0.31613773977071696,0,MEDIUM,Monitor trip
123.72,39.6,30.3,46.46,26.01,25.1,Clear,Medium,17,0,92.78,4.083168316831683,0.29443739696763294,0,LOW,Normal operation
51.32,22.95,11.6,53.34,39.71,21.5,Cloudy,Low,7,3,84.86,4.424137931034483,0.1798949317579814,0,LOW,Normal operation
87.19,35.79,19.14,41.68,47.71,24.82,Cloudy,Low,8,2,83.4,4.5553814002089865,0.24503435958391176,0,LOW,Normal operation
35.33,25.36,11.9,37.53,32.88,28.85,Clear,High,9,2,80.32,2.9689075630252098,0.28817848201345403,1,LOW,Normal operation
52.16,21.19,19.51,55.39,38.11,30.65,Cloudy,Low,17,4,75.48,2.673500768836494,0.15222265442336344,0,LOW,Normal operation
113.02,30.64,18.72,70.0,35.94,35.17,Clear,Low,7,1,77.23,6.037393162393163,0.22544791911918402,0,LOW,Normal operation
34.5,36.88,12.98,46.5,26.54,23.78,Cloudy,Low,11,3,79.15,2.657935285053929,0.16642175271207996,0,LOW,Normal operation
70.91,37.87,20.01,31.11,26.84,33.01,Cloudy,High,10,2,71.53,3.5437281359320334,0.46492393669433796,1,MEDIUM,Monitor trip
137.1,35.47,28.13,49.68,35.5,17.82,Clear,Low,19,4,76.66,4.873800213295414,0.23332254653068848,0,LOW,Normal operation
31.09,29.26,13.14,41.62,17.19,15.08,Rain,Low,16,1,84.02,2.3660578386605784,0.2109701829116997,0,LOW,Normal operation
110.16,36.6,27.55,57.53,53.79,30.06,Clear,Low,12,5,76.24,3.9985480943738656,0.7245732383126131,0,CRITICAL,Critical monitoring - Excessive loading time
30.86,17.27,10.98,40.99,57.8,19.81,Clear,Low,10,2,86.7,2.8105646630236794,0.3290044754973904,0,MEDIUM,Monitor trip
92.26,20.11,19.77,51.73,25.33,32.43,Cloudy,Low,9,1,75.87,4.666666666666667,0.17828132144413222,0,LOW,Normal operation
103.68,15.46,18.71,35.19,27.73,26.67,Clear,High,11,2,89.41,5.541421699625869,0.42924305380592165,1,MEDIUM,Monitor trip
136.42,15.82,26.4,46.08,18.26,29.41,Clear,Medium,1,2,76.61,5.167424242424242,0.36378642906223135,1,MEDIUM,Monitor trip
130.59,23.02,29.68,42.05,36.61,32.94,Rain,Low,8,0,84.85,4.399932614555256,0.30063672114901735,1,MEDIUM,Monitor trip
72.37,16.89,15.38,51.35,41.37,18.16,Clear,Low,12,6,76.89,4.705461638491547,0.2680527747457029,0,LOW,Normal operation
146.94,29.67,31.63,62.16,42.25,17.51,Clear,Low,14,4,79.05,4.645589630098009,0.20862865937632244,0,LOW,Normal operation
93.38,25.13,17.87,62.77,37.66,19.68,Cloudy,Low,20,5,88.38,5.225517627308338,0.2823501531623262,0,LOW,Normal operation
99.91,23.85,21.38,49.61,35.79,20.0,Cloudy,Medium,14,2,84.07,4.673058933582788,0.22562714993222868,0,LOW,Normal operation
142.09,16.34,24.05,61.93,42.12,24.38,Clear,Low,19,4,72.78,5.908108108108108,0.2126771152144748,0,LOW,Normal operation
95.31,22.48,22.16,62.24,33.11,23.8,Clear,Low,5,2,74.04,4.300992779783393,0.1070455564608375,0,LOW,Normal operation
93.05,32.19,22.35,42.81,51.87,23.75,Clear,High,6,8,82.72,4.16331096196868,0.4434340597726155,0,MEDIUM,Monitor trip
94.06,18.61,24.99,30.92,40.0,24.34,Clear,High,8,1,89.82,3.7639055622248905,0.3706186630071268,0,MEDIUM,Monitor trip
93.54,25.31,23.04,20.0,45.25,25.74,Heavy_Rain,High,5,8,96.25,4.059895833333334,0.6928975281883997,1,HIGH,Increase trip monitoring
82.31,31.5,21.24,40.55,37.64,18.39,Rain,Low,14,1,64.28,3.875235404896422,0.2402350175377132,0,LOW,Normal operation
90.46,17.34,17.52,51.01,15.2,28.78,Rain,Low,1,4,75.92,5.16324200913242,0.26640822925251506,0,LOW,Normal operation
119.24,30.78,27.77,64.81,41.56,23.68,Clear,Low,10,1,87.14,4.2938422758372345,0.21540182746752093,0,LOW,Normal operation
121.5,18.89,22.59,51.6,18.0,28.31,Clear,Low,16,5,67.5,5.378486055776892,0.44477935061326973,0,MEDIUM,Monitor trip
69.02,38.49,18.88,58.35,57.56,33.56,Cloudy,Low,5,9,86.81,3.655720338983051,0.6983172396079897,0,HIGH,Increase trip monitoring
115.01,27.29,25.7,42.03,43.69,26.45,Heavy_Rain,Low,3,3,93.5,4.4750972762645915,0.5177171639188222,1,HIGH,Increase trip monitoring
123.47,35.69,27.48,50.45,25.58,24.04,Clear,Medium,7,5,84.35,4.493085880640466,0.38975711975268806,0,MEDIUM,Monitor trip
86.32,35.46,25.28,21.5,27.31,29.41,Heavy_Rain,High,2,2,79.22,3.414556962025316,0.6667689900883211,1,HIGH,Increase trip monitoring
32.8,35.04,13.14,29.0,42.13,22.31,Rain,High,3,6,65.71,2.496194824961948,0.7364237320921625,1,CRITICAL,Critical monitoring - High traffic
36.94,19.49,11.49,66.16,40.47,27.07,Clear,Low,15,3,74.02,3.2149695387293296,0.12692367460679424,0,LOW,Normal operation
128.5,36.12,29.01,38.57,23.35,21.69,Clear,Medium,15,2,73.77,4.429507066528783,0.3526257622057098,0,MEDIUM,Monitor trip
124.01,19.59,23.2,47.26,29.3,27.98,Clear,Medium,14,3,91.55,5.3452586206896555,0.2882633743429015,0,LOW,Normal operation
110.89,32.28,26.08,37.51,26.97,24.97,Clear,High,15,2,78.9,4.251917177914111,0.43136468700038616,0,MEDIUM,Monitor trip
57.32,38.66,22.35,36.54,39.63,20.09,Heavy_Rain,Medium,12,3,82.3,2.5646532438478746,0.4187625324281549,1,MEDIUM,Monitor trip
125.02,21.4,21.98,45.97,36.27,15.79,Rain,Low,20,2,67.59,5.687898089171974,0.29559785804581107,0,LOW,Normal operation
145.49,30.17,30.61,28.02,38.95,26.5,Cloudy,High,14,0,85.0,4.753021888271807,0.6324677618062391,1,HIGH,Increase trip monitoring
72.07,32.91,17.18,49.25,27.52,22.19,Clear,Medium,12,2,78.93,4.19499417927823,0.2302781817500465,0,LOW,Normal operation
21.58,26.11,8.93,49.5,35.28,27.31,Heavy_Rain,Low,2,4,76.79,2.4165733482642775,0.31355489635985206,0,MEDIUM,Monitor trip
44.61,27.51,12.99,20.0,42.5,31.54,Rain,High,19,3,86.62,3.4341801385681294,0.5078983446381087,0,HIGH,Increase trip monitoring
31.54,18.04,7.08,49.25,40.64,23.31,Clear,High,19,3,91.8,4.454802259887005,0.27740958089940604,0,LOW,Normal operation
76.2,21.34,16.59,41.75,49.67,22.64,Clear,High,16,2,78.88,4.593128390596745,0.3396988093138867,0,MEDIUM,Monitor trip
35.37,39.17,17.11,47.63,40.66,23.97,Cloudy,Medium,3,5,79.53,2.0672121566335475,0.29703087063700434,0,LOW,Normal operation
70.08,38.06,18.38,32.18,30.97,27.3,Clear,High,5,2,85.16,3.8128400435255716,0.43069999979781276,0,MEDIUM,Monitor trip
137.19,33.44,30.61,59.46,35.59,24.78,Clear,Low,3,3,57.49,4.481868670369161,0.20680639222242234,0,LOW,Normal operation
37.55,19.11,9.88,59.39,31.29,26.71,Clear,Low,3,7,82.17,3.800607287449392,0.15485786096995038,0,LOW,Normal operation
92.18,17.76,22.04,35.31,46.44,21.76,Rain,Medium,1,5,59.06,4.1823956442831225,0.6434289631513892,1,HIGH,Increase trip monitoring
124.11,38.14,24.43,63.35,40.74,20.72,Clear,Low,9,3,78.34,5.080229226361031,0.22831894576418316,1,LOW,Normal operation
70.44,19.15,18.93,21.04,29.6,25.37,Rain,Medium,12,3,94.69,3.72107765451664,0.44448087378157825,0,MEDIUM,Monitor trip
58.62,17.67,11.24,42.47,43.77,14.63,Clear,High,19,2,87.76,5.215302491103203,0.23159906580270537,0,LOW,Normal operation
122.74,19.71,30.11,28.73,40.41,27.6,Heavy_Rain,Low,6,3,100.0,4.076386582530721,0.6151123960026497,1,HIGH,Increase trip monitoring
118.49,29.79,24.46,56.37,25.81,27.56,Cloudy,Low,5,3,77.62,4.844235486508585,0.24705111096925567,0,LOW,Normal operation
42.72,33.96,13.26,56.1,32.59,26.56,Clear,Low,14,2,77.45,3.2217194570135748,0.11543379582808483,0,LOW,Normal operation
94.19,25.99,17.27,55.3,38.48,22.9,Clear,Low,12,6,83.56,5.453966415749855,0.21887607587646515,0,LOW,Normal operation
69.36,34.59,20.75,39.87,33.46,20.13,Clear,High,5,5,92.0,3.3426506024096385,0.30946346113594925,0,MEDIUM,Monitor trip
79.27,26.87,21.68,27.31,42.53,21.96,Cloudy,High,7,7,76.73,3.6563653136531364,0.5765976818264164,0,HIGH,Increase trip monitoring
142.91,16.65,32.25,23.9,35.87,29.8,Heavy_Rain,High,16,1,92.27,4.431317829457364,0.6999451537380388,1,HIGH,Increase trip monitoring
82.62,39.27,20.72,52.05,15.0,24.92,Clear,Low,19,3,74.56,3.987451737451738,0.13292006792397407,0,LOW,Normal operation
65.06,26.66,17.58,51.21,32.82,25.71,Clear,Low,14,6,83.01,3.7007963594994315,0.20829964577616933,0,LOW,Normal operation
34.8,18.5,13.0,43.85,30.35,23.62,Cloudy,High,5,2,71.12,2.6769230769230767,0.35670059470768706,0,MEDIUM,Monitor trip
83.93,15.56,20.8,31.51,60.0,22.34,Clear,High,18,5,78.56,4.035096153846154,0.7477845583342684,0,CRITICAL,Critical monitoring - High traffic
47.45,29.08,17.77,34.16,36.18,25.24,Rain,Medium,15,4,94.5,2.6702307259426,0.40479018270360184,1,MEDIUM,Monitor trip
28.75,15.8,9.9,51.3,38.1,25.22,Clear,Medium,8,2,84.34,2.904040404040404,0.21299114555115783,0,LOW,Normal operation
20.13,27.33,7.82,48.02,19.6,24.06,Rain,Low,13,2,77.46,2.574168797953964,0.18850209524908132,1,LOW,Normal operation
109.64,31.87,28.21,31.62,27.17,29.84,Heavy_Rain,Low,2,4,91.78,3.8865650478553704,0.7871215512176094,1,CRITICAL,Critical monitoring - Heavy rain risk
127.96,27.75,26.61,47.47,40.12,26.47,Clear,Medium,3,2,81.95,4.8087185268695976,0.3770411451440361,0,MEDIUM,Monitor trip
94.18,16.84,19.88,29.05,37.28,29.3,Rain,Medium,14,3,75.58,4.737424547283703,0.4363627608697802,1,MEDIUM,Monitor trip
114.26,36.45,24.17,56.67,36.92,23.51,Clear,Medium,16,4,96.49,4.727347952006619,0.2812898981480387,0,LOW,Normal operation
79.58,21.57,22.25,25.17,33.17,19.86,Heavy_Rain,Medium,8,2,73.05,3.576629213483146,0.6415939482405979,0,HIGH,Increase trip monitoring
26.83,35.73,12.29,40.88,48.93,29.98,Clear,High,5,3,84.92,2.1830756712774613,0.401739955694404,1,MEDIUM,Monitor trip
92.4,22.87,18.43,48.51,43.86,28.49,Cloudy,Medium,3,3,91.24,5.013564839934889,0.2797664776844807,0,LOW,Normal operation
119.38,33.31,29.39,34.52,15.0,15.32,Rain,High,4,2,81.64,4.061925825110581,0.6279008824068645,1,HIGH,Increase trip monitoring
128.97,32.27,27.39,65.78,38.75,23.63,Clear,Low,5,2,84.84,4.708652792990142,0.18623963381022896,1,LOW,Normal operation
53.41,34.64,15.06,52.89,29.2,20.19,Clear,Low,16,2,86.85,3.5464807436918986,0.12031540811104746,0,LOW,Normal operation
34.21,16.62,8.69,56.75,26.17,31.95,Clear,Medium,1,0,87.98,3.9367088607594938,0.17980144618158764,1,LOW,Normal operation
59.49,24.83,12.94,49.13,44.72,24.96,Rain,Low,13,5,73.08,4.597372488408038,0.5247084875874121,1,HIGH,Increase trip monitoring
49.43,25.28,12.83,39.04,48.32,10.0,Rain,Low,14,3,86.58,3.8526890101325018,0.3071198944957726,1,MEDIUM,Monitor trip
126.26,34.92,25.22,63.31,54.73,31.76,Clear,Medium,17,4,88.49,5.006344171292626,0.41935607745407527,0,MEDIUM,Monitor trip
111.8,34.57,24.42,37.07,40.69,25.28,Clear,Medium,5,4,75.45,4.578214578214578,0.36735601137252316,0,MEDIUM,Monitor trip
135.1,35.87,27.8,62.73,30.78,24.16,Clear,Low,17,5,68.52,4.859712230215827,0.40235430114848564,0,MEDIUM,Monitor trip
102.51,28.98,19.44,48.24,30.08,30.28,Clear,Medium,1,4,94.65,5.273148148148148,0.32588271891200793,0,MEDIUM,Monitor trip
103.18,32.61,25.87,39.12,35.02,21.86,Cloudy,Medium,20,4,65.59,3.9884035562427522,0.35210004705648645,1,MEDIUM,Monitor trip
147.12,31.81,30.27,46.52,45.68,30.66,Cloudy,Low,8,5,89.24,4.8602576808721505,0.537869036115482,1,HIGH,Increase trip monitoring
23.37,36.08,11.1,42.29,24.95,23.83,Rain,Medium,13,5,76.67,2.1054054054054054,0.4165330761449893,0,MEDIUM,Monitor trip
62.96,19.28,15.93,33.94,38.45,25.17,Rain,Medium,12,2,88.87,3.9522912743251726,0.4248614972447085,1,MEDIUM,Monitor trip
72.7,33.2,18.13,44.21,36.35,24.04,Cloudy,Low,16,1,85.03,4.009928295642582,0.16182522008503694,0,LOW,Normal operation
41.25,18.97,9.9,61.39,24.73,21.8,Clear,Low,13,3,83.78,4.166666666666666,0.14129346893948602,0,LOW,Normal operation
57.94,15.13,12.0,43.65,29.47,21.25,Clear,High,13,3,98.52,4.828333333333333,0.2694619829658583,1,LOW,Normal operation
65.67,38.54,20.64,34.92,29.23,21.2,Clear,Medium,5,3,73.62,3.181686046511628,0.26626844088108037,0,LOW,Normal operation
117.84,26.67,26.44,41.84,32.68,29.06,Cloudy,Medium,12,3,77.17,4.4568835098335855,0.28016995463005706,1,LOW,Normal operation
108.6,28.42,20.27,48.53,33.16,21.7,Cloudy,Low,12,4,64.53,5.3576714356191415,0.24305303279911175,1,LOW,Normal operation
36.37,21.72,10.81,58.64,37.29,19.79,Clear,Low,6,3,88.34,3.3644773358001845,0.12989902017962052,0,LOW,Normal operation
121.85,27.84,22.63,36.78,31.79,22.48,Rain,Low,18,2,81.86,5.384445426425099,0.4230709128062704,0,MEDIUM,Monitor trip
76.53,22.06,18.46,57.44,46.67,18.86,Clear,Low,3,3,76.94,4.145720476706392,0.24956751652593168,1,LOW,Normal operation
23.1,34.36,12.27,41.66,52.81,21.08,Clear,High,10,8,95.42,1.8826405867970661,0.6329961247559642,0,HIGH,Increase trip monitoring
69.92,31.0,15.4,40.14,40.04,25.03,Clear,Medium,5,7,71.45,4.54025974025974,0.2897162237274833,1,LOW,Normal operation
89.76,26.95,20.59,45.14,30.88,23.53,Clear,High,15,2,93.0,4.35939776590578,0.254268687775936,0,LOW,Normal operation
55.68,26.52,14.7,52.08,28.51,20.45,Clear,Low,11,2,82.72,3.7877551020408164,0.09244546487174847,0,LOW,Normal operation
51.82,23.17,16.04,32.64,34.97,21.23,Rain,Medium,1,4,72.35,3.2306733167082298,0.462448477909657,1,MEDIUM,Monitor trip
28.09,37.97,13.95,50.38,29.08,25.66,Cloudy,Low,6,4,82.78,2.013620071684588,0.16757299909639278,0,LOW,Normal operation
148.35,26.26,34.63,20.0,15.0,19.45,Heavy_Rain,High,20,2,91.88,4.28385792665319,0.7698618451637,1,CRITICAL,Critical monitoring - Heavy rain risk
27.69,32.85,12.51,54.64,27.28,24.59,Rain,Low,13,1,72.8,2.2134292565947242,0.22234578989895168,0,LOW,Normal operation
122.75,23.43,24.52,40.88,20.98,23.91,Rain,Low,9,0,78.73,5.0061174551386625,0.5020008119391492,1,HIGH,Increase trip monitoring
109.98,15.58,27.06,25.7,41.52,21.22,Heavy_Rain,Medium,14,3,99.63,4.06430155210643,0.6834468851231592,0,HIGH,Increase trip monitoring
86.54,37.64,24.06,44.3,35.35,21.37,Rain,Low,19,3,86.19,3.5968412302576898,0.24680610917192866,0,LOW,Normal operation
59.4,26.72,14.65,63.47,35.37,28.23,Clear,Low,3,5,80.92,4.054607508532423,0.21304846038372433,0,LOW,Normal operation
96.15,28.94,18.49,43.52,24.85,20.44,Clear,Medium,6,3,81.92,5.200108166576529,0.17930978255287686,0,LOW,Normal operation
84.05,23.55,14.54,42.12,38.86,23.88,Rain,Medium,6,3,85.69,5.78060522696011,0.31022006055299967,1,MEDIUM,Monitor trip
139.32,31.6,28.23,27.28,37.82,23.4,Rain,High,13,1,75.37,4.9351753453772575,0.704854760035804,0,CRITICAL,Critical monitoring - High traffic
56.23,21.49,10.57,42.55,39.03,25.43,Clear,High,2,3,88.01,5.319772942289498,0.30518455101337155,1,MEDIUM,Monitor trip
101.45,15.86,19.77,29.25,42.54,25.94,Rain,Medium,15,4,79.67,5.13151239251391,0.6759692319436329,1,HIGH,Increase trip monitoring
119.55,32.62,31.74,20.0,43.96,30.05,Heavy_Rain,Medium,9,2,81.41,3.7665406427221173,0.7519140299116429,1,CRITICAL,Critical monitoring - Heavy rain risk
23.2,19.67,6.56,59.69,27.65,30.23,Cloudy,Medium,7,1,88.74,3.5365853658536586,0.21560257036397001,0,LOW,Normal operation
111.42,33.43,24.4,58.06,21.63,28.41,Clear,Low,18,2,81.46,4.566393442622951,0.24683760850931027,0,LOW,Normal operation
32.55,19.29,10.1,41.3,37.53,28.53,Heavy_Rain,Low,9,3,81.93,3.2227722772277225,0.26240546717478613,0,LOW,Normal operation
72.67,29.17,16.65,40.71,36.21,24.96,Clear,Medium,11,2,84.55,4.364564564564565,0.19979220049794633,0,LOW,Normal operation
32.42,38.94,13.12,33.01,40.86,29.79,Clear,High,17,1,76.74,2.471036585365854,0.3484898997775259,1,MEDIUM,Monitor trip
28.15,18.54,14.53,32.04,24.43,24.9,Clear,Medium,12,2,85.64,1.9373709566414314,0.3171140671983418,0,MEDIUM,Monitor trip
20.58,39.32,11.2,44.1,38.46,30.85,Cloudy,Low,17,7,76.58,1.8375,0.2115404664918816,0,LOW,Normal operation
47.27,24.24,11.34,37.84,41.13,24.9,Cloudy,High,3,4,75.14,4.1684303350970024,0.4152311444745443,1,MEDIUM,Monitor trip
101.76,35.88,22.95,65.23,30.89,13.46,Clear,Low,12,2,68.44,4.433986928104575,0.16834960421491296,1,LOW,Normal operation
96.11,33.92,19.43,44.03,33.56,18.64,Clear,Medium,11,4,81.02,4.946474523932064,0.19829233874291358,0,LOW,Normal operation
34.4,35.01,15.28,32.95,39.02,14.69,Rain,Low,19,3,73.67,2.25130890052356,0.3529052284279296,1,MEDIUM,Monitor trip
63.54,15.76,16.83,58.74,31.93,16.66,Clear,Low,12,2,69.98,3.775401069518717,0.162509015083708,0,LOW,Normal operation
36.28,36.44,12.03,45.55,21.16,22.34,Clear,Medium,1,2,86.88,3.0157938487115548,0.22761600396980766,0,LOW,Normal operation
20.61,35.51,16.75,22.33,33.39,23.92,Heavy_Rain,Medium,1,2,75.9,1.2304477611940299,0.25767332600940124,1,LOW,Normal operation
119.1,39.75,28.91,56.64,28.76,22.86,Clear,Low,12,2,90.12,4.11968177101349,0.2125737511726818,1,LOW,Normal operation
110.09,27.17,23.95,32.14,41.06,27.2,Clear,High,15,1,88.74,4.5966597077244264,0.5393146646033187,0,HIGH,Increase trip monitoring
63.31,37.91,20.72,28.09,32.36,19.24,Clear,Medium,6,1,88.79,3.0555019305019306,0.36204671242988956,0,MEDIUM,Monitor trip
62.76,18.93,13.62,51.92,18.92,26.12,Cloudy,Low,1,3,83.23,4.607929515418502,0.207648681611742,0,LOW,Normal operation
105.43,37.38,27.27,38.58,31.83,19.83,Rain,Medium,15,2,86.82,3.8661532819948663,0.4625045318821879,1,MEDIUM,Monitor trip
82.82,20.88,17.84,45.11,31.77,15.81,Cloudy,Medium,11,5,88.31,4.6423766816143495,0.29085911070982495,1,LOW,Normal operation
121.02,24.83,23.97,43.7,48.08,26.78,Cloudy,Low,17,2,75.17,5.048811013767209,0.40540725514266723,0,MEDIUM,Monitor trip
36.63,32.69,17.77,27.32,30.6,21.93,Cloudy,High,11,1,75.81,2.0613393359594823,0.4717449249313,0,MEDIUM,Monitor trip
143.75,22.88,29.98,45.03,35.95,23.69,Clear,Medium,3,3,79.82,4.7948632421614406,0.3799290407891419,0,MEDIUM,Monitor trip
125.06,19.4,23.79,41.71,31.72,29.38,Cloudy,Medium,15,1,87.49,5.256830601092896,0.28073863248640624,1,LOW,Normal operation
76.75,26.56,20.61,47.32,42.24,31.7,Rain,Medium,19,4,86.82,3.7239204269771955,0.2935512787011679,0,LOW,Normal operation
70.57,34.81,18.82,55.96,25.56,27.27,Cloudy,Low,15,3,74.07,3.749734325185972,0.1339546984129008,0,LOW,Normal operation
111.84,38.91,25.88,44.43,35.55,28.72,Clear,Medium,12,5,71.61,4.321483771251932,0.44636430217910744,1,MEDIUM,Monitor trip
98.36,26.72,26.16,26.81,33.98,35.5,Rain,Medium,3,1,78.85,3.7599388379204894,0.47326431509908357,1,MEDIUM,Monitor trip
67.94,30.75,19.03,49.57,28.24,22.94,Rain,Low,10,4,82.74,3.5701523909616393,0.24700842339366078,1,LOW,Normal operation
83.51,34.22,21.46,50.37,28.65,22.91,Clear,Low,15,5,75.19,3.891425908667288,0.2409995257413551,0,LOW,Normal operation
116.25,29.99,27.89,51.9,34.98,21.46,Cloudy,Low,20,2,100.0,4.168160631050555,0.20063140864581558,0,LOW,Normal operation
83.74,38.58,24.22,26.98,29.97,25.92,Cloudy,High,11,1,76.57,3.4574731626754747,0.4456023270735379,1,MEDIUM,Monitor trip
55.36,18.48,12.37,38.63,30.36,20.96,Cloudy,Low,9,5,79.51,4.475343573160873,0.31582846193531056,1,MEDIUM,Monitor trip
60.54,18.07,12.75,58.0,24.92,30.2,Clear,Medium,15,2,87.28,4.748235294117647,0.18033638094484075,1,LOW,Normal operation
26.83,38.76,16.19,57.24,42.44,26.86,Clear,Low,8,4,77.83,1.6571957998764668,0.10184225612411636,0,LOW,Normal operation
118.95,29.41,23.11,52.63,32.38,22.56,Clear,Medium,13,3,76.87,5.147122457810472,0.2917208656236384,0,LOW,Normal operation
116.78,31.94,23.67,48.84,34.42,28.71,Clear,Medium,19,2,66.64,4.933671313899451,0.30065951861900314,0,MEDIUM,Monitor trip
29.83,38.4,12.93,44.73,34.07,24.8,Cloudy,High,17,6,67.47,2.3070378963650424,0.4554088654633834,1,MEDIUM,Monitor trip
65.17,33.02,21.19,26.43,33.22,24.55,Rain,High,15,3,79.17,3.0755073147711185,0.5317262468425679,0,HIGH,Increase trip monitoring
85.19,25.03,18.3,44.15,30.24,24.94,Clear,Medium,20,2,79.46,4.655191256830601,0.19830879271724355,0,LOW,Normal operation
88.84,15.18,19.28,36.03,30.1,24.99,Heavy_Rain,Low,10,4,79.06,4.6078838174273855,0.5486913088769283,0,HIGH,Increase trip monitoring
119.13,30.48,24.77,50.45,25.07,27.42,Rain,Low,11,3,87.03,4.809446911586597,0.3399064228912262,1,MEDIUM,Monitor trip
69.56,33.97,19.3,50.24,28.74,27.34,Clear,Low,17,3,88.86,3.604145077720207,0.12699729336500665,0,LOW,Normal operation
43.66,23.36,10.48,59.78,39.77,33.48,Clear,Medium,20,3,84.71,4.166030534351145,0.17611982256040365,1,LOW,Normal operation
48.37,30.47,11.01,46.52,24.33,30.92,Cloudy,High,6,1,81.3,4.393278837420526,0.35194261863048215,1,MEDIUM,Monitor trip
78.03,15.65,17.89,44.65,26.53,28.19,Cloudy,Low,11,2,81.82,4.361654555617664,0.17267770235634222,0,LOW,Normal operation
55.65,19.15,10.75,51.27,40.22,18.5,Clear,High,2,2,92.01,5.176744186046512,0.2694485672925719,0,LOW,Normal operation
83.49,36.96,19.87,38.29,30.71,24.38,Cloudy,Low,20,4,87.04,4.201811776547559,0.2234345612702864,0,LOW,Normal operation
31.59,32.26,17.82,28.55,47.5,21.96,Rain,High,6,4,85.99,1.7727272727272727,0.5883142701146891,1,HIGH,Increase trip monitoring
93.35,18.48,22.64,35.57,50.21,36.22,Rain,Low,5,0,77.94,4.123233215547703,0.3997299332578089,0,MEDIUM,Monitor trip
89.11,33.53,22.16,46.2,40.56,32.99,Clear,Medium,2,1,87.8,4.021209386281589,0.2222441776854229,0,LOW,Normal operation
147.6,35.16,34.96,20.0,25.29,27.53,Heavy_Rain,High,8,3,72.84,4.221967963386727,0.7594871382486053,1,CRITICAL,Critical monitoring - Heavy rain risk
65.66,24.68,16.04,36.23,35.83,27.31,Cloudy,Medium,1,3,88.4,4.093516209476309,0.3337629289562461,0,MEDIUM,Monitor trip
37.71,23.34,15.42,30.86,32.53,29.9,Rain,Medium,2,2,91.32,2.445525291828794,0.4831103461767948,1,MEDIUM,Monitor trip
139.82,15.91,24.16,49.92,24.72,33.28,Cloudy,Low,1,2,74.61,5.787251655629139,0.2778173147106119,0,LOW,Normal operation
20.72,16.36,9.7,49.06,30.18,29.84,Clear,Medium,1,4,81.92,2.136082474226804,0.15361626740608528,0,LOW,Normal operation
138.12,34.69,29.41,44.34,50.5,22.43,Clear,Low,8,3,72.4,4.696361781706902,0.43217335672229357,0,MEDIUM,Monitor trip
56.18,17.75,15.66,49.4,21.47,17.76,Rain,Low,13,5,75.31,3.5874840357598976,0.39820524880413194,1,MEDIUM,Monitor trip
21.91,25.2,9.22,47.61,40.43,19.96,Rain,Medium,6,2,84.21,2.376355748373102,0.3151973750717828,0,MEDIUM,Monitor trip
115.5,31.26,24.54,22.47,36.52,25.75,Rain,Medium,19,5,83.61,4.706601466992665,0.6630146570271925,1,HIGH,Increase trip monitoring
123.15,21.6,24.16,44.65,32.84,19.66,Rain,Medium,3,3,91.54,5.09726821192053,0.49122105737917665,0,MEDIUM,Monitor trip
119.91,17.98,20.69,52.37,27.04,25.57,Clear,Low,18,3,82.11,5.795553407443209,0.22626144554796113,0,LOW,Normal operation
101.0,15.86,21.96,43.28,38.38,24.57,Rain,Low,18,0,94.06,4.599271402550091,0.35023086526454633,0,MEDIUM,Monitor trip
91.25,18.79,16.56,37.91,39.65,23.6,Cloudy,Medium,11,3,74.29,5.510265700483092,0.2494623446188934,1,LOW,Normal operation
76.43,39.67,19.53,43.03,17.35,24.25,Clear,Low,6,0,69.29,3.9134664618535586,0.13294898496824856,0,LOW,Normal operation
22.43,39.1,10.94,50.05,51.6,23.53,Clear,Low,2,4,83.97,2.050274223034735,0.26215198163130177,0,LOW,Normal operation
72.35,23.84,23.88,22.05,43.18,19.19,Heavy_Rain,High,2,3,84.29,3.0297319932998326,0.7290027789968686,0,CRITICAL,Critical monitoring - Heavy rain risk
140.59,31.98,29.54,34.33,35.27,26.29,Rain,Medium,2,3,78.95,4.759309410968179,0.667401077873493,0,HIGH,Increase trip monitoring
69.43,30.02,13.64,49.2,22.55,21.29,Clear,Low,2,6,80.53,5.0901759530791795,0.24654432209040253,1,LOW,Normal operation
140.43,30.26,31.33,42.19,25.97,23.41,Clear,Medium,2,3,70.12,4.482285349505267,0.3556539966988412,0,MEDIUM,Monitor trip
40.12,16.56,11.48,61.61,45.29,25.72,Clear,Low,15,2,80.09,3.4947735191637626,0.1520328244888594,0,LOW,Normal operation
97.86,16.43,22.16,45.51,48.1,27.09,Cloudy,Medium,19,3,71.6,4.416064981949458,0.2522659197682758,0,LOW,Normal operation
98.74,24.58,21.27,52.38,31.01,24.14,Rain,Low,1,4,87.58,4.642219087917254,0.2642703477519961,0,LOW,Normal operation
74.39,33.75,21.73,42.47,18.85,23.71,Clear,Medium,13,0,90.9,3.4233778186838473,0.18710230069867262,0,LOW,Normal operation
69.96,34.77,17.67,43.42,47.79,22.08,Cloudy,High,5,1,78.57,3.9592529711375204,0.3989095517082972,1,MEDIUM,Monitor trip
133.03,24.24,28.78,49.18,31.18,37.17,Clear,Medium,6,3,84.13,4.622307157748437,0.3487446323083982,0,MEDIUM,Monitor trip
100.35,32.49,23.28,42.82,35.41,17.94,Cloudy,Low,13,4,82.48,4.310567010309278,0.23875407775178928,1,LOW,Normal operation
116.1,33.47,27.05,64.4,34.6,29.98,Clear,Low,14,2,81.59,4.292051756007393,0.2655340256661033,0,LOW,Normal operation
120.24,24.31,27.07,58.07,31.6,34.53,Clear,Medium,4,3,88.86,4.441817510158847,0.273530947841052,0,LOW,Normal operation
73.35,18.72,18.74,30.13,52.75,25.63,Cloudy,High,16,3,78.57,3.9140875133404482,0.503441485864113,1,HIGH,Increase trip monitoring
101.36,37.37,24.46,48.49,34.78,29.73,Clear,Medium,7,2,80.84,4.143908421913328,0.26774735192983956,0,LOW,Normal operation
26.88,27.7,12.31,33.23,33.03,29.75,Rain,Medium,14,1,74.97,2.183590576766856,0.38289474525647804,1,MEDIUM,Monitor trip
21.53,34.0,13.52,33.32,42.49,24.41,Cloudy,High,9,1,90.61,1.5924556213017753,0.44117321276359206,1,MEDIUM,Monitor trip
85.49,17.85,20.75,28.23,31.58,27.77,Heavy_Rain,Medium,5,3,78.77,4.12,0.6427982764062775,0,HIGH,Increase trip monitoring
106.04,24.41,20.6,41.88,34.18,21.83,Clear,High,20,3,87.5,5.14757281553398,0.38469826896017967,1,MEDIUM,Monitor trip
76.22,34.23,20.13,29.08,33.61,32.81,Cloudy,High,6,2,80.93,3.7863884749130654,0.37814220374852825,0,MEDIUM,Monitor trip
111.96,20.05,24.67,41.76,23.16,17.28,Clear,Medium,16,3,79.52,4.5383056343737325,0.33292519502165746,1,MEDIUM,Monitor trip
123.42,25.4,23.6,47.52,17.17,22.41,Cloudy,Low,9,6,83.51,5.229661016949152,0.3762502099956945,1,MEDIUM,Monitor trip
26.19,37.54,9.72,47.05,29.7,21.42,Clear,Low,13,1,72.42,2.694444444444444,0.16039288990808553,0,LOW,Normal operation
130.67,39.2,29.24,41.71,45.43,25.69,Clear,Medium,17,1,73.53,4.468878248974008,0.34219287353099803,0,MEDIUM,Monitor trip
67.95,29.59,24.65,29.88,26.83,23.56,Clear,High,20,7,73.95,2.7565922920892496,0.502490266866908,0,HIGH,Increase trip monitoring
80.27,33.0,17.11,52.59,23.52,28.22,Clear,Low,13,5,86.41,4.691408533021625,0.2272389326587281,0,LOW,Normal operation
31.05,36.21,13.84,46.35,36.82,21.85,Clear,High,18,3,97.37,2.2434971098265897,0.2568854240187462,0,LOW,Normal operation
39.32,39.5,14.28,64.28,35.29,19.84,Clear,Low,15,3,92.3,2.753501400560224,0.19148421945801156,0,LOW,Normal operation
139.23,29.32,25.64,47.98,39.69,26.24,Clear,Medium,1,1,71.68,5.430187207488299,0.36014994394355176,0,MEDIUM,Monitor trip
131.28,28.26,27.72,55.3,42.61,27.63,Clear,Medium,20,1,92.31,4.7359307359307365,0.26165627380803863,0,LOW,Normal operation
59.26,28.65,12.74,57.68,36.32,25.2,Clear,Low,4,4,79.32,4.65149136577708,0.13213747384187444,0,LOW,Normal operation
46.93,19.94,14.28,36.37,27.9,29.03,Heavy_Rain,Low,2,4,81.52,3.286414565826331,0.43326299757449754,1,MEDIUM,Monitor trip
128.89,36.0,31.08,44.6,20.16,26.62,Rain,Medium,10,4,86.42,4.147039897039897,0.4306536233355288,0,MEDIUM,Monitor trip
119.91,36.45,30.51,51.18,39.12,25.81,Clear,Low,20,2,90.28,3.9301868239921336,0.20160679318578748,0,LOW,Normal operation
102.72,21.36,17.51,56.8,35.6,21.5,Clear,Low,3,4,77.37,5.866362078812107,0.2463073537780713,0,LOW,Normal operation
108.11,25.86,28.76,34.71,30.86,22.33,Heavy_Rain,Low,10,3,72.14,3.75904033379694,0.5659523863746864,1,HIGH,Increase trip monitoring
149.09,34.38,32.55,36.64,36.83,32.62,Cloudy,High,2,3,80.95,4.580337941628264,0.5012866197998015,1,HIGH,Increase trip monitoring
145.3,28.81,29.51,48.06,34.01,27.08,Clear,High,15,2,77.46,4.923754659437479,0.36598373423994673,1,MEDIUM,Monitor trip
149.31,17.3,30.5,33.82,33.69,23.68,Cloudy,High,1,5,75.45,4.895409836065574,0.7624449774357229,1,CRITICAL,Critical monitoring - High traffic
121.93,19.59,27.11,52.14,44.41,21.97,Clear,Medium,19,1,83.61,4.49760236075249,0.33481398992834954,0,MEDIUM,Monitor trip
135.61,22.02,31.42,27.57,31.15,23.67,Rain,Medium,8,2,88.64,4.316040738383196,0.6186687376327008,0,HIGH,Increase trip monitoring
117.55,19.28,27.03,30.07,27.04,34.18,Rain,High,20,5,84.68,4.3488716241213465,0.6852299585199217,1,HIGH,Increase trip monitoring
76.31,29.94,18.69,41.18,36.4,25.09,Heavy_Rain,Low,19,3,80.69,4.082932049224184,0.27820622632920183,0,LOW,Normal operation
58.65,16.82,14.03,44.38,26.91,28.61,Cloudy,Low,6,2,94.79,4.180327868852459,0.20238996009633178,0,LOW,Normal operation
67.65,21.92,13.77,48.62,26.93,26.78,Clear,Low,19,1,80.48,4.91285403050109,0.15952301744261466,0,LOW,Normal operation
82.61,31.18,20.06,46.07,31.92,28.89,Clear,Medium,15,5,92.87,4.11814556331007,0.26177304857375894,0,LOW,Normal operation
51.0,33.23,17.38,34.57,38.68,26.25,Clear,Medium,9,4,73.46,2.934407364787112,0.30333893375037674,1,MEDIUM,Monitor trip
60.12,24.9,16.91,46.98,38.61,29.43,Clear,Medium,8,2,83.93,3.555292726197516,0.17936372946251355,1,LOW,Normal operation
132.42,27.24,26.54,41.01,34.4,25.22,Cloudy,High,20,2,84.43,4.989449886963074,0.4675493671978545,1,MEDIUM,Monitor trip
42.54,33.03,11.52,41.11,34.01,27.28,Rain,Low,8,2,77.79,3.6927083333333335,0.23574508344406014,0,LOW,Normal operation
94.47,16.71,18.33,41.85,34.44,31.88,Cloudy,Low,9,1,82.42,5.153846153846154,0.1631897979249803,0,LOW,Normal operation
84.43,22.41,18.56,58.94,33.91,29.23,Clear,Medium,13,3,78.43,4.549030172413794,0.1649949937651104,0,LOW,Normal operation
130.31,38.31,29.17,54.03,30.2,27.4,Cloudy,Low,7,3,82.9,4.467260884470346,0.26381337132168625,1,LOW,Normal operation
116.79,23.68,28.24,58.92,29.44,25.2,Clear,Low,7,2,87.27,4.135623229461757,0.1793862365851803,1,LOW,Normal operation
51.11,37.16,18.92,55.6,29.1,20.4,Clear,Low,12,1,78.31,2.7013742071881603,0.11450711142102922,0,LOW,Normal operation
39.83,37.7,14.3,45.55,41.88,27.5,Cloudy,Medium,4,5,83.75,2.785314685314685,0.3009306848410251,0,MEDIUM,Monitor trip
70.47,27.48,16.49,40.36,27.41,35.13,Rain,Low,15,3,81.54,4.2734990903577925,0.36668580432858716,1,MEDIUM,Monitor trip
26.92,18.29,9.45,37.77,57.88,37.14,Cloudy,High,2,1,84.9,2.848677248677249,0.7379838238211458,1,CRITICAL,Critical monitoring - High traffic
82.57,36.54,25.61,39.21,43.27,22.19,Cloudy,Low,18,1,78.44,3.224131198750488,0.25228047836731093,0,LOW,Normal operation
91.54,20.19,19.82,37.88,37.03,27.58,Cloudy,High,12,2,74.14,4.618567103935419,0.3618119180633427,1,MEDIUM,Monitor trip
44.09,36.48,13.66,47.65,29.15,25.04,Cloudy,Low,18,1,65.72,3.2276720351390926,0.1686811487424607,0,LOW,Normal operation
42.84,17.92,12.8,20.0,20.51,14.58,Heavy_Rain,High,19,3,88.75,3.3468750000000003,0.6303102381812115,1,HIGH,Increase trip monitoring
107.95,22.2,18.04,42.2,28.3,31.94,Cloudy,Medium,18,2,87.54,5.983924611973393,0.2562409976462587,1,LOW,Normal operation
134.85,28.56,27.84,44.49,31.25,31.13,Rain,Low,5,1,80.21,4.84375,0.31509497208985543,0,MEDIUM,Monitor trip
67.6,39.85,21.68,32.05,42.87,21.6,Rain,Medium,19,3,92.41,3.118081180811808,0.46409943273381055,1,MEDIUM,Monitor trip
52.09,27.33,16.09,49.85,39.65,25.83,Clear,Low,11,1,82.79,3.237414543194531,0.1314948248128042,0,LOW,Normal operation
139.53,30.51,31.76,39.09,45.08,21.07,Heavy_Rain,Low,16,2,79.32,4.393261964735516,0.4918351621339133,1,MEDIUM,Monitor trip
79.21,17.22,18.97,55.24,30.96,28.38,Clear,Low,12,6,96.36,4.17554032683184,0.20182087903621743,0,LOW,Normal operation
133.81,15.63,22.42,47.74,33.07,32.59,Cloudy,Medium,11,1,82.02,5.968331846565566,0.32804551789975295,1,MEDIUM,Monitor trip
125.76,23.53,22.37,59.35,34.85,28.06,Clear,Low,17,1,75.72,5.621814930710773,0.1959508204289618,1,LOW,Normal operation
135.35,16.83,29.1,24.63,36.99,25.81,Rain,Medium,11,2,81.7,4.651202749140893,0.635680215088953,1,HIGH,Increase trip monitoring
24.26,23.27,10.22,51.49,29.4,30.87,Clear,Medium,10,4,82.98,2.3737769080234834,0.20055056018109713,0,LOW,Normal operation
49.97,23.86,11.31,55.64,28.31,26.7,Cloudy,Low,11,2,80.16,4.418213969938107,0.14176060932925968,0,LOW,Normal operation
62.23,35.13,17.49,49.77,36.95,19.4,Cloudy,Low,19,3,86.26,3.5580331618067467,0.1625897576553088,0,LOW,Normal operation
67.45,19.76,17.39,50.62,41.83,26.84,Cloudy,Medium,5,1,83.58,3.878665899942496,0.2442949029049292,0,LOW,Normal operation
98.95,36.85,22.66,50.21,43.94,26.12,Cloudy,Low,7,2,91.46,4.366725507502206,0.17417931561344968,0,LOW,Normal operation
114.89,34.57,25.57,37.31,17.26,21.04,Clear,Low,17,7,89.12,4.493156042236996,0.3535664051327089,0,MEDIUM,Monitor trip
110.14,36.81,29.94,32.42,41.9,28.83,Clear,Low,6,4,84.14,3.6786907147628587,0.4673856301614835,0,MEDIUM,Monitor trip
55.79,39.73,17.38,49.18,16.86,34.08,Clear,Low,19,3,89.81,3.210011507479862,0.12441664345578976,0,LOW,Normal operation
36.68,21.29,9.87,40.53,31.53,30.69,Clear,Medium,13,2,90.41,3.716312056737589,0.19124121981403883,0,LOW,Normal operation
124.96,31.43,29.91,47.16,39.29,34.44,Rain,Medium,11,4,91.0,4.17786693413574,0.35132887688359593,1,MEDIUM,Monitor trip
73.82,24.12,16.9,46.48,39.78,29.51,Cloudy,Low,4,3,84.52,4.368047337278107,0.1902801090061898,0,LOW,Normal operation
113.82,39.64,29.6,48.79,33.03,17.23,Rain,Low,20,3,79.07,3.84527027027027,0.3488755653455737,0,MEDIUM,Monitor trip
27.95,29.21,9.33,51.84,23.32,20.49,Cloudy,Low,2,5,99.82,2.995712754555198,0.24064634237647506,1,LOW,Normal operation
86.7,30.15,22.52,28.91,26.25,23.08,Heavy_Rain,Medium,12,1,79.64,3.849911190053286,0.6144559811754662,1,HIGH,Increase trip monitoring
57.85,27.22,12.36,62.01,43.2,29.14,Clear,Low,7,3,74.54,4.680420711974111,0.12352672384194793,0,LOW,Normal operation
138.55,30.89,28.0,51.76,42.77,21.25,Clear,Medium,7,1,79.35,4.948214285714286,0.3168159372437885,0,MEDIUM,Monitor trip
32.48,32.93,9.27,49.22,33.84,16.89,Clear,Low,12,4,78.97,3.5037756202804746,0.13947374638224938,1,LOW,Normal operation
84.58,22.31,19.2,36.59,33.91,25.67,Heavy_Rain,Low,17,4,79.22,4.405208333333333,0.47265740001582746,0,MEDIUM,Monitor trip
108.71,17.94,21.64,53.61,27.84,22.9,Clear,Medium,16,2,70.47,5.023567467652495,0.28603071472488706,0,LOW,Normal operation
61.61,37.22,18.94,40.75,47.44,24.47,Heavy_Rain,Low,1,4,82.9,3.2529039070749732,0.45655900072059696,0,MEDIUM,Monitor trip
66.02,36.5,19.45,68.65,35.53,24.12,Clear,Low,4,7,75.96,3.394344473007712,0.2686204203353414,0,LOW,Normal operation
96.24,35.48,26.52,37.85,41.77,24.88,Rain,Medium,5,2,83.43,3.6289592760180995,0.3224027229132722,1,MEDIUM,Monitor trip
44.93,15.4,12.41,51.33,23.1,21.31,Clear,Medium,1,5,68.8,3.620467365028203,0.25095202332426864,1,LOW,Normal operation
149.04,37.15,32.81,41.12,40.65,19.39,Clear,High,9,0,93.46,4.542517525144772,0.3487385221968294,0,MEDIUM,Monitor trip
130.56,38.11,31.33,33.63,32.44,18.75,Clear,Medium,11,3,80.71,4.167251835301628,0.4977024757856932,0,MEDIUM,Monitor trip
70.54,37.58,17.96,60.11,39.15,30.17,Clear,Low,17,5,73.49,3.9276169265033407,0.23055264462818081,0,LOW,Normal operation
73.05,20.03,16.07,54.34,31.03,28.66,Clear,Medium,17,3,93.53,4.545737398879901,0.1966685740607713,0,LOW,Normal operation
51.39,19.15,12.23,35.47,45.7,28.11,Rain,Medium,8,0,84.22,4.2019623875715455,0.45240459232242586,0,MEDIUM,Monitor trip
81.15,26.44,15.91,54.4,39.71,24.39,Clear,Low,9,1,79.59,5.100565681961031,0.14199748951340585,0,LOW,Normal operation
84.67,21.2,16.85,47.9,42.65,30.79,Clear,Medium,12,2,79.28,5.024925816023739,0.19064833307010814,1,LOW,Normal operation
49.11,36.64,15.45,51.35,38.52,33.5,Clear,Low,10,3,83.78,3.1786407766990292,0.1235973241591117,0,LOW,Normal operation
71.0,35.29,19.09,60.15,29.77,25.66,Clear,Low,11,3,77.98,3.7192247249869044,0.11983213129241611,0,LOW,Normal operation
146.14,28.9,31.05,58.63,38.15,24.84,Clear,Medium,5,1,76.37,4.706602254428341,0.28077747185977525,0,LOW,Normal operation
88.86,36.81,20.64,48.17,26.37,20.49,Clear,Low,11,4,81.18,4.305232558139535,0.14729488797399753,0,LOW,Normal operation
136.99,19.16,23.11,46.19,29.9,17.94,Cloudy,High,10,1,81.39,5.927736910428386,0.39243212794899623,1,MEDIUM,Monitor trip
45.34,15.32,13.4,25.73,37.33,16.82,Rain,High,17,4,84.7,3.383582089552239,0.5411487494882995,0,HIGH,Increase trip monitoring
126.1,33.31,32.06,62.72,39.71,24.29,Clear,Medium,10,0,81.65,3.933250155957579,0.2634594395346623,0,LOW,Normal operation
34.13,26.16,10.72,41.35,27.26,26.42,Cloudy,High,7,2,80.37,3.183768656716418,0.3480288236255771,0,MEDIUM,Monitor trip
144.31,33.19,36.09,21.61,43.36,28.9,Rain,High,7,2,69.23,3.998614574674425,0.7092480686455457,0,CRITICAL,Critical monitoring - High traffic
130.79,28.66,29.22,25.2,30.02,19.72,Rain,Medium,4,4,79.69,4.476043805612594,0.6461895081703593,1,HIGH,Increase trip monitoring
138.12,15.63,26.19,44.15,15.0,32.5,Clear,Medium,8,4,93.96,5.2737686139747995,0.34704557690051213,0,MEDIUM,Monitor trip
146.41,17.37,25.54,43.35,28.86,30.37,Clear,Medium,14,4,100.0,5.73257635082224,0.2345109856712087,1,LOW,Normal operation
46.55,16.37,6.93,60.69,45.75,25.13,Cloudy,Low,6,3,86.62,6.717171717171717,0.2594254188459169,0,LOW,Normal operation
49.37,28.69,16.42,61.5,33.75,22.88,Clear,Low,9,1,86.41,3.006699147381242,0.11543379582808483,0,LOW,Normal operation
24.07,15.98,7.02,46.89,37.54,19.18,Rain,Low,7,1,78.57,3.428774928774929,0.3100491332601624,0,MEDIUM,Monitor trip
91.36,30.8,25.34,29.7,25.16,33.55,Heavy_Rain,Medium,17,4,65.52,3.6053670086819256,0.6179168755500938,1,HIGH,Increase trip monitoring
127.27,27.91,28.75,47.0,37.88,23.31,Clear,Medium,15,4,75.9,4.426782608695652,0.3145117898981615,0,MEDIUM,Monitor trip
136.31,36.3,29.05,45.54,41.95,21.91,Clear,Medium,20,2,84.27,4.692254733218588,0.3068824389287502,0,MEDIUM,Monitor trip
109.3,22.47,27.07,41.14,33.53,26.71,Clear,High,8,4,88.64,4.037680088659032,0.4088317502179437,1,MEDIUM,Monitor trip
54.25,25.55,14.81,50.65,33.9,28.77,Rain,Medium,14,3,73.83,3.663065496286293,0.29634626574067513,1,LOW,Normal operation
65.42,36.72,21.71,26.91,38.96,24.53,Cloudy,High,8,3,71.18,3.0133578995854444,0.48274379819483276,0,MEDIUM,Monitor trip
65.35,29.53,18.12,43.09,40.89,29.56,Cloudy,Low,20,3,78.59,3.6065121412803527,0.16237998405805285,0,LOW,Normal operation
47.24,27.86,17.45,46.55,37.82,16.97,Cloudy,Medium,15,3,83.62,2.7071633237822352,0.21353181915629407,0,LOW,Normal operation
83.75,33.42,21.77,35.69,39.72,25.62,Clear,Medium,15,3,87.63,3.8470372071658248,0.23122923627374029,0,LOW,Normal operation
94.7,15.21,19.96,45.2,40.9,24.76,Cloudy,High,4,1,74.92,4.744488977955911,0.2648061775491429,0,LOW,Normal operation
44.37,37.78,20.09,29.89,32.79,28.57,Rain,High,7,2,76.9,2.2085614733698358,0.5026042188086813,1,HIGH,Increase trip monitoring
44.63,29.35,15.89,39.78,40.32,16.09,Rain,Low,4,6,78.02,2.8086847073631214,0.394896699488433,0,MEDIUM,Monitor trip
77.77,38.82,23.59,41.92,38.2,25.13,Rain,Medium,12,2,83.56,3.2967359050445104,0.2798997478882051,1,LOW,Normal operation
130.78,29.54,33.18,25.16,29.38,21.48,Heavy_Rain,High,9,3,73.6,3.9415310427968655,0.7090234049156198,1,CRITICAL,Critical monitoring - Heavy rain risk
56.98,20.95,13.91,41.31,37.5,20.55,Cloudy,High,16,2,92.13,4.096333572969087,0.3602677678936545,0,MEDIUM,Monitor trip
109.97,38.07,28.15,57.12,15.0,21.34,Clear,Medium,6,3,89.98,3.9065719360568387,0.3156078611008722,0,MEDIUM,Monitor trip
75.33,31.43,22.48,52.86,35.71,23.57,Clear,Low,15,4,84.84,3.3509786476868326,0.1418056305012521,0,LOW,Normal operation
36.12,30.12,14.58,50.92,39.91,28.64,Clear,High,6,6,76.68,2.4773662551440325,0.34586143778256445,0,MEDIUM,Monitor trip
41.63,25.86,11.28,25.62,27.58,25.28,Rain,High,4,7,80.05,3.690602836879433,0.5571941049502285,1,HIGH,Increase trip monitoring
35.02,35.22,12.21,52.98,33.5,27.52,Rain,Low,9,4,91.31,2.868140868140868,0.25839602789069366,0,LOW,Normal operation
92.28,17.66,22.47,70.0,32.95,22.9,Clear,Low,8,3,74.86,4.106809078771696,0.13332180371678687,0,LOW,Normal operation
116.46,31.0,23.7,37.13,37.52,27.35,Clear,High,6,2,83.84,4.913924050632911,0.4126458351950294,1,MEDIUM,Monitor trip
112.9,23.23,27.47,20.0,21.49,30.08,Heavy_Rain,High,5,2,87.55,4.109938114306517,0.7912229027600781,1,CRITICAL,Critical monitoring - Heavy rain risk
110.67,28.6,27.42,44.98,39.36,19.63,Heavy_Rain,Low,11,3,85.36,4.036105032822757,0.49268612047020854,1,MEDIUM,Monitor trip
96.61,35.4,19.48,44.59,36.95,25.29,Clear,Low,4,2,92.51,4.959445585215605,0.13585869727909455,0,LOW,Normal operation
72.22,37.84,16.79,46.29,38.05,29.61,Cloudy,High,2,3,81.05,4.301369863013699,0.3805867142511942,1,MEDIUM,Monitor trip
41.08,37.73,16.8,50.75,35.46,31.85,Clear,Medium,18,4,91.63,2.445238095238095,0.19465378935705654,0,LOW,Normal operation
98.01,37.64,24.28,33.27,36.79,28.4,Cloudy,High,19,1,81.91,4.03665568369028,0.402347962596914,0,MEDIUM,Monitor trip
44.68,24.9,13.24,57.73,32.33,29.57,Clear,Low,20,2,77.29,3.3746223564954683,0.11354569608593135,0,LOW,Normal operation
25.5,28.42,12.14,48.37,20.8,29.77,Cloudy,Low,16,2,80.33,2.100494233937397,0.14700622954063863,0,LOW,Normal operation
70.42,37.27,20.08,56.8,35.78,24.18,Clear,Low,18,7,85.22,3.506972111553785,0.25461991490216224,0,LOW,Normal operation
22.93,20.64,10.12,31.24,26.7,20.68,Clear,High,10,1,88.72,2.2658102766798423,0.4327221080326416,0,MEDIUM,Monitor trip
70.75,38.41,21.83,41.66,27.8,22.78,Clear,Medium,9,3,84.74,3.240952817224004,0.1991413095381958,1,LOW,Normal operation
147.62,18.45,30.65,32.12,31.19,26.88,Rain,Medium,19,1,84.92,4.8163132137031,0.6374136384671649,1,HIGH,Increase trip monitoring
103.6,15.42,20.29,46.0,39.29,24.0,Cloudy,High,16,3,100.0,5.1059635288319365,0.3512660373916362,1,MEDIUM,Monitor trip
94.99,25.42,24.17,39.67,37.02,28.84,Heavy_Rain,Medium,14,3,85.28,3.9300786098469174,0.27632078181302183,0,LOW,Normal operation
29.69,17.46,9.5,49.23,33.84,24.02,Clear,Medium,14,1,70.8,3.125263157894737,0.1991890036988439,0,LOW,Normal operation
137.44,33.73,34.64,24.83,53.42,18.15,Heavy_Rain,Medium,9,9,73.88,3.967667436489607,0.9308793524295127,1,CRITICAL,Critical monitoring - Heavy rain risk
90.45,27.72,26.01,30.56,51.6,24.86,Heavy_Rain,Low,17,2,89.26,3.477508650519031,0.6110493363522616,1,HIGH,Increase trip monitoring
23.04,22.91,10.52,37.43,36.92,22.8,Rain,Medium,14,1,77.74,2.1901140684410647,0.3211051069240341,1,MEDIUM,Monitor trip
60.5,28.03,11.08,60.7,37.91,27.1,Clear,Low,10,2,83.42,5.46028880866426,0.13648708998750578,0,LOW,Normal operation
121.28,21.02,29.29,31.34,35.98,24.98,Rain,High,16,7,80.85,4.140662342096279,0.7467191607394968,0,CRITICAL,Critical monitoring - High traffic
82.74,28.68,18.43,59.19,34.85,23.86,Cloudy,Low,12,5,74.9,4.489419424850786,0.2996217968760096,0,LOW,Normal operation
21.46,28.69,10.94,29.02,35.44,21.6,Cloudy,High,18,2,79.73,1.9616087751371116,0.3720926610394052,0,MEDIUM,Monitor trip
127.0,27.91,29.57,37.12,29.38,23.79,Clear,Medium,15,4,64.46,4.2948934731146435,0.3884197016605177,0,MEDIUM,Monitor trip
93.67,37.17,27.06,47.54,39.69,26.42,Clear,High,4,4,88.71,3.461566888396157,0.2604732288629895,0,LOW,Normal operation
135.74,38.59,30.96,55.29,43.13,28.17,Cloudy,Low,11,2,84.67,4.3843669250646,0.23474141692195807,0,LOW,Normal operation
114.26,26.71,26.16,56.05,55.64,23.98,Clear,Medium,13,2,90.21,4.367737003058104,0.5405610630376738,1,HIGH,Increase trip monitoring
52.4,25.45,12.57,53.69,33.14,23.91,Cloudy,Low,20,3,75.0,4.16865552903739,0.1790971237185512,0,LOW,Normal operation
97.56,25.96,20.24,57.6,23.57,27.03,Clear,Low,4,3,70.94,4.820158102766799,0.12111755055423658,0,LOW,Normal operation
106.24,39.05,26.89,34.34,21.0,26.65,Rain,High,9,1,74.68,3.950911119375232,0.6932688754571726,0,HIGH,Increase trip monitoring
96.91,34.58,24.44,50.95,41.38,21.19,Cloudy,Low,19,5,74.39,3.965220949263502,0.31483671444904104,0,MEDIUM,Monitor trip
47.83,23.91,11.18,52.88,29.43,23.56,Cloudy,Medium,7,1,72.73,4.278175313059034,0.22258176631923937,0,LOW,Normal operation
107.47,15.32,21.06,33.78,22.61,24.7,Rain,Medium,9,2,63.58,5.10303893637227,0.7381121745687661,1,CRITICAL,Immediate operational intervention
141.26,16.25,24.23,70.0,29.78,22.08,Clear,Low,19,4,68.76,5.8299628559636805,0.20272083866378374,0,LOW,Normal operation
117.91,24.47,23.65,60.94,31.03,28.72,Cloudy,Low,13,1,84.03,4.985623678646935,0.22351226598028406,0,LOW,Normal operation
136.38,19.03,29.22,45.28,51.05,18.88,Cloudy,High,12,4,80.01,4.66735112936345,0.5499127627980865,0,HIGH,Increase trip monitoring
34.74,30.45,14.5,22.08,26.45,17.75,Rain,High,11,6,79.82,2.3958620689655175,0.558750560618024,1,HIGH,Increase trip monitoring
141.34,23.86,22.91,45.08,35.56,20.79,Cloudy,Low,9,1,80.57,6.169358358795286,0.22957939328358556,1,LOW,Normal operation
56.36,17.41,11.27,51.72,31.7,23.76,Cloudy,Medium,4,5,89.72,5.000887311446318,0.30446962423934887,0,MEDIUM,Monitor trip
60.76,24.61,13.18,32.95,38.69,22.66,Rain,High,3,1,81.14,4.610015174506828,0.5639778524009686,1,HIGH,Increase trip monitoring
137.02,38.02,28.21,46.82,46.75,28.93,Clear,High,20,4,75.66,4.857142857142858,0.4630032829508556,1,MEDIUM,Monitor trip
53.96,27.08,11.04,50.79,44.33,18.44,Clear,Low,10,2,84.42,4.88768115942029,0.16384326476437538,0,LOW,Normal operation
117.02,26.72,21.48,36.34,40.4,25.28,Clear,High,10,4,87.31,5.447858472998138,0.4450753664571479,0,MEDIUM,Monitor trip
138.51,16.7,26.57,40.12,28.95,16.06,Cloudy,Medium,1,1,82.83,5.2130222054949185,0.3909129484933151,0,MEDIUM,Monitor trip
53.13,27.66,16.24,41.84,39.92,26.35,Clear,Medium,19,5,69.22,3.2715517241379315,0.3045762317597871,0,MEDIUM,Monitor trip
24.16,33.62,11.15,51.57,22.34,27.57,Clear,High,3,5,65.31,2.166816143497758,0.34869364044783707,1,MEDIUM,Monitor trip
130.58,20.21,22.82,40.74,20.92,24.21,Cloudy,High,6,4,82.67,5.722173531989483,0.5357374798471954,1,HIGH,Increase trip monitoring
79.34,29.87,22.93,41.6,15.0,21.93,Rain,Medium,13,4,67.9,3.460095944177933,0.2972772271135994,0,LOW,Normal operation
114.1,23.31,19.87,40.1,35.19,23.64,Clear,Medium,17,3,86.44,5.742325113236034,0.3301866955704391,0,MEDIUM,Monitor trip
77.29,22.39,16.3,32.44,47.6,24.65,Rain,Low,20,2,85.05,4.741717791411043,0.44849892355700804,1,MEDIUM,Monitor trip
147.56,23.2,28.22,43.36,27.61,25.44,Cloudy,Medium,17,2,69.65,5.228915662650603,0.35200824714547563,0,MEDIUM,Monitor trip
96.93,29.61,21.26,39.86,23.54,23.34,Rain,Medium,9,3,82.84,4.559266227657573,0.3042118870953576,1,MEDIUM,Monitor trip
97.82,31.98,20.59,47.7,46.47,25.88,Cloudy,Medium,7,5,72.12,4.750849927149101,0.4843264784887557,1,MEDIUM,Monitor trip
46.01,37.51,14.75,35.48,28.94,28.23,Clear,High,20,3,83.35,3.119322033898305,0.36640006286978916,1,MEDIUM,Monitor trip
126.74,38.92,30.43,26.67,45.51,14.36,Heavy_Rain,Medium,13,3,74.3,4.164968780808413,0.5548454464709326,0,HIGH,Increase trip monitoring
131.58,18.31,27.25,54.11,25.43,29.11,Cloudy,Low,5,1,87.41,4.82862385321101,0.2715193064088298,1,LOW,Normal operation
73.51,27.31,16.48,38.03,43.39,17.88,Clear,High,10,1,75.44,4.460558252427185,0.28797057269815335,0,LOW,Normal operation
22.24,26.56,12.2,31.33,43.97,26.58,Cloudy,High,3,4,85.99,1.8229508196721311,0.517322778658253,1,HIGH,Increase trip monitoring
83.91,34.14,23.33,30.9,35.29,20.69,Cloudy,High,16,8,78.46,3.5966566652378913,0.5148592838870394,1,HIGH,Increase trip monitoring
41.59,20.08,11.91,47.54,42.68,26.52,Cloudy,Low,16,1,87.86,3.492023509655752,0.18167899826014908,0,LOW,Normal operation
70.5,27.25,23.22,20.0,53.03,10.59,Heavy_Rain,High,1,4,70.42,3.0361757105943155,0.5985178593467647,1,HIGH,Increase trip monitoring
36.51,23.36,11.15,45.62,37.64,28.1,Cloudy,Medium,3,3,81.8,3.2744394618834076,0.24304857073470618,0,LOW,Normal operation
56.09,20.84,18.01,36.96,42.71,25.14,Heavy_Rain,Low,11,4,79.24,3.1143808995002775,0.3962413011041049,0,MEDIUM,Monitor trip
41.02,29.79,11.29,40.64,34.91,15.93,Cloudy,Low,15,4,90.22,3.6333038086802487,0.20460749710125722,0,LOW,Normal operation
45.51,34.02,14.77,46.6,44.08,31.62,Clear,Medium,17,1,100.0,3.08124576844956,0.1628904470451889,0,LOW,Normal operation
21.41,19.37,5.71,44.8,48.44,22.33,Cloudy,Medium,15,3,84.32,3.7495621716287215,0.32075382385123474,0,MEDIUM,Monitor trip
128.08,19.04,31.16,22.61,33.11,25.69,Heavy_Rain,High,19,4,74.94,4.110397946084724,0.7886588982966957,1,CRITICAL,Critical monitoring - Heavy rain risk
73.53,24.75,16.26,37.32,39.9,25.18,Cloudy,High,20,2,98.85,4.522140221402213,0.34776033704197634,0,MEDIUM,Monitor trip
35.58,20.36,8.06,36.8,36.88,19.31,Rain,High,9,3,73.48,4.414392059553349,0.474568838328361,0,MEDIUM,Monitor trip
76.26,25.31,20.36,61.38,44.86,28.74,Cloudy,Low,14,4,85.89,3.745579567779961,0.19282103127212755,0,LOW,Normal operation
99.34,25.17,21.56,54.04,37.71,25.7,Rain,Medium,11,3,83.19,4.607606679035251,0.294204533776472,0,LOW,Normal operation
56.99,26.18,12.93,40.32,27.82,16.58,Clear,Medium,17,3,84.02,4.4075792730085075,0.19120278109158012,0,LOW,Normal operation
149.89,30.69,33.22,44.28,31.5,27.58,Rain,Low,1,2,78.75,4.512040939193257,0.34887192439397097,1,MEDIUM,Monitor trip
22.76,29.37,9.53,55.01,44.09,22.95,Cloudy,Medium,17,4,100.0,2.3882476390346277,0.19878838101762294,0,LOW,Normal operation
108.91,36.86,27.58,31.9,37.02,28.63,Rain,Medium,6,3,89.48,3.9488759970993477,0.6409206503859788,1,HIGH,Increase trip monitoring
92.96,28.35,21.94,52.42,33.33,23.83,Rain,Low,14,4,76.7,4.23701002734731,0.2586429923071374,0,LOW,Normal operation
120.34,30.26,29.35,31.24,21.13,26.85,Rain,Low,18,1,75.72,4.100170357751278,0.6051437567981834,0,HIGH,Increase trip monitoring
29.78,23.15,7.29,50.2,37.93,19.69,Cloudy,Low,9,1,86.33,4.085048010973937,0.16886363606328958,0,LOW,Normal operation
28.88,26.34,10.59,38.84,25.68,22.8,Heavy_Rain,Low,20,5,94.84,2.7271010387157695,0.4687564339360573,0,MEDIUM,Monitor trip
147.05,33.3,31.35,33.07,34.08,26.17,Rain,Low,4,2,92.62,4.690590111642743,0.5948346304088631,0,HIGH,Increase trip monitoring
112.21,17.09,20.71,40.77,42.15,20.64,Clear,High,10,0,81.26,5.418155480444229,0.3840924657670129,0,MEDIUM,Monitor trip
124.79,36.92,29.77,57.15,20.56,26.15,Cloudy,Medium,5,2,87.35,4.191803829358415,0.30652620503608435,0,MEDIUM,Monitor trip
133.14,17.25,25.11,32.17,25.38,15.7,Clear,High,17,1,97.49,5.302270011947431,0.5111243157549414,0,HIGH,Increase trip monitoring
124.81,27.95,26.9,38.77,39.02,21.64,Rain,Low,17,1,80.27,4.639776951672863,0.4010628878741761,1,MEDIUM,Monitor trip
27.63,27.31,10.14,32.97,31.58,21.56,Rain,Medium,6,2,80.43,2.724852071005917,0.3984625594957421,0,MEDIUM,Monitor trip
143.31,29.1,31.58,46.89,28.6,24.49,Cloudy,Medium,6,2,71.72,4.537998733375554,0.28705147095225625,1,LOW,Normal operation
27.27,34.92,11.44,53.95,33.86,34.96,Cloudy,Low,9,1,87.63,2.3837412587412588,0.1880586336035367,0,LOW,Normal operation
59.78,28.78,16.27,45.9,47.12,31.83,Heavy_Rain,Low,11,2,88.95,3.6742470805162877,0.3831921274057212,1,MEDIUM,Monitor trip
145.26,36.03,30.7,37.13,44.31,26.51,Clear,High,13,6,78.34,4.731596091205212,0.6415022659405545,1,HIGH,Increase trip monitoring
21.04,34.14,13.58,28.02,33.72,28.16,Cloudy,High,3,7,71.39,1.5493372606774667,0.4894034621865031,1,MEDIUM,Monitor trip
32.6,25.65,8.36,41.84,53.51,25.55,Clear,Low,1,5,87.12,3.8995215311004787,0.4428250480410807,0,MEDIUM,Monitor trip
51.08,18.1,18.06,30.92,25.12,26.91,Rain,Medium,11,0,70.18,2.8283499446290143,0.43761602682120165,0,MEDIUM,Monitor trip
137.1,29.87,29.81,40.94,25.42,25.07,Rain,Low,18,2,68.84,4.599127809459913,0.41089306319043795,1,MEDIUM,Monitor trip
30.64,24.87,13.69,56.47,27.46,25.71,Clear,Medium,12,2,85.92,2.238130021913806,0.18887654649479318,0,LOW,Normal operation
38.91,35.65,12.65,44.39,26.91,25.94,Clear,Medium,5,5,72.21,3.0758893280632407,0.2935603781264902,0,LOW,Normal operation
116.69,16.85,26.36,20.65,36.91,26.68,Heavy_Rain,Medium,1,1,73.93,4.426783004552352,0.7518882690405603,0,CRITICAL,Critical monitoring - Heavy rain risk
26.29,25.56,9.17,53.69,32.73,32.94,Clear,Low,14,3,84.56,2.866957470010905,0.12960211275046635,0,LOW,Normal operation
123.14,19.49,24.71,37.62,44.15,17.78,Clear,High,2,1,73.97,4.983407527316875,0.5005907159296714,1,HIGH,Increase trip monitoring
65.11,22.06,10.63,62.78,29.2,19.96,Clear,Low,16,5,77.29,6.125117591721542,0.1640503666981545,0,LOW,Normal operation
114.89,39.12,26.77,57.58,22.54,29.53,Cloudy,Low,5,4,77.77,4.291744490100859,0.2916375620588927,0,LOW,Normal operation
99.73,35.6,26.23,59.11,40.18,29.39,Clear,Low,5,5,77.36,3.8021349599695005,0.21106999888506583,1,LOW,Normal operation
54.01,18.48,12.75,41.38,29.52,12.52,Heavy_Rain,Low,13,4,93.79,4.236078431372549,0.3067485277072069,0,MEDIUM,Monitor trip
116.5,29.87,26.17,46.48,42.13,17.57,Clear,Medium,8,3,76.27,4.451662208635843,0.3022027182093606,0,MEDIUM,Monitor trip
20.96,21.84,7.58,42.36,42.72,23.25,Clear,High,13,1,84.05,2.7651715039577835,0.2636880570898501,0,LOW,Normal operation
48.29,15.04,16.16,47.01,39.44,21.16,Clear,Medium,10,4,77.53,2.9882425742574257,0.2645389469055632,0,LOW,Normal operation
75.98,25.69,20.12,32.89,38.5,27.99,Clear,High,6,5,97.47,3.7763419483101393,0.2969893638081842,0,LOW,Normal operation
101.48,17.49,20.87,41.87,29.33,22.3,Cloudy,Medium,10,3,87.9,4.862482031624341,0.31257322888479,0,MEDIUM,Monitor trip
136.52,20.51,23.56,62.37,29.26,34.74,Clear,Low,9,3,84.47,5.794567062818337,0.22340392533095693,1,LOW,Normal operation
71.23,34.51,22.93,50.67,35.52,25.11,Cloudy,Low,9,5,75.74,3.106410815525513,0.2882499894019209,1,LOW,Normal operation
138.74,35.73,29.13,38.86,36.99,20.03,Clear,High,2,6,75.09,4.76278750429111,0.7434616734086623,1,CRITICAL,Critical monitoring - High traffic
128.31,19.65,24.42,38.3,34.44,17.92,Cloudy,Medium,7,1,79.41,5.254299754299754,0.36905183418809673,0,MEDIUM,Monitor trip
120.26,37.68,27.23,59.17,45.24,24.14,Clear,Low,11,2,80.12,4.416452442159383,0.2235108367748286,0,LOW,Normal operation
139.51,23.0,25.29,39.66,19.61,28.82,Cloudy,Medium,18,5,77.58,5.516409648082246,0.5564799850109181,1,HIGH,Increase trip monitoring
110.19,17.44,23.99,43.35,38.7,17.79,Cloudy,Medium,4,2,83.06,4.593163818257607,0.30904992621486027,0,MEDIUM,Monitor trip
91.26,20.57,23.07,29.26,18.1,25.49,Heavy_Rain,Medium,18,1,81.7,3.9557867360208063,0.6486103631778078,1,HIGH,Increase trip monitoring
101.0,27.79,25.8,23.51,32.12,34.64,Heavy_Rain,High,11,3,71.46,3.9147286821705425,0.7395860681164043,1,CRITICAL,Critical monitoring - Heavy rain risk
149.94,19.82,30.59,46.69,33.14,21.91,Cloudy,Medium,6,3,75.38,4.9016018306636155,0.27360833070008167,0,LOW,Normal operation
90.7,36.85,19.66,47.67,40.82,32.77,Rain,Low,12,3,81.87,4.613428280773143,0.2475811658066796,0,LOW,Normal operation
64.79,21.14,17.63,27.43,35.89,18.61,Heavy_Rain,Medium,18,3,89.18,3.674985819625639,0.6415939482405979,1,HIGH,Increase trip monitoring
21.52,32.93,12.99,22.58,49.68,19.5,Rain,Medium,4,4,80.82,1.6566589684372595,0.4737441841048411,1,MEDIUM,Monitor trip
33.99,25.76,5.79,53.97,32.02,33.54,Clear,Low,11,0,84.76,5.870466321243524,0.14379407335693375,0,LOW,Normal operation
36.11,30.72,11.0,54.81,34.5,23.38,Clear,Low,4,4,81.14,3.2827272727272727,0.12433374058008512,1,LOW,Normal operation
127.98,30.76,32.09,20.0,30.87,27.51,Heavy_Rain,Medium,14,1,70.64,3.98815830476784,0.7416684259321066,1,CRITICAL,Critical monitoring - Heavy rain risk
65.33,29.77,18.73,33.1,28.59,24.4,Rain,Medium,11,3,78.03,3.4879871863320875,0.38428973273898887,0,MEDIUM,Monitor trip
69.31,16.45,17.06,45.47,46.21,24.77,Cloudy,Low,9,0,87.47,4.06271981242673,0.2849834322456495,1,LOW,Normal operation
116.94,20.81,27.67,30.44,41.02,21.88,Heavy_Rain,Low,8,4,89.57,4.226237802674376,0.7619287035292568,1,CRITICAL,Critical monitoring - Heavy rain risk
65.86,22.31,17.04,48.06,32.05,28.08,Clear,Low,5,2,80.4,3.865023474178404,0.1488118651471211,0,LOW,Normal operation
63.91,35.07,17.79,49.7,33.38,21.84,Clear,Low,12,5,80.46,3.592467678471051,0.21095369275294804,0,LOW,Normal operation
33.53,37.05,10.09,49.24,31.52,24.25,Clear,Medium,11,0,73.61,3.323092170465808,0.2304289250245935,0,LOW,Normal operation
102.23,18.02,26.94,31.88,33.23,23.4,Heavy_Rain,Low,7,2,90.1,3.794729027468448,0.5425600948504999,1,HIGH,Increase trip monitoring
82.93,23.94,17.45,40.19,32.43,30.43,Rain,Medium,7,1,79.52,4.75243553008596,0.32288899940373245,0,MEDIUM,Monitor trip
42.6,20.45,10.49,63.04,39.87,21.77,Clear,Medium,15,2,70.84,4.061010486177312,0.19394808128464888,0,LOW,Normal operation
86.76,30.91,19.88,47.16,37.34,16.44,Cloudy,Medium,19,6,70.69,4.364185110663985,0.3214380117292228,0,MEDIUM,Monitor trip
69.46,21.24,15.8,49.85,24.65,22.49,Cloudy,Medium,10,6,85.24,4.396202531645569,0.3141557513480886,1,MEDIUM,Monitor trip
75.66,15.47,13.68,38.77,47.69,26.18,Clear,Medium,1,5,73.41,5.530701754385965,0.40918701064707913,0,MEDIUM,Monitor trip
47.69,22.18,15.92,34.49,22.27,30.76,Clear,High,6,5,78.65,2.995603015075377,0.37252536418386856,0,MEDIUM,Monitor trip
99.27,33.45,21.34,61.49,24.04,26.04,Clear,Low,5,3,79.8,4.65182755388941,0.13053454669719827,0,LOW,Normal operation
126.37,26.91,28.78,20.0,48.56,21.43,Heavy_Rain,Medium,11,3,89.51,4.3908964558721335,0.7780561964774924,1,CRITICAL,Critical monitoring - Heavy rain risk
126.11,22.79,27.77,29.98,33.4,22.54,Rain,Medium,10,4,77.28,4.541231544832553,0.6436296600784777,0,HIGH,Increase trip monitoring
20.18,19.09,6.5,52.42,47.32,31.44,Clear,Low,10,2,77.43,3.1046153846153848,0.2034380526079945,0,LOW,Normal operation
40.36,38.12,15.57,46.46,40.73,24.21,Clear,High,18,1,81.14,2.592164418754014,0.273059238326581,0,LOW,Normal operation
39.38,15.45,10.49,40.83,18.59,22.09,Clear,High,10,5,77.81,3.754051477597712,0.33711614612671187,1,MEDIUM,Monitor trip
56.37,34.25,16.72,36.14,40.34,22.92,Heavy_Rain,Low,13,3,80.37,3.3714114832535884,0.36070923533382154,0,MEDIUM,Monitor trip
148.93,26.5,28.67,46.18,40.29,16.41,Rain,Medium,14,2,95.34,5.194628531566097,0.32505963377234504,1,MEDIUM,Monitor trip
82.99,33.31,19.07,40.89,35.38,24.14,Clear,High,18,2,100.0,4.35186156266387,0.26551927833737565,0,LOW,Normal operation
83.65,17.27,17.17,56.47,26.19,28.56,Cloudy,Low,1,2,71.25,4.871869539895166,0.18838215023257981,0,LOW,Normal operation
134.36,23.4,29.88,48.11,38.18,28.03,Clear,Low,4,4,86.39,4.496653279785811,0.23334120800733407,1,LOW,Normal operation
62.36,20.85,13.23,43.3,33.32,24.4,Cloudy,Medium,15,3,95.37,4.713529856386999,0.22045159601274597,0,LOW,Normal operation
103.11,37.62,26.15,52.21,40.9,29.92,Clear,Medium,2,2,67.48,3.94302103250478,0.3468954303933471,1,MEDIUM,Monitor trip
110.45,17.57,19.85,43.83,29.17,23.55,Clear,Low,10,4,82.04,5.564231738035264,0.23966365886980867,0,LOW,Normal operation
100.4,28.34,22.72,43.59,33.88,29.19,Cloudy,High,18,3,70.75,4.419014084507043,0.3864936123645445,0,MEDIUM,Monitor trip
53.16,26.18,14.03,55.9,35.97,31.79,Clear,Medium,20,4,69.38,3.789023521026372,0.13324437276527665,0,LOW,Normal operation
80.75,21.67,19.86,55.31,37.07,27.35,Cloudy,Low,3,2,92.51,4.065961732124874,0.19421008932397127,1,LOW,Normal operation
56.75,15.88,14.16,44.47,38.11,23.57,Clear,Low,8,10,85.13,4.007768361581921,0.24303017344899633,0,LOW,Normal operation
134.35,27.29,27.73,42.63,39.23,24.96,Rain,Low,13,3,82.77,4.84493328525063,0.34720677428192964,0,MEDIUM,Monitor trip
40.6,32.87,14.4,40.0,31.3,28.96,Clear,High,7,3,74.02,2.8194444444444446,0.28705024977334753,0,LOW,Normal operation
21.01,22.67,9.37,55.6,27.37,24.45,Cloudy,Medium,7,3,86.59,2.242262540021345,0.16730014076906408,0,LOW,Normal operation
54.52,28.7,16.14,49.53,28.18,19.13,Clear,Medium,18,1,86.03,3.377942998760843,0.18966476096864165,0,LOW,Normal operation
20.75,34.75,11.52,52.35,37.54,34.83,Clear,Medium,1,6,69.7,1.801215277777778,0.25599509678052046,0,LOW,Normal operation
25.05,15.07,11.97,32.09,45.43,28.99,Rain,Low,10,2,83.36,2.092731829573935,0.43799998689490505,1,MEDIUM,Monitor trip
43.75,29.12,11.56,56.97,38.25,35.59,Clear,Low,13,2,85.61,3.784602076124567,0.08321854592242066,0,LOW,Normal operation
121.36,20.12,21.99,42.8,47.98,30.12,Cloudy,High,13,4,79.56,5.51887221464302,0.49741733466245136,1,MEDIUM,Monitor trip
97.23,38.93,26.68,42.67,27.99,25.62,Clear,High,1,4,77.96,3.6443028485757125,0.24375990777394865,0,LOW,Normal operation
124.63,33.77,35.34,30.02,37.12,33.41,Heavy_Rain,Medium,6,3,87.27,3.5265987549518956,0.7578882170671926,1,CRITICAL,Critical monitoring - Heavy rain risk
91.89,23.44,17.65,48.37,22.16,29.26,Cloudy,Low,17,4,73.3,5.206232294617564,0.20041625882127975,0,LOW,Normal operation
108.85,32.86,28.6,29.08,31.67,22.36,Heavy_Rain,Medium,7,2,88.26,3.8059440559440554,0.71678299749658,1,CRITICAL,Critical monitoring - Heavy rain risk
54.22,38.4,15.61,42.8,35.43,26.69,Clear,Medium,4,7,82.87,3.4734144778987828,0.3256227106803528,1,MEDIUM,Monitor trip
120.06,33.88,29.5,43.29,28.11,21.22,Cloudy,Low,15,1,87.3,4.069830508474577,0.2233916692455206,0,LOW,Normal operation
140.63,19.7,27.13,62.67,25.83,25.16,Clear,Low,2,0,98.24,5.183560633984519,0.30569517510776506,0,MEDIUM,Monitor trip
144.45,24.07,30.52,39.14,28.54,19.97,Heavy_Rain,Medium,13,3,74.79,4.732961992136304,0.5131494980857707,0,HIGH,Increase trip monitoring
114.07,31.47,30.98,34.43,45.04,30.26,Heavy_Rain,Low,8,2,77.77,3.6820529373789537,0.644385270459402,1,HIGH,Increase trip monitoring
83.28,26.69,21.74,57.18,39.01,32.42,Cloudy,Low,2,3,73.81,3.830726770929163,0.17873372345755342,0,LOW,Normal operation
103.2,25.97,22.44,26.61,35.26,27.57,Rain,High,2,2,100.0,4.598930481283422,0.694981122033973,1,HIGH,Increase trip monitoring
93.4,15.6,18.16,40.34,44.56,25.04,Cloudy,High,6,3,80.87,5.143171806167401,0.3446057795611007,0,MEDIUM,Monitor trip
127.93,37.23,30.73,49.22,48.5,28.36,Clear,Medium,10,2,84.45,4.163032866905304,0.44941752509073574,1,MEDIUM,Monitor trip
87.85,28.18,25.4,20.38,48.09,15.69,Heavy_Rain,Medium,2,7,80.84,3.4586614173228347,0.7473627879163147,1,CRITICAL,Critical monitoring - Heavy rain risk
31.88,26.43,14.13,27.66,36.3,20.4,Rain,High,14,3,93.28,2.2561924982307144,0.525291664510065,1,HIGH,Increase trip monitoring
99.62,27.27,19.83,54.26,35.94,29.21,Clear,Low,19,7,66.89,5.023701462430661,0.2440654955281689,1,LOW,Normal operation
23.7,22.23,16.48,20.0,46.76,29.6,Heavy_Rain,Medium,19,1,83.25,1.4381067961165048,0.6942268525305036,1,HIGH,Increase trip monitoring
94.18,15.78,17.93,56.75,36.93,30.26,Cloudy,Medium,5,8,100.0,5.252649191299499,0.26521111083045146,1,LOW,Normal operation
143.37,29.87,33.76,26.35,41.86,26.25,Rain,High,16,3,77.34,4.246741706161138,0.6220670620158676,0,HIGH,Increase trip monitoring
103.62,20.46,22.23,64.7,28.68,17.22,Clear,Low,19,1,93.41,4.661268556005398,0.18920321536360724,0,LOW,Normal operation
149.83,24.7,36.8,29.74,35.0,29.37,Rain,High,8,3,85.36,4.071467391304348,0.7038945979063234,1,CRITICAL,Critical monitoring - High traffic
68.44,33.75,19.0,34.11,23.25,35.23,Rain,High,11,4,98.72,3.6021052631578945,0.5047663263941642,1,HIGH,Increase trip monitoring
98.92,39.8,21.96,53.43,29.3,26.17,Clear,Medium,18,3,91.97,4.504553734061931,0.18549411275152616,0,LOW,Normal operation
82.84,16.74,17.41,46.38,46.34,30.64,Clear,Medium,19,4,90.09,4.758184951177484,0.30189443954462086,1,MEDIUM,Monitor trip
143.99,38.31,30.82,38.98,29.69,27.92,Cloudy,Medium,12,5,79.1,4.671966255678131,0.4965362034330835,1,MEDIUM,Monitor trip
65.72,26.96,18.59,36.96,34.36,14.85,Rain,Medium,10,1,74.94,3.535233996772458,0.32461323456748015,1,MEDIUM,Monitor trip
49.46,35.22,18.75,20.0,35.59,24.94,Heavy_Rain,High,13,3,76.96,2.6378666666666666,0.6793675501363782,0,HIGH,Increase trip monitoring
23.86,31.29,9.85,39.24,51.35,26.71,Clear,High,8,4,80.29,2.4223350253807108,0.4714882990496736,0,MEDIUM,Monitor trip
98.36,24.52,21.13,70.0,25.18,26.25,Clear,Low,7,1,79.58,4.6549929010885,0.10601626661001518,0,LOW,Normal operation
79.94,31.72,20.71,33.51,30.17,21.41,Clear,High,12,2,79.76,3.8599710284886526,0.3618814937470568,0,MEDIUM,Monitor trip
30.63,23.31,8.83,50.4,48.48,23.99,Cloudy,Low,19,2,78.0,3.46885617214043,0.27187565658275925,0,LOW,Normal operation
40.27,15.1,7.89,49.1,46.38,31.41,Clear,Low,8,3,84.63,5.103929024081116,0.24800906736054074,0,LOW,Normal operation
35.78,24.25,13.41,49.83,25.86,27.56,Clear,Medium,5,3,87.13,2.668158090976883,0.21653555443511704,0,LOW,Normal operation
29.38,28.9,10.16,65.81,24.86,25.63,Clear,Low,6,3,81.15,2.8917322834645667,0.11683163567137182,0,LOW,Normal operation
128.51,33.38,33.79,37.06,35.18,22.41,Heavy_Rain,Low,19,4,75.44,3.803196211897011,0.3248769437126264,1,MEDIUM,Monitor trip
56.91,19.7,18.92,52.48,15.0,27.07,Cloudy,High,19,3,72.69,3.007928118393234,0.31201350544052253,1,MEDIUM,Monitor trip
137.61,24.49,28.46,48.78,32.14,24.99,Clear,Low,7,4,84.46,4.835207308503163,0.23205560947278484,1,LOW,Normal operation
25.9,33.97,12.45,50.19,47.25,23.46,Rain,Low,10,4,90.04,2.0803212851405624,0.3713103689913542,1,MEDIUM,Monitor trip
25.82,16.32,7.3,54.6,17.38,21.21,Clear,Low,17,1,87.39,3.536986301369863,0.12493429020466601,0,LOW,Normal operation
47.72,23.15,16.19,28.58,44.72,27.8,Cloudy,High,3,5,84.59,2.947498455836936,0.5486238792365861,0,HIGH,Increase trip monitoring
90.85,16.54,19.01,46.96,34.76,30.44,Clear,High,11,1,92.56,4.779063650710152,0.22753829138545223,0,LOW,Normal operation
54.26,30.41,21.49,20.0,29.62,13.34,Heavy_Rain,High,1,3,92.56,2.5248953001395997,0.7039146853209425,0,CRITICAL,Critical monitoring - Heavy rain risk
53.98,21.95,17.13,34.3,33.12,26.54,Clear,High,6,2,92.68,3.1511967308814945,0.37127671005861507,0,MEDIUM,Monitor trip
66.49,19.56,11.66,41.93,32.57,23.23,Cloudy,Low,10,3,82.36,5.702401372212693,0.1801375175939151,0,LOW,Normal operation
78.46,25.07,16.65,50.32,35.09,27.09,Clear,Medium,20,6,89.21,4.712312312312313,0.2734986214484041,1,LOW,Normal operation
124.29,32.87,32.86,34.69,39.22,31.65,Heavy_Rain,Low,5,1,82.48,3.7824102251978093,0.4762287955144496,0,MEDIUM,Monitor trip
110.98,27.0,24.81,44.2,36.46,25.4,Cloudy,High,9,6,78.71,4.473196291817816,0.5525473463403787,1,HIGH,Increase trip monitoring
31.21,18.06,9.43,46.84,36.33,21.7,Cloudy,High,15,2,71.4,3.3096500530222697,0.33399423356396113,0,MEDIUM,Monitor trip
120.47,18.46,22.96,35.49,33.83,27.44,Clear,High,1,0,81.5,5.246951219512195,0.5022003436838053,1,HIGH,Increase trip monitoring
75.78,35.17,20.61,50.17,30.92,31.87,Cloudy,Low,15,8,84.93,3.676855895196507,0.3022557706302012,1,MEDIUM,Monitor trip
90.46,22.21,19.45,49.53,31.87,23.64,Rain,Low,20,2,81.35,4.650899742930591,0.2521863597297196,0,LOW,Normal operation
47.59,31.18,16.14,52.99,36.4,25.79,Clear,Low,8,2,80.91,2.948574969021066,0.12599932076340525,0,LOW,Normal operation
50.86,31.17,14.87,24.15,35.08,25.4,Cloudy,High,13,3,80.91,3.4203093476798925,0.48049239621458456,1,MEDIUM,Monitor trip
41.1,36.14,12.02,37.81,32.14,22.84,Rain,Medium,17,6,78.84,3.4193011647254576,0.44760241467536577,1,MEDIUM,Monitor trip
80.06,21.54,16.67,53.37,35.85,30.19,Clear,Low,13,0,82.72,4.802639472105579,0.13378606185750017,0,LOW,Normal operation
21.27,25.86,6.79,43.71,24.81,26.59,Rain,Low,19,4,84.9,3.1325478645066274,0.2582304102231329,0,LOW,Normal operation
108.97,33.53,29.43,33.36,35.15,27.61,Rain,Medium,17,4,79.5,3.702684335711859,0.6185291741281378,0,HIGH,Increase trip monitoring
23.61,28.69,11.94,65.4,37.63,25.93,Clear,Low,18,0,83.09,1.9773869346733668,0.11322575161975308,0,LOW,Normal operation
41.35,38.75,13.83,39.43,38.04,20.22,Clear,High,10,0,73.57,2.989877078814172,0.3004186305571128,0,MEDIUM,Monitor trip
136.44,34.16,29.81,39.71,15.0,27.41,Rain,Low,15,2,76.76,4.5769875880576985,0.4254459879764881,1,MEDIUM,Monitor trip
81.4,20.07,18.78,44.69,46.5,21.43,Cloudy,Low,15,3,81.69,4.334398296059638,0.28613982365601937,1,LOW,Normal operation
51.42,19.61,8.42,41.25,34.31,22.84,Cloudy,Medium,1,0,79.88,6.106888361045131,0.21180724478505145,1,LOW,Normal operation
49.17,24.17,14.06,49.59,34.42,27.48,Clear,Medium,3,4,92.88,3.497155049786629,0.2226340202065557,0,LOW,Normal operation
36.18,21.46,8.76,37.13,35.41,14.71,Heavy_Rain,Medium,9,1,86.54,4.13013698630137,0.355732731746022,1,MEDIUM,Monitor trip
145.85,36.56,30.36,39.67,30.78,25.27,Rain,Medium,18,2,82.3,4.804018445322793,0.45947512052005457,1,MEDIUM,Monitor trip
136.4,32.82,31.31,20.0,30.09,30.39,Heavy_Rain,High,3,3,80.24,4.356435643564357,0.7956359184011234,1,CRITICAL,Critical monitoring - Heavy rain risk
38.89,34.51,16.32,42.23,42.86,25.43,Cloudy,Low,11,5,83.06,2.3829656862745097,0.283455307839164,0,LOW,Normal operation
130.92,39.4,28.57,63.39,30.06,24.1,Clear,Low,19,1,71.57,4.582429121456072,0.17464427312289837,0,LOW,Normal operation
56.32,15.59,15.63,29.0,35.96,25.64,Heavy_Rain,Low,10,4,80.1,3.603326935380678,0.5810158824026807,1,HIGH,Increase trip monitoring
84.99,35.74,23.23,46.87,33.04,18.67,Clear,Medium,5,2,86.68,3.658631080499354,0.19749203173589866,0,LOW,Normal operation
117.36,32.32,25.88,38.46,51.87,21.11,Rain,Low,20,0,84.13,4.5347758887171565,0.517777067974111,1,HIGH,Increase trip monitoring
119.68,33.22,29.54,36.14,28.46,17.82,Clear,Medium,3,4,82.1,4.051455653351388,0.4513541625008649,0,MEDIUM,Monitor trip
144.22,18.37,28.9,56.49,28.59,17.21,Clear,Low,12,1,90.91,4.990311418685121,0.20882000104700502,0,LOW,Normal operation
100.76,23.75,19.57,38.99,29.73,29.36,Clear,Medium,7,2,86.86,5.148696985181401,0.2820854538615296,0,LOW,Normal operation
96.65,36.91,25.85,40.73,35.67,31.01,Clear,High,3,0,81.76,3.738878143133462,0.28174070479727614,0,LOW,Normal operation
104.83,24.9,23.33,43.5,44.26,24.79,Cloudy,Medium,19,2,77.69,4.493356193741963,0.334485652983369,0,MEDIUM,Monitor trip
144.05,25.8,26.95,39.7,40.46,29.17,Cloudy,Medium,12,3,77.53,5.345083487940632,0.3145532009676433,1,MEDIUM,Monitor trip
86.87,36.31,20.91,70.0,47.55,20.25,Clear,Low,5,4,76.72,4.154471544715447,0.20778078838924174,0,LOW,Normal operation
30.08,26.9,16.19,20.0,41.76,27.78,Heavy_Rain,Medium,19,1,89.13,1.857936998147004,0.62685106865904,0,HIGH,Increase trip monitoring
123.32,28.67,25.78,60.28,40.1,24.64,Clear,Low,9,2,77.72,4.783553141970519,0.1776678898179853,0,LOW,Normal operation
35.59,34.21,15.13,35.2,22.55,19.32,Rain,High,11,0,71.39,2.352280237937872,0.4642190059919543,1,MEDIUM,Monitor trip
128.13,21.48,24.08,42.09,40.52,27.99,Cloudy,Medium,19,4,83.12,5.321013289036545,0.31946833036947264,1,MEDIUM,Monitor trip
50.33,23.77,8.68,42.99,18.35,16.58,Rain,Medium,1,2,96.89,5.798387096774194,0.3610374886972881,1,MEDIUM,Monitor trip
93.41,32.66,19.03,57.23,43.65,37.39,Cloudy,Medium,3,1,77.2,4.90856542301629,0.2613487508123827,0,LOW,Normal operation
94.91,22.98,20.45,36.63,24.69,21.81,Clear,High,3,3,80.68,4.641075794621027,0.2499018426660305,1,LOW,Normal operation
121.43,36.44,29.15,51.43,40.86,31.56,Clear,Medium,18,2,68.47,4.165694682675815,0.2747541019407912,1,LOW,Normal operation
68.6,21.14,15.86,52.69,35.86,27.19,Clear,Low,14,3,87.49,4.325346784363178,0.14119495344988697,0,LOW,Normal operation
77.89,22.53,20.15,32.84,41.85,20.61,Rain,Medium,17,3,78.17,3.865508684863524,0.43036303850866525,1,MEDIUM,Monitor trip
92.65,19.39,20.37,46.24,42.21,23.76,Rain,Low,18,4,88.46,4.548355424644084,0.2708729372478347,1,LOW,Normal operation
132.68,32.63,29.31,45.83,18.64,24.38,Clear,Medium,15,5,76.03,4.526782668031389,0.4945582845798502,1,MEDIUM,Monitor trip
141.3,24.12,28.67,36.6,37.06,28.58,Cloudy,Low,14,2,93.46,4.92849668643181,0.3461225819847203,0,MEDIUM,Monitor trip
105.99,19.93,21.22,43.57,17.95,26.38,Clear,High,3,1,84.74,4.9948162111215835,0.4700441256598318,0,MEDIUM,Monitor trip
73.5,32.66,19.05,41.79,38.47,26.05,Clear,High,15,4,66.18,3.858267716535433,0.4515076082186364,1,MEDIUM,Monitor trip
29.5,33.65,15.84,40.46,33.6,23.99,Cloudy,Medium,10,3,92.86,1.8623737373737375,0.22309317442609308,1,LOW,Normal operation
24.52,33.01,12.76,43.28,38.18,27.84,Rain,Medium,9,4,88.56,1.921630094043887,0.3119456506063759,0,MEDIUM,Monitor trip
143.31,30.2,29.09,33.46,31.73,19.77,Cloudy,Medium,11,4,74.26,4.926435201100034,0.5486745019503009,0,HIGH,Increase trip monitoring
116.17,16.19,20.26,45.74,27.83,29.49,Cloudy,Medium,5,5,98.64,5.73395853899309,0.2881859204965184,1,LOW,Normal operation
106.27,17.69,19.64,39.68,49.25,28.5,Clear,High,15,3,86.08,5.410896130346232,0.49636975157262947,1,MEDIUM,Monitor trip
38.62,30.68,15.54,31.74,33.93,28.04,Heavy_Rain,High,10,2,50.95,2.485199485199485,0.5931636069948413,1,HIGH,Increase trip monitoring
29.52,27.78,8.94,51.77,45.87,21.59,Cloudy,Low,16,3,90.94,3.302013422818792,0.25809633109181873,1,LOW,Normal operation
31.95,33.73,17.07,47.28,24.55,27.07,Cloudy,Low,2,3,81.58,1.8717047451669595,0.19640462607688794,0,LOW,Normal operation
139.08,36.66,28.49,49.81,37.91,27.69,Cloudy,Low,9,1,84.19,4.8817128817128825,0.23391674816860836,0,LOW,Normal operation
136.28,16.23,23.51,53.45,31.34,30.27,Cloudy,Low,3,2,83.59,5.796682262866865,0.27813715211344076,0,LOW,Normal operation
47.56,37.45,21.69,20.0,42.78,32.83,Heavy_Rain,High,11,3,85.15,2.192715537113877,0.6493843560551421,1,HIGH,Increase trip monitoring
48.34,28.25,12.69,47.64,38.94,19.71,Clear,Medium,19,2,77.91,3.8092986603624905,0.19783978415568285,0,LOW,Normal operation
32.01,34.63,17.91,36.38,23.71,21.86,Heavy_Rain,Low,3,7,73.72,1.7872696817420435,0.5753525075738862,1,HIGH,Increase trip monitoring
22.17,39.62,14.79,45.67,27.44,24.06,Clear,Medium,5,3,88.75,1.4989858012170387,0.17405557600761307,1,LOW,Normal operation
121.2,28.01,27.23,40.93,36.89,27.0,Rain,Low,9,1,71.69,4.450973191333088,0.4082155306627687,1,MEDIUM,Monitor trip
144.24,21.3,25.77,46.95,36.51,20.67,Clear,Medium,20,0,92.96,5.597206053550641,0.30829010611165014,1,MEDIUM,Monitor trip
111.33,24.36,23.84,52.57,30.7,24.21,Cloudy,Medium,1,2,91.53,4.66988255033557,0.3708426293151185,0,MEDIUM,Monitor trip
53.69,37.77,18.15,44.17,47.24,28.94,Rain,Low,12,5,83.13,2.9581267217630853,0.5451519586093837,0,HIGH,Increase trip monitoring
92.56,19.49,17.93,59.13,39.93,33.4,Clear,Medium,18,2,76.82,5.162297824874512,0.18810415182266485,0,LOW,Normal operation
147.88,20.61,25.81,45.7,55.22,26.32,Clear,Medium,13,2,75.22,5.729562185199535,0.4936126504716487,1,MEDIUM,Monitor trip
89.33,37.68,23.59,42.77,36.59,23.9,Clear,High,4,1,79.23,3.7867740568037305,0.20378098972590158,0,LOW,Normal operation
46.11,22.3,11.7,66.06,27.94,20.27,Clear,Low,20,3,84.23,3.9410256410256412,0.12993933179639355,0,LOW,Normal operation
58.04,31.98,16.59,37.23,35.74,29.19,Rain,Low,4,5,94.28,3.498493068113321,0.3411239061443814,0,MEDIUM,Monitor trip
45.86,35.03,13.81,38.43,39.41,21.44,Cloudy,Medium,8,4,76.97,3.3207820419985516,0.24592003110895408,0,LOW,Normal operation
33.6,26.51,12.19,49.76,40.9,26.2,Cloudy,Low,5,6,79.2,2.7563576702214934,0.2544590599866525,0,LOW,Normal operation
80.47,34.96,19.68,45.42,34.03,29.64,Clear,Medium,6,4,79.88,4.088922764227642,0.19124893776958635,0,LOW,Normal operation
59.1,24.17,15.16,48.52,36.96,19.98,Cloudy,Low,12,3,80.5,3.8984168865435356,0.1785437773181106,0,LOW,Normal operation
67.98,35.74,18.6,42.76,34.07,25.55,Clear,Low,15,4,81.35,3.6548387096774193,0.1385560234460966,0,LOW,Normal operation
96.56,22.2,20.05,55.61,31.24,24.49,Cloudy,Low,20,3,75.44,4.815960099750623,0.12709752805424504,0,LOW,Normal operation
42.89,27.57,19.35,29.35,35.69,29.35,Cloudy,Medium,20,1,80.59,2.2165374677002583,0.34003812356490004,1,MEDIUM,Monitor trip
74.33,32.9,17.75,49.64,33.46,18.17,Cloudy,Low,8,5,94.37,4.187605633802817,0.2654141731721127,0,LOW,Normal operation
97.79,20.5,24.3,31.26,47.74,28.78,Rain,High,3,5,85.56,4.024279835390947,0.588226462269635,0,HIGH,Increase trip monitoring
96.5,32.62,19.89,59.84,34.0,26.67,Cloudy,Low,6,4,81.2,4.851684263448969,0.14680453017915815,0,LOW,Normal operation
79.26,17.9,20.07,33.56,28.24,20.14,Cloudy,Medium,11,7,86.96,3.9491778774289985,0.3820385761511429,0,MEDIUM,Monitor trip
35.57,21.06,11.4,45.42,48.04,17.35,Clear,Medium,18,0,83.8,3.1201754385964913,0.2772957204261277,1,LOW,Normal operation
76.06,32.73,22.07,53.39,19.08,28.16,Cloudy,Low,8,3,95.53,3.446307204349796,0.15535243734780516,0,LOW,Normal operation
35.02,22.98,12.73,41.04,32.72,18.71,Cloudy,Low,10,2,68.19,2.750981932443048,0.16668532535087255,1,LOW,Normal operation
40.15,23.07,10.69,47.72,37.15,29.97,Cloudy,Medium,9,1,79.46,3.7558465855940133,0.20987980927587455,0,LOW,Normal operation
125.13,29.44,27.39,64.73,36.69,22.16,Clear,Low,3,4,83.6,4.568455640744797,0.2229120395896508,0,LOW,Normal operation
90.33,31.01,20.68,54.28,35.03,27.45,Clear,Low,2,4,87.6,4.367988394584139,0.1486893946426465,1,LOW,Normal operation
117.33,20.45,23.91,49.9,31.06,25.36,Cloudy,Low,16,2,95.27,4.9071518193224595,0.22183916182636637,0,LOW,Normal operation
90.33,23.18,19.96,49.16,28.41,21.15,Rain,Low,19,5,86.32,4.525551102204409,0.3435178007269734,0,MEDIUM,Monitor trip
83.18,31.12,26.02,31.04,49.45,25.76,Heavy_Rain,High,11,2,78.96,3.196771714066103,0.7189850654679374,1,CRITICAL,Critical monitoring - Heavy rain risk
103.88,37.34,25.45,41.58,17.92,23.31,Cloudy,High,16,0,70.05,4.081728880157171,0.4217437037487105,0,MEDIUM,Monitor trip
102.43,25.07,21.31,44.63,55.22,29.42,Clear,Low,9,6,82.74,4.806663538244956,0.5918092029913852,0,HIGH,Increase trip monitoring
121.22,17.83,24.6,41.66,33.37,10.0,Rain,Low,5,2,88.48,4.927642276422764,0.310996316222576,0,MEDIUM,Monitor trip
90.86,34.34,24.35,57.23,40.65,26.4,Clear,Low,5,5,96.82,3.7314168377823407,0.18484378380678382,0,LOW,Normal operation
140.2,38.45,31.69,46.06,37.13,28.76,Clear,Medium,19,4,100.0,4.424108551593562,0.30177576804917183,0,MEDIUM,Monitor trip
115.32,15.68,24.98,40.42,39.01,20.98,Clear,Medium,16,5,82.9,4.616493194555644,0.4036973760194575,0,MEDIUM,Monitor trip
33.01,18.41,12.08,20.02,40.37,17.96,Heavy_Rain,Medium,14,5,71.5,2.7326158940397347,0.7055884397636312,1,CRITICAL,Critical monitoring - Heavy rain risk
36.51,21.79,8.49,48.26,31.83,18.11,Cloudy,Medium,11,4,84.84,4.300353356890459,0.2218379966332558,0,LOW,Normal operation
130.95,29.12,31.11,20.0,35.38,29.0,Heavy_Rain,High,15,3,92.35,4.209257473481196,0.7395652527902906,1,CRITICAL,Critical monitoring - Heavy rain risk
147.89,19.39,29.03,34.32,33.63,29.66,Clear,High,11,4,93.46,5.094385118842576,0.43979461233182104,1,MEDIUM,Monitor trip
119.76,21.28,23.45,55.4,28.34,26.7,Cloudy,Low,8,3,74.16,5.107036247334755,0.22317513114349233,0,LOW,Normal operation
39.0,18.76,12.38,40.59,47.5,28.81,Cloudy,High,10,7,70.42,3.1502423263327946,0.5489986638847465,0,HIGH,Increase trip monitoring
64.31,20.61,15.41,48.14,18.93,25.53,Rain,Low,1,5,70.67,4.173264114211551,0.46382078946250116,1,MEDIUM,Monitor trip
67.89,35.78,21.86,32.82,30.93,26.63,Clear,High,2,2,69.35,3.105672461116194,0.45144426514271424,0,MEDIUM,Monitor trip
99.51,15.57,18.18,38.74,28.87,29.18,Clear,Low,5,5,91.68,5.473597359735974,0.1756114837427275,0,LOW,Normal operation
120.45,32.35,28.13,43.84,34.83,34.37,Clear,Medium,13,1,100.0,4.281905439033061,0.23687748586797272,1,LOW,Normal operation
86.55,27.68,17.06,41.2,24.04,31.89,Cloudy,Medium,13,3,83.59,5.07327080890973,0.2277811397498304,0,LOW,Normal operation
29.49,39.46,14.79,56.84,40.49,23.92,Cloudy,Low,9,2,85.71,1.9939148073022313,0.13628516531406748,0,LOW,Normal operation
141.49,21.34,25.53,41.44,24.34,19.99,Rain,Low,4,4,84.33,5.542107324716021,0.37192057259773686,0,MEDIUM,Monitor trip
103.92,15.89,19.28,54.5,48.39,21.78,Clear,Low,15,7,78.58,5.390041493775933,0.6588508341086853,0,HIGH,Increase trip monitoring
98.66,35.88,30.69,20.1,35.94,23.25,Heavy_Rain,Low,10,4,84.47,3.2147279244053437,0.5482223872759523,0,HIGH,Increase trip monitoring
75.22,32.2,14.37,45.09,42.05,22.58,Cloudy,Low,4,2,74.66,5.234516353514266,0.1820791376574462,0,LOW,Normal operation
45.67,17.96,12.98,60.35,37.01,31.28,Clear,Low,11,2,73.83,3.5184899845916795,0.11075763797527845,0,LOW,Normal operation
110.75,38.08,25.62,56.28,54.35,16.39,Clear,Medium,5,8,79.41,4.32279469164715,0.70854648951795,0,CRITICAL,Critical monitoring - Excessive loading time
113.48,35.49,23.87,38.59,36.37,21.72,Cloudy,Medium,9,3,70.77,4.754084625052367,0.3499574441038219,0,MEDIUM,Monitor trip
40.76,20.46,11.07,34.56,30.25,19.8,Rain,Low,12,4,88.33,3.6820234869015356,0.36976762804909213,1,MEDIUM,Monitor trip
69.32,21.62,16.9,55.2,35.98,22.63,Cloudy,Medium,12,6,76.41,4.101775147928994,0.3387923761087842,1,MEDIUM,Monitor trip
119.25,20.07,27.86,26.42,42.73,24.47,Rain,Medium,14,1,84.95,4.280330222541278,0.6801542125887324,0,HIGH,Increase trip monitoring
124.06,20.19,22.9,35.58,19.31,17.2,Cloudy,Medium,5,3,87.59,5.417467248908298,0.4696704640304403,1,MEDIUM,Monitor trip
91.65,34.64,20.05,44.1,35.94,21.95,Cloudy,Low,1,2,81.75,4.5710723192019955,0.19509630019771643,0,LOW,Normal operation
49.06,30.54,15.46,49.27,32.37,33.23,Cloudy,Medium,12,3,84.03,3.1733505821474774,0.21435381032334508,1,LOW,Normal operation
146.87,30.93,30.67,52.37,27.97,23.94,Clear,Medium,17,3,93.49,4.788718617541571,0.28130570919145587,0,LOW,Normal operation
121.07,31.83,30.56,29.01,41.94,33.22,Rain,Medium,3,5,69.16,3.961714659685864,0.8378314742571163,1,CRITICAL,Critical monitoring - Low vehicle speed
20.96,25.4,12.58,28.7,20.37,26.78,Clear,Medium,11,1,79.36,1.6661367249602543,0.18999815030622508,0,LOW,Normal operation
127.28,33.93,27.97,36.13,31.74,24.85,Rain,Low,6,5,81.08,4.550589917769038,0.562489858002637,1,HIGH,Increase trip monitoring
149.75,26.2,34.49,32.95,41.09,32.18,Rain,Medium,8,4,87.93,4.341838213975065,0.5101705377208173,1,HIGH,Increase trip monitoring
118.06,32.55,30.66,31.71,30.69,27.26,Rain,Medium,19,2,65.43,3.8506196999347684,0.5857681994764196,1,HIGH,Increase trip monitoring
43.6,37.68,15.3,44.26,33.56,23.85,Cloudy,Medium,10,4,84.68,2.849673202614379,0.22338185769955263,0,LOW,Normal operation
43.17,36.91,14.62,54.98,36.94,14.46,Clear,Medium,9,4,83.5,2.9528043775649797,0.19335502844665384,0,LOW,Normal operation
115.88,38.98,26.98,64.52,25.69,34.08,Clear,Low,10,1,76.1,4.2950333580429945,0.13627076765174545,0,LOW,Normal operation
70.4,21.57,15.12,54.79,32.87,33.61,Clear,Low,16,5,92.28,4.656084656084657,0.208401045103651,0,LOW,Normal operation
49.85,36.77,14.41,38.91,36.07,24.69,Rain,Low,10,1,81.88,3.4594031922276196,0.26947343916466604,0,LOW,Normal operation
63.33,23.06,20.53,21.45,48.83,24.18,Heavy_Rain,Medium,19,2,82.8,3.084754018509498,0.686015515638324,0,HIGH,Increase trip monitoring
71.05,20.24,15.02,47.68,36.58,24.88,Cloudy,Low,17,3,93.99,4.730359520639148,0.18227997871984725,0,LOW,Normal operation
51.09,39.03,17.15,41.17,36.34,21.49,Rain,Medium,18,3,91.52,2.9790087463556856,0.2861298663782242,0,LOW,Normal operation
89.75,30.62,25.14,24.35,45.93,26.7,Clear,High,18,8,78.99,3.570007955449483,0.5272777347584122,0,HIGH,Increase trip monitoring
85.58,21.43,18.32,60.06,39.2,17.73,Rain,Low,1,3,93.46,4.671397379912664,0.29768586470382075,0,LOW,Normal operation
46.04,20.16,13.74,20.05,48.95,27.24,Rain,High,1,4,100.0,3.35080058224163,0.5846452662054263,1,HIGH,Increase trip monitoring
111.92,35.84,28.97,31.32,37.75,24.66,Cloudy,High,12,1,90.49,3.863306869175009,0.6400408782006246,1,HIGH,Increase trip monitoring
47.95,31.34,16.18,55.88,51.36,21.72,Clear,Low,17,4,88.83,2.9635352286773795,0.2411916235523625,0,LOW,Normal operation
132.91,33.35,27.07,51.92,32.28,18.46,Clear,Low,9,5,83.94,4.909863317325453,0.328011253254058,0,MEDIUM,Monitor trip
122.52,19.04,23.22,57.11,30.3,21.24,Clear,Low,13,3,73.8,5.276485788113695,0.22021209340500061,0,LOW,Normal operation
135.85,25.04,33.5,26.41,29.07,33.72,Heavy_Rain,Low,12,0,75.29,4.055223880597015,0.6983199109921329,0,HIGH,Increase trip monitoring
132.24,33.92,30.42,45.9,36.8,26.98,Clear,Medium,9,5,76.71,4.347140039447732,0.48535894662682605,1,MEDIUM,Monitor trip
71.31,16.49,14.96,36.66,44.14,30.83,Clear,High,20,6,85.32,4.766711229946524,0.2901926659374791,0,LOW,Normal operation
117.63,32.97,27.17,35.65,31.26,25.81,Heavy_Rain,Medium,14,1,77.94,4.329407434670592,0.5386164715237005,1,HIGH,Increase trip monitoring
73.76,22.21,18.53,27.78,34.6,22.14,Cloudy,High,16,3,87.5,3.9805720453318942,0.512033561149607,0,HIGH,Increase trip monitoring
86.3,17.13,13.63,40.01,42.72,25.6,Cloudy,High,20,6,90.23,6.331621423330887,0.3404985384957271,0,MEDIUM,Monitor trip
143.07,20.45,27.14,43.95,20.38,31.22,Clear,Medium,1,6,87.06,5.271554900515843,0.4525895014011905,0,MEDIUM,Monitor trip
50.1,32.0,12.72,56.08,37.47,28.68,Clear,Low,4,6,84.15,3.938679245283019,0.21028659877357095,0,LOW,Normal operation
101.65,29.37,27.64,29.32,37.9,26.38,Heavy_Rain,Low,7,3,80.71,3.677641099855282,0.6450907823051659,1,HIGH,Increase trip monitoring
121.75,28.48,26.02,52.36,27.93,34.46,Clear,Medium,9,7,79.95,4.6790930053804765,0.458807273617194,1,MEDIUM,Monitor trip
101.97,34.23,25.71,46.88,23.42,25.13,Cloudy,Low,15,2,83.27,3.9661610268378062,0.228370672757303,0,LOW,Normal operation
23.44,29.73,13.36,31.46,23.73,26.59,Cloudy,High,11,5,83.46,1.754491017964072,0.4631647786665681,1,MEDIUM,Monitor trip
48.99,32.84,14.45,59.07,40.41,28.48,Clear,Medium,20,3,89.15,3.3903114186851213,0.18311234316800706,0,LOW,Normal operation
93.53,28.02,26.5,34.33,44.21,28.22,Cloudy,High,11,2,72.44,3.529433962264151,0.4056891231280415,1,MEDIUM,Monitor trip
27.43,20.75,9.83,52.96,37.92,22.57,Cloudy,Low,9,5,78.3,2.790437436419125,0.27477693950294435,0,LOW,Normal operation
130.01,39.64,27.94,42.26,40.06,16.69,Cloudy,Medium,3,3,83.44,4.653185397279885,0.507240477488638,1,HIGH,Increase trip monitoring
98.02,22.6,23.48,53.71,48.13,28.16,Clear,Medium,11,1,84.29,4.174616695059625,0.22183997339904213,0,LOW,Normal operation
135.87,31.05,30.42,24.19,28.26,34.69,Heavy_Rain,Medium,1,0,71.25,4.46646942800789,0.8343999018986169,0,CRITICAL,Critical monitoring - Heavy rain risk
146.71,21.87,26.35,39.97,30.52,27.94,Cloudy,Medium,2,0,81.63,5.567741935483871,0.4157667963327549,0,MEDIUM,Monitor trip
125.96,26.75,26.24,47.38,22.84,20.58,Clear,Low,8,4,83.95,4.800304878048781,0.23355006005141554,0,LOW,Normal operation
96.28,35.35,24.59,28.59,35.83,27.35,Cloudy,High,20,2,83.4,3.915412769418463,0.45387444460539667,1,MEDIUM,Monitor trip
124.26,27.51,28.8,49.79,35.25,30.63,Cloudy,Medium,13,4,84.01,4.314583333333333,0.2681273795713833,0,LOW,Normal operation
45.11,18.91,11.49,48.2,35.39,23.82,Cloudy,Low,13,4,85.08,3.9260226283724977,0.18988784934220468,0,LOW,Normal operation
139.77,34.88,31.09,48.84,23.7,27.06,Rain,Medium,9,7,92.75,4.495657767770988,0.5201635726914617,1,HIGH,Increase trip monitoring
95.7,32.37,17.85,52.6,31.18,28.55,Clear,Low,4,5,84.9,5.361344537815126,0.18778517564485372,0,LOW,Normal operation
149.24,15.75,32.71,20.0,39.65,27.91,Heavy_Rain,Medium,17,1,88.06,4.562519107306634,0.6270589823602181,1,HIGH,Increase trip monitoring
93.14,26.4,19.47,56.57,18.66,20.8,Clear,Low,12,0,86.02,4.783769902413971,0.13423662025908056,0,LOW,Normal operation
101.96,37.99,22.72,60.1,30.37,12.14,Clear,Low,3,3,73.16,4.487676056338028,0.19846274102367084,1,LOW,Normal operation
115.72,32.58,32.59,27.7,28.6,23.67,Heavy_Rain,Low,4,5,73.95,3.550782448603866,0.8218705496943619,0,CRITICAL,Critical monitoring - Heavy rain risk
86.75,26.41,21.66,38.76,32.96,33.44,Rain,Low,12,1,69.21,4.005078485687904,0.2736664024184948,0,LOW,Normal operation
70.48,15.07,19.7,20.0,55.32,32.23,Heavy_Rain,Medium,4,3,80.86,3.5776649746192897,0.7399625285819628,1,CRITICAL,Critical monitoring - Heavy rain risk
84.69,28.87,19.93,43.96,41.34,21.71,Clear,Medium,10,2,89.42,4.249372804816859,0.1887130873533255,0,LOW,Normal operation
132.65,23.64,22.8,37.11,28.34,23.09,Rain,Medium,9,5,84.51,5.817982456140351,0.5100106110063403,1,HIGH,Increase trip monitoring
30.1,38.03,12.98,64.86,28.74,24.61,Clear,Low,14,1,69.86,2.3189522342064715,0.10900816242415517,0,LOW,Normal operation
51.37,24.45,13.54,41.74,35.83,23.51,Cloudy,Low,18,1,91.59,3.793943870014771,0.1205089125145202,1,LOW,Normal operation
132.55,28.76,24.31,51.39,34.42,26.92,Clear,Medium,12,1,91.67,5.4524886877828065,0.27428966852144515,0,LOW,Normal operation
101.07,22.09,23.29,45.89,25.82,16.21,Cloudy,High,5,3,84.37,4.339630742808072,0.40893224277192686,1,MEDIUM,Monitor trip
25.6,27.25,10.12,57.46,28.5,30.25,Rain,Low,11,3,89.26,2.529644268774704,0.23429955230564226,0,LOW,Normal operation
44.19,35.47,15.82,56.83,38.93,23.51,Cloudy,Low,7,1,90.12,2.793299620733249,0.1615467032581527,0,LOW,Normal operation
131.62,39.55,27.98,49.12,34.35,24.59,Cloudy,Low,17,3,72.22,4.704074338813438,0.24542515814896024,0,LOW,Normal operation
144.59,32.22,29.82,60.61,43.24,34.92,Clear,Low,5,3,71.25,4.848759221998659,0.2781062461587485,0,LOW,Normal operation
58.67,37.76,17.18,44.68,32.27,27.18,Cloudy,Low,19,3,66.2,3.4150174621653084,0.26060870195638974,0,LOW,Normal operation
70.43,23.3,18.08,31.66,35.81,31.99,Cloudy,High,6,2,93.41,3.895464601769912,0.5097245595970676,0,HIGH,Increase trip monitoring
112.31,24.89,25.38,40.36,34.66,20.85,Cloudy,High,14,4,79.13,4.425137903861309,0.501064511542222,0,HIGH,Increase trip monitoring
41.05,24.11,7.97,36.9,27.39,23.56,Rain,Medium,11,2,60.7,5.150564617314931,0.40766537739548336,0,MEDIUM,Monitor trip
88.25,31.89,18.09,48.95,19.99,21.4,Clear,Low,9,3,71.75,4.878385848535102,0.14499974827620093,0,LOW,Normal operation
59.55,36.99,14.89,43.66,44.33,30.82,Rain,Medium,18,1,82.82,3.9993284083277363,0.30294972411462123,0,MEDIUM,Monitor trip
106.87,39.06,26.8,54.73,28.89,17.81,Clear,Low,4,2,79.06,3.9876865671641792,0.18678861264202665,0,LOW,Normal operation
91.8,22.6,22.19,29.19,38.4,28.93,Rain,Medium,3,7,80.49,4.136998648039657,0.5050625018835211,0,HIGH,Increase trip monitoring
70.34,32.08,14.2,42.6,31.54,25.24,Clear,High,2,2,92.01,4.953521126760564,0.3092494362746298,1,MEDIUM,Monitor trip
46.58,21.65,17.43,24.74,33.57,17.63,Heavy_Rain,Low,19,5,70.24,2.672403901319564,0.7077345365321112,0,CRITICAL,Critical monitoring - Heavy rain risk
77.47,37.44,26.56,28.56,42.09,23.56,Heavy_Rain,Medium,11,3,78.77,2.9167921686746987,0.640613631982221,0,HIGH,Increase trip monitoring
91.22,28.65,22.72,56.85,36.93,19.63,Cloudy,Low,16,5,82.32,4.014964788732395,0.2502676325741114,1,LOW,Normal operation
24.23,31.64,14.37,39.61,45.42,20.4,Clear,Medium,13,2,93.14,1.6861517049408492,0.24823674910156615,0,LOW,Normal operation
81.66,36.76,21.83,49.66,39.11,22.1,Rain,Low,9,1,82.56,3.74072377462208,0.23874405896253378,0,LOW,Normal operation
54.0,31.84,15.72,23.79,37.28,31.85,Rain,Medium,9,4,92.03,3.4351145038167936,0.42689824088194034,0,MEDIUM,Monitor trip
136.71,18.0,26.76,56.94,31.61,20.01,Clear,Low,1,6,81.66,5.108744394618834,0.36357794256111325,0,MEDIUM,Monitor trip
30.02,20.17,9.44,39.75,41.59,23.92,Cloudy,Low,1,3,92.93,3.180084745762712,0.23291921241636213,0,LOW,Normal operation
98.65,31.75,23.1,41.08,38.94,28.38,Cloudy,Low,8,2,78.76,4.270562770562771,0.13847034981756315,0,LOW,Normal operation
92.01,36.82,22.29,39.39,24.47,23.16,Rain,Medium,2,6,84.63,4.127860026917901,0.5759889331725018,1,HIGH,Increase trip monitoring
66.62,25.64,17.43,51.93,29.13,24.77,Clear,Low,18,2,95.58,3.822145725760184,0.1299990539514164,0,LOW,Normal operation
95.33,17.94,18.95,47.13,37.67,27.95,Rain,Low,3,3,83.35,5.030606860158311,0.27391955773528864,0,LOW,Normal operation
101.36,22.0,21.7,50.4,37.97,20.14,Cloudy,Low,18,3,87.83,4.670967741935484,0.24711494835090103,0,LOW,Normal operation
49.79,35.96,17.26,53.73,34.22,12.64,Cloudy,Low,6,8,66.98,2.8847045191193508,0.33255396891573413,0,MEDIUM,Monitor trip
104.2,37.52,28.5,40.77,40.19,36.86,Rain,Medium,13,4,90.66,3.6561403508771932,0.5025364625831986,0,HIGH,Increase trip monitoring
26.67,28.92,10.45,52.82,36.58,29.44,Cloudy,Low,15,4,100.0,2.5521531100478474,0.15745137528350045,0,LOW,Normal operation
49.61,21.07,14.16,67.63,25.34,23.57,Clear,Medium,6,3,89.32,3.5035310734463274,0.40134035728754114,0,MEDIUM,Monitor trip
61.59,27.52,16.43,51.89,29.72,27.63,Clear,Medium,15,3,69.71,3.7486305538648814,0.19329236563217686,0,LOW,Normal operation
127.06,16.08,23.52,42.76,37.81,27.51,Cloudy,Medium,11,3,87.31,5.4022108843537415,0.2942879062734866,1,LOW,Normal operation
63.38,32.35,15.73,42.49,26.61,26.68,Clear,High,9,1,71.44,4.029243483788939,0.27770122554904575,0,LOW,Normal operation
133.91,28.22,23.46,35.11,39.29,22.5,Clear,High,3,2,80.66,5.708013640238704,0.5394393960000444,1,HIGH,Increase trip monitoring
110.99,29.6,25.26,30.84,28.5,30.49,Rain,Medium,16,5,78.78,4.3939034045922405,0.662462683923948,0,HIGH,Increase trip monitoring
112.17,20.6,25.95,30.01,42.32,19.96,Clear,Medium,19,1,77.83,4.322543352601156,0.5011498665908335,1,HIGH,Increase trip monitoring
93.27,16.85,18.25,60.21,24.41,25.16,Clear,Low,5,1,80.35,5.110684931506849,0.15141767195217765,0,LOW,Normal operation
73.61,38.48,23.76,58.59,44.19,31.7,Clear,Low,12,2,86.79,3.0980639730639727,0.1314485784710206,0,LOW,Normal operation
142.08,36.65,28.99,63.91,29.36,25.51,Cloudy,Low,19,1,85.68,4.901000344946534,0.2066864129207796,0,LOW,Normal operation
91.75,16.62,21.33,25.58,37.96,28.76,Rain,High,9,4,89.68,4.301453352086264,0.5158664844927409,0,HIGH,Increase trip monitoring
78.77,19.11,19.41,30.61,41.4,28.78,Clear,Medium,10,3,91.08,4.058217413704276,0.3494011708743368,0,MEDIUM,Monitor trip
58.11,16.83,13.46,53.33,23.94,26.29,Clear,Medium,9,6,93.19,4.317236255572065,0.2948101248383309,1,LOW,Normal operation
41.42,18.53,9.66,60.29,24.99,26.57,Clear,Low,16,1,87.3,4.287784679089027,0.13667022099650117,1,LOW,Normal operation
82.34,20.99,21.14,30.4,40.96,16.54,Cloudy,High,4,3,79.39,3.8949858088930935,0.4923992722271742,1,MEDIUM,Monitor trip
92.53,39.5,23.11,28.92,38.47,18.5,Rain,Medium,19,3,77.38,4.003894418000866,0.4409518148627849,0,MEDIUM,Monitor trip
44.79,29.28,18.48,34.75,32.74,14.68,Heavy_Rain,Low,9,4,73.51,2.4237012987012987,0.47479123225049763,0,MEDIUM,Monitor trip
128.18,33.73,32.35,31.98,18.35,24.63,Heavy_Rain,Medium,3,0,85.16,3.962287480680062,0.7970353660511321,0,CRITICAL,Critical monitoring - Heavy rain risk
55.66,34.06,16.3,37.22,31.55,16.55,Rain,Medium,1,4,95.83,3.414723926380368,0.32811354004363436,0,MEDIUM,Monitor trip
69.07,20.75,22.13,26.15,40.73,18.53,Heavy_Rain,Medium,4,3,79.64,3.1211025756891098,0.6676185170339233,1,HIGH,Increase trip monitoring
49.02,37.44,16.37,44.99,51.54,22.48,Clear,Medium,2,1,84.69,2.994502138057422,0.3046086302017312,0,MEDIUM,Monitor trip
26.18,35.76,11.89,29.31,41.29,30.46,Rain,Medium,13,1,78.1,2.2018502943650127,0.40777353893189705,1,MEDIUM,Monitor trip
141.75,17.43,27.52,37.09,19.35,36.91,Clear,High,17,3,81.44,5.1507994186046515,0.482056346947867,1,MEDIUM,Monitor trip
128.73,26.21,27.31,38.99,42.03,21.49,Rain,High,4,1,80.51,4.713658000732332,0.5435255384866715,1,HIGH,Increase trip monitoring
149.43,26.58,29.87,65.89,39.19,18.28,Clear,Low,17,4,68.7,5.0026782725142285,0.21606358249487245,0,LOW,Normal operation
144.79,29.03,34.28,51.54,43.7,22.28,Cloudy,Low,3,2,75.94,4.223745624270712,0.3504449187249533,0,MEDIUM,Monitor trip
50.15,19.29,11.22,52.93,50.75,19.79,Cloudy,Low,10,4,72.16,4.46969696969697,0.3069690232901264,0,MEDIUM,Monitor trip
74.21,26.83,16.81,54.24,46.12,32.05,Rain,Low,12,2,74.81,4.414634146341464,0.3145818380646321,1,MEDIUM,Monitor trip
51.64,37.12,17.23,40.2,45.97,31.36,Cloudy,Medium,5,3,76.78,2.9970980847359256,0.3348698124784979,0,MEDIUM,Monitor trip
136.03,16.85,24.14,45.63,39.23,31.03,Clear,Medium,10,4,79.63,5.635045567522783,0.25090412634737247,0,LOW,Normal operation
105.15,28.11,24.09,44.56,18.97,27.43,Rain,Medium,9,1,80.82,4.364881693648817,0.41739899367238986,0,MEDIUM,Monitor trip
34.45,26.45,16.86,30.4,45.76,21.01,Rain,High,18,3,69.37,2.0432977461447215,0.5604053904082567,1,HIGH,Increase trip monitoring
126.31,27.69,26.63,20.0,23.02,27.02,Rain,High,3,0,90.91,4.74314682688697,0.7623380880793227,1,CRITICAL,Critical monitoring - High traffic
134.62,28.24,26.58,50.92,37.12,26.34,Clear,Medium,6,5,73.45,5.064710308502634,0.4633702171397574,0,MEDIUM,Monitor trip
144.62,31.22,33.46,70.0,51.03,22.21,Clear,Low,4,2,90.1,4.322175732217573,0.20634041350322746,1,LOW,Normal operation
89.06,20.62,22.37,29.23,34.06,16.74,Clear,High,16,2,96.34,3.9812248547161375,0.3683767463843452,0,MEDIUM,Monitor trip
122.89,16.82,26.12,28.33,29.68,29.91,Rain,High,20,3,84.22,4.704823889739663,0.6194939941882023,1,HIGH,Increase trip monitoring
20.87,22.42,10.17,52.49,34.22,25.54,Clear,Low,14,4,92.15,2.0521140609636186,0.1592876145806186,0,LOW,Normal operation
72.47,35.56,22.69,42.23,34.22,18.94,Cloudy,Medium,4,1,81.5,3.1939180255619215,0.21735900136488567,0,LOW,Normal operation
101.21,34.33,23.07,64.98,30.99,23.28,Clear,Low,19,1,76.63,4.387082791504118,0.17981406812433834,0,LOW,Normal operation
93.75,26.12,21.29,57.03,33.94,27.22,Clear,Medium,2,1,75.04,4.4034758102395495,0.1786475525093521,0,LOW,Normal operation
92.55,19.44,16.74,56.24,33.71,23.4,Clear,Low,2,4,89.44,5.528673835125448,0.1628372746899784,0,LOW,Normal operation
24.82,15.27,5.07,55.02,45.31,24.48,Cloudy,Low,18,4,77.41,4.895463510848126,0.3615667558339795,0,MEDIUM,Monitor trip
43.26,15.97,12.55,55.2,32.77,27.06,Clear,Low,11,5,66.03,3.4470119521912346,0.18079086561767083,0,LOW,Normal operation
20.09,25.72,5.0,47.08,37.17,19.12,Rain,Low,13,3,80.21,4.018,0.22167078808592308,0,LOW,Normal operation
109.24,19.82,28.34,29.16,53.26,29.37,Rain,Medium,6,6,85.67,3.854622441778405,0.7798098956824693,1,CRITICAL,Critical monitoring - Low vehicle speed
62.67,15.74,15.2,56.93,19.55,20.72,Cloudy,Low,7,0,88.07,4.123026315789474,0.1924689560196812,0,LOW,Normal operation
108.62,35.85,26.48,46.08,41.41,24.44,Clear,Low,15,5,86.59,4.101963746223565,0.33210255151036433,0,MEDIUM,Monitor trip
106.54,29.07,25.0,45.47,24.72,20.84,Clear,Medium,6,5,85.06,4.2616000000000005,0.41442305951374897,0,MEDIUM,Monitor trip
71.79,25.72,14.7,47.0,36.26,17.8,Rain,Low,2,2,70.22,4.883673469387756,0.31630030582141233,0,MEDIUM,Monitor trip
24.87,22.78,7.37,66.04,46.36,22.74,Clear,Low,5,3,89.1,3.37449118046133,0.21567899050265343,0,LOW,Normal operation
47.76,25.88,13.1,52.03,25.76,24.19,Cloudy,Low,16,3,65.44,3.645801526717557,0.18100694517816093,0,LOW,Normal operation
35.36,34.65,17.95,28.98,40.51,20.61,Heavy_Rain,Medium,12,2,78.4,1.9699164345403901,0.5775056917661879,1,HIGH,Increase trip monitoring
70.62,23.7,15.95,57.71,31.18,26.25,Clear,Low,15,4,87.13,4.427586206896552,0.14323369602067149,0,LOW,Normal operation
140.2,28.17,26.28,47.6,31.44,22.03,Cloudy,Medium,14,1,76.26,5.334855403348554,0.29141205735023074,0,LOW,Normal operation
102.46,26.76,24.51,41.68,41.8,27.56,Rain,Low,14,2,82.11,4.180334557323541,0.3599066664499868,1,MEDIUM,Monitor trip
89.36,23.35,18.82,47.99,29.36,24.16,Cloudy,Low,14,3,84.88,4.748140276301807,0.1736190749862805,0,LOW,Normal operation
35.12,38.65,16.83,61.51,42.84,20.54,Clear,Low,2,5,88.64,2.0867498514557337,0.2511911756156874,0,LOW,Normal operation
87.03,23.51,22.17,39.84,42.4,21.99,Heavy_Rain,Low,2,5,81.55,3.925575101488498,0.5293662771074026,1,HIGH,Increase trip monitoring
39.51,35.78,17.34,34.97,33.42,25.91,Heavy_Rain,Low,11,3,89.15,2.278546712802768,0.4275006943876591,1,MEDIUM,Monitor trip
24.48,24.85,9.7,59.07,31.45,25.07,Clear,Low,4,2,77.24,2.523711340206186,0.13244534661350643,0,LOW,Normal operation
139.98,37.99,29.89,45.21,41.15,26.21,Rain,High,19,5,91.62,4.68317162930746,0.5862618641196072,0,HIGH,Increase trip monitoring
98.45,35.02,23.66,52.18,23.18,27.67,Rain,Low,1,0,86.79,4.161031276415892,0.3042198365674118,1,MEDIUM,Monitor trip
99.61,37.07,22.55,38.92,34.96,27.43,Cloudy,High,10,4,79.25,4.417294900221729,0.42563359301696063,0,MEDIUM,Monitor trip
144.02,36.13,36.23,46.26,33.54,29.18,Cloudy,Low,1,5,94.23,3.9751587082528297,0.3615713860782228,0,MEDIUM,Monitor trip
68.06,15.17,10.71,44.61,27.83,22.1,Cloudy,Medium,20,4,87.98,6.354808590102707,0.20977239828375785,1,LOW,Normal operation
87.85,29.94,23.6,28.52,37.89,32.49,Rain,Medium,7,5,79.55,3.7224576271186436,0.4233333502143486,1,MEDIUM,Monitor trip
80.83,32.39,18.3,53.85,52.8,23.32,Clear,Low,19,3,71.46,4.416939890710382,0.22928022255132924,0,LOW,Normal operation
68.53,17.56,14.87,43.24,43.0,28.69,Clear,Low,8,2,80.83,4.608607935440484,0.1560313722523976,0,LOW,Normal operation
34.81,34.46,15.21,38.39,37.42,20.54,Heavy_Rain,Medium,13,3,81.28,2.2886259040105195,0.3669520022808762,1,MEDIUM,Monitor trip
134.05,15.77,26.63,48.92,30.8,17.91,Clear,Low,5,5,90.17,5.033796470146452,0.2883833393705158,1,LOW,Normal operation
125.32,21.92,28.45,52.6,35.54,29.5,Clear,Low,3,5,81.88,4.404920913884007,0.30910179762341383,0,MEDIUM,Monitor trip
23.43,18.24,6.92,34.72,30.94,13.82,Rain,Medium,12,4,79.98,3.3858381502890174,0.40514064981156406,1,MEDIUM,Monitor trip
33.03,31.63,12.07,30.52,47.41,24.48,Rain,High,16,1,79.14,2.736536868268434,0.540236143782841,0,HIGH,Increase trip monitoring
47.84,22.07,15.67,22.75,40.66,26.76,Rain,High,12,2,90.97,3.0529674537332485,0.5302904006433218,1,HIGH,Increase trip monitoring
103.15,22.6,19.63,24.56,45.66,25.15,Clear,High,20,6,79.19,5.254712175241977,0.656872831208979,1,HIGH,Increase trip monitoring
51.66,17.53,12.28,47.31,31.14,20.59,Clear,Medium,5,1,67.92,4.206840390879479,0.22425831831628845,0,LOW,Normal operation
55.45,35.75,18.03,47.67,26.01,21.26,Cloudy,Medium,17,1,91.09,3.0754298391569606,0.2144673336282557,0,LOW,Normal operation
65.36,18.08,9.5,42.64,34.96,23.41,Rain,Low,19,2,74.37,6.88,0.22993121036191982,0,LOW,Normal operation
106.46,35.71,27.26,29.13,43.07,34.52,Clear,High,3,6,71.95,3.9053558327219364,0.8403040768599429,1,CRITICAL,Critical monitoring - High traffic
83.31,18.22,18.7,21.61,28.57,34.64,Rain,High,7,5,73.67,4.455080213903743,0.7158949471957035,0,CRITICAL,Critical monitoring - High traffic
99.38,32.31,27.13,41.62,23.62,16.14,Clear,Medium,16,4,82.07,3.6631035753778107,0.17952823082394254,0,LOW,Normal operation
94.26,30.81,19.45,43.58,43.88,21.13,Clear,Medium,14,3,71.36,4.846272493573265,0.20680655359099218,0,LOW,Normal operation
36.87,38.88,14.17,50.9,38.57,33.38,Clear,Low,15,1,66.83,2.60197600564573,0.10553928554683871,0,LOW,Normal operation
105.33,25.95,24.02,53.97,23.92,21.78,Clear,Medium,1,1,73.2,4.385095753538717,0.3881240844988513,0,MEDIUM,Monitor trip
139.62,35.83,33.92,20.0,43.75,19.18,Heavy_Rain,High,5,6,89.7,4.116155660377358,0.8529003249997015,1,CRITICAL,Critical monitoring - Heavy rain risk
134.37,20.35,26.84,57.57,31.35,24.96,Cloudy,Medium,9,5,73.63,5.006333830104322,0.4765211154913255,1,MEDIUM,Monitor trip
27.14,35.56,11.22,60.09,33.75,28.68,Clear,Low,10,5,72.43,2.4188948306595366,0.24696689323410426,0,LOW,Normal operation
67.64,25.96,14.92,37.67,32.03,22.03,Clear,High,1,4,80.55,4.533512064343164,0.3172174860355639,0,MEDIUM,Monitor trip
134.26,15.48,25.34,48.4,42.0,18.35,Clear,Medium,12,1,87.48,5.2983425414364635,0.3014247627548483,0,MEDIUM,Monitor trip
83.84,30.87,20.09,37.92,25.09,30.02,Cloudy,Low,9,2,90.81,4.173220507715281,0.20759514441958257,0,LOW,Normal operation
114.11,29.97,28.77,56.11,36.21,23.75,Clear,Low,14,2,89.69,3.9662843239485577,0.1853793089506793,1,LOW,Normal operation
109.04,31.45,29.51,34.23,38.48,34.05,Cloudy,High,12,2,73.33,3.6950186377499152,0.6204013344383197,1,HIGH,Increase trip monitoring
104.0,33.78,26.45,43.94,28.71,27.66,Cloudy,Medium,14,2,88.06,3.9319470699432895,0.291233394403631,1,LOW,Normal operation
107.9,31.4,27.24,40.67,39.97,31.72,Clear,Medium,8,1,80.18,3.9610866372980915,0.2901327319840621,0,LOW,Normal operation
116.5,20.61,26.25,33.86,37.37,27.21,Cloudy,Low,11,2,69.3,4.438095238095238,0.45987902260861546,1,MEDIUM,Monitor trip
68.92,23.28,16.7,51.46,52.2,17.45,Clear,Medium,5,3,88.49,4.126946107784431,0.3183643423524848,0,MEDIUM,Monitor trip
31.79,15.86,12.02,44.37,38.03,29.57,Clear,High,5,1,75.06,2.6447587354409317,0.29592902189794684,0,LOW,Normal operation
57.19,27.9,18.91,29.26,31.66,28.07,Clear,High,17,1,88.89,3.02432575356954,0.4033129050433882,0,MEDIUM,Monitor trip
75.09,37.01,21.77,38.25,15.0,21.98,Rain,Medium,14,1,87.64,3.4492420762517226,0.3079381782779407,1,MEDIUM,Monitor trip
104.74,21.74,18.21,41.02,40.16,22.62,Rain,Medium,18,3,75.56,5.751784733662822,0.41247236078437594,0,MEDIUM,Monitor trip
63.33,16.87,15.67,46.65,19.04,23.93,Cloudy,High,6,4,74.03,4.0414805360561585,0.3663435021650478,0,MEDIUM,Monitor trip
140.76,17.01,25.03,55.41,40.6,26.73,Clear,Low,13,5,71.23,5.62365161805833,0.3797642253601858,0,MEDIUM,Monitor trip
43.17,21.38,14.59,42.17,26.07,21.48,Clear,Medium,13,5,93.5,2.9588759424263196,0.30125133747254845,0,MEDIUM,Monitor trip
51.23,20.59,8.98,58.07,42.09,35.19,Clear,Low,7,1,78.16,5.70489977728285,0.14572215217817838,1,LOW,Normal operation
39.76,20.95,8.64,44.91,33.0,31.65,Rain,Low,9,2,91.75,4.601851851851851,0.24646816841323704,0,LOW,Normal operation
141.19,15.21,29.01,43.89,24.85,30.56,Clear,Medium,16,3,92.97,4.866942433643571,0.3195713628317251,0,MEDIUM,Monitor trip
68.2,36.44,19.22,39.33,23.57,27.92,Clear,Medium,16,7,98.49,3.548387096774194,0.3162090898186861,0,MEDIUM,Monitor trip
132.44,18.68,22.63,52.78,30.84,29.46,Clear,Medium,6,0,76.44,5.852408307556341,0.2563481675638652,0,LOW,Normal operation
101.02,26.6,22.02,65.72,29.87,25.2,Clear,Medium,2,3,84.35,4.587647593097184,0.28446394052631785,0,LOW,Normal operation
62.73,19.22,10.01,49.47,29.27,32.16,Clear,Medium,6,1,85.36,6.266733266733267,0.16531244036378895,0,LOW,Normal operation
73.82,23.9,22.85,44.25,36.43,20.41,Clear,Medium,19,1,68.63,3.2306345733041573,0.2064132567263108,1,LOW,Normal operation
102.4,39.74,25.97,27.87,23.36,24.67,Cloudy,High,15,5,84.31,3.9430111667308436,0.6967248043242094,1,HIGH,Increase trip monitoring
40.46,24.89,15.16,33.67,37.07,28.12,Heavy_Rain,Low,12,3,73.4,2.6688654353562007,0.5134857313477599,0,HIGH,Increase trip monitoring
135.05,31.7,27.31,52.08,39.01,20.95,Clear,Low,9,3,84.66,4.945075064079092,0.22110593380791663,1,LOW,Normal operation
84.23,16.1,16.82,38.13,44.18,27.14,Rain,Low,20,3,86.75,5.007728894173603,0.30740686122529287,0,MEDIUM,Monitor trip
47.65,31.73,14.3,30.35,18.65,30.05,Rain,Low,11,4,86.07,3.332167832167832,0.3447752434203201,1,MEDIUM,Monitor trip
29.01,20.99,9.04,52.9,35.84,25.66,Cloudy,Low,11,6,74.75,3.2090707964601775,0.2931239591274237,1,LOW,Normal operation
65.17,27.39,15.61,37.58,39.47,25.95,Rain,Medium,16,0,86.35,4.174887892376682,0.34013928613428857,0,MEDIUM,Monitor trip
75.56,36.13,22.27,59.31,40.82,29.63,Clear,Medium,20,3,87.24,3.3929052537045354,0.17218874100551188,0,LOW,Normal operation
148.13,38.55,34.42,51.52,26.3,20.75,Clear,Low,18,5,80.75,4.303602556653108,0.19551696492010495,0,LOW,Normal operation
113.41,34.07,26.49,54.56,37.09,17.99,Clear,Medium,9,3,74.77,4.281238203095508,0.2851164237611869,0,LOW,Normal operation
119.64,38.8,33.13,39.33,22.89,16.57,Heavy_Rain,Low,14,3,76.97,3.6112284938122543,0.3834279993285648,1,MEDIUM,Monitor trip
98.17,29.86,24.6,33.25,43.68,25.96,Rain,High,7,9,76.44,3.9906504065040647,0.6471879459424882,1,HIGH,Increase trip monitoring
99.1,33.49,17.77,66.31,28.86,27.3,Clear,Low,14,3,81.38,5.576814856499719,0.1254194491011208,0,LOW,Normal operation
56.87,28.01,19.06,20.0,29.98,16.39,Rain,High,9,3,84.52,2.983735571878279,0.533097078590693,0,HIGH,Increase trip monitoring
111.05,33.92,24.06,43.1,34.71,30.49,Cloudy,Low,20,1,87.96,4.615544472152951,0.2177595946140701,0,LOW,Normal operation
37.77,21.02,11.87,45.11,43.92,21.59,Clear,High,19,1,71.33,3.1819713563605734,0.28099536416429644,1,LOW,Normal operation
126.83,20.92,26.95,31.31,39.53,23.39,Heavy_Rain,Medium,15,5,82.09,4.706122448979592,0.789267162930512,0,CRITICAL,Critical monitoring - Heavy rain risk
33.3,30.63,12.68,38.28,53.9,21.2,Heavy_Rain,Low,15,2,73.6,2.626182965299684,0.3595970973541825,1,MEDIUM,Monitor trip
31.24,32.89,16.29,20.0,22.15,30.13,Heavy_Rain,High,17,1,83.78,1.9177409453652547,0.6479359248087494,1,HIGH,Increase trip monitoring
25.62,15.56,8.76,45.89,37.33,23.33,Clear,High,15,5,87.73,2.9246575342465757,0.324524838325622,0,MEDIUM,Monitor trip
146.09,32.34,30.42,55.31,43.81,28.58,Clear,Low,11,2,93.96,4.802432610124917,0.21903949840240877,0,LOW,Normal operation
131.22,22.2,24.13,49.94,31.16,30.13,Clear,Low,6,6,65.03,5.438043928719437,0.3443365335268673,0,MEDIUM,Monitor trip
101.76,19.39,23.8,55.23,36.67,40.0,Cloudy,Low,14,4,78.24,4.27563025210084,0.2060120440968615,0,LOW,Normal operation
131.59,37.64,28.46,47.78,37.93,32.95,Cloudy,Low,3,4,78.22,4.623682361208714,0.30877196940181895,0,MEDIUM,Monitor trip
76.18,21.56,17.33,31.98,30.38,30.65,Clear,Medium,7,3,80.9,4.395845354875939,0.3059980872163911,0,MEDIUM,Monitor trip
140.81,24.93,29.73,42.16,32.9,24.04,Clear,High,3,5,82.0,4.736293306424487,0.5391939852793576,1,HIGH,Increase trip monitoring
92.25,31.4,19.59,39.84,33.38,31.31,Cloudy,Medium,1,4,79.05,4.7090352220520675,0.27047151683502896,0,LOW,Normal operation
71.17,18.9,19.05,22.9,35.85,16.72,Heavy_Rain,Medium,9,7,67.4,3.7359580052493437,0.7147008340725601,0,CRITICAL,Critical monitoring - Heavy rain risk
86.09,22.63,15.93,44.97,36.8,24.15,Rain,Low,6,2,88.84,5.404268675455117,0.25534274710069194,0,LOW,Normal operation
82.2,34.92,20.41,56.28,28.37,26.14,Clear,Low,6,5,87.14,4.027437530622244,0.21926902413726557,0,LOW,Normal operation
55.12,26.56,16.95,58.9,42.05,21.83,Clear,Medium,2,4,75.47,3.2519174041297934,0.1858714236480857,1,LOW,Normal operation
24.71,29.33,10.1,54.46,29.66,23.62,Clear,Medium,19,2,78.22,2.4465346534653465,0.1839950425069608,1,LOW,Normal operation
61.99,22.44,18.38,34.44,36.62,32.38,Cloudy,Medium,15,5,88.86,3.3726877040261156,0.380822212899201,0,MEDIUM,Monitor trip
97.21,39.86,24.93,23.75,39.52,32.38,Rain,High,10,2,73.63,3.8993180906538307,0.5518958369720736,0,HIGH,Increase trip monitoring
47.64,23.99,11.27,36.81,23.03,23.7,Clear,High,17,3,90.97,4.2271517302573205,0.3670004369013669,1,MEDIUM,Monitor trip
80.66,21.95,17.45,48.88,32.85,22.12,Cloudy,Low,16,1,82.63,4.622349570200573,0.17659141356571093,0,LOW,Normal operation
55.06,15.18,14.62,20.0,40.19,16.25,Heavy_Rain,Medium,13,3,68.34,3.766073871409029,0.7447822008396034,1,CRITICAL,Critical monitoring - Heavy rain risk
36.12,31.88,11.44,40.17,27.38,24.95,Clear,Medium,1,2,81.39,3.157342657342657,0.237653334140898,0,LOW,Normal operation
128.95,18.37,26.94,36.93,29.75,28.96,Rain,Low,13,3,84.14,4.78656273199703,0.41274718615691613,0,MEDIUM,Monitor trip
31.32,23.47,10.3,34.2,40.46,19.67,Rain,Low,4,1,88.04,3.040776699029126,0.3712572356096372,0,MEDIUM,Monitor trip
64.77,39.86,19.47,49.44,46.59,24.13,Clear,Medium,14,4,97.35,3.3266563944530048,0.31951416132298277,1,MEDIUM,Monitor trip
88.94,33.92,23.36,39.01,43.03,20.65,Cloudy,High,15,1,86.28,3.8073630136986303,0.3417242106512522,1,MEDIUM,Monitor trip
148.29,35.13,31.67,56.55,24.91,30.74,Clear,Low,13,4,84.35,4.68234922639722,0.15802845845676883,0,LOW,Normal operation
25.04,22.7,7.28,52.43,26.13,27.03,Clear,Medium,9,6,81.8,3.4395604395604393,0.2507330207516631,0,LOW,Normal operation
70.04,27.53,16.57,52.76,38.69,23.24,Clear,High,10,9,80.23,4.226916113458057,0.390320688821798,1,MEDIUM,Monitor trip
32.32,31.32,17.39,20.0,48.93,21.01,Rain,High,13,1,73.85,1.858539390454284,0.5433261106337336,1,HIGH,Increase trip monitoring
109.67,16.65,26.24,23.82,34.02,30.13,Rain,High,8,4,88.3,4.179496951219512,0.6552687627448988,1,HIGH,Increase trip monitoring
55.17,35.21,16.17,55.6,40.59,21.67,Clear,Medium,2,4,77.57,3.411873840445269,0.1628809700142218,0,LOW,Normal operation
96.78,36.31,25.57,28.63,33.81,31.63,Rain,Medium,10,3,80.45,3.784904184591318,0.31500531500360873,1,MEDIUM,Monitor trip
59.76,33.21,18.23,29.47,44.69,23.66,Rain,High,13,3,71.95,3.2781130005485464,0.5220667868568756,1,HIGH,Increase trip monitoring
37.11,26.89,15.0,40.14,42.52,27.18,Heavy_Rain,Medium,5,3,78.65,2.4739999999999998,0.41175098423810763,1,MEDIUM,Monitor trip
84.79,29.55,19.93,55.8,31.68,22.95,Clear,Low,2,3,75.13,4.254390366281988,0.13385913992134746,0,LOW,Normal operation
21.69,22.55,9.69,52.98,21.09,26.53,Clear,Low,12,3,76.23,2.238390092879257,0.12817677678071848,1,LOW,Normal operation
129.47,19.78,25.02,43.17,30.26,24.31,Rain,Low,4,2,81.33,5.174660271782574,0.34338647978636977,1,MEDIUM,Monitor trip
122.54,25.72,24.7,55.51,29.12,32.88,Clear,Low,20,4,89.6,4.961133603238867,0.19740571576748744,0,LOW,Normal operation
146.14,16.02,25.81,40.42,32.14,34.91,Rain,Low,10,4,84.26,5.662146454862456,0.42828453237978276,1,MEDIUM,Monitor trip
89.36,25.93,21.17,35.42,36.6,12.66,Clear,High,17,1,70.74,4.2210675484175715,0.2996205973430122,0,LOW,Normal operation
68.2,16.71,17.02,33.07,60.0,16.21,Clear,Medium,6,1,81.65,4.00705052878966,0.6618371382118575,0,HIGH,Increase trip monitoring
52.38,38.43,20.21,35.59,34.5,28.84,Cloudy,Medium,17,2,83.94,2.591786244433449,0.27739037082884127,0,LOW,Normal operation
57.11,16.72,13.63,35.53,30.48,24.08,Clear,High,15,3,78.49,4.19002201027146,0.316703526604655,1,MEDIUM,Monitor trip
57.06,35.04,19.79,28.57,28.41,18.18,Heavy_Rain,High,10,5,84.92,2.8832743810005055,0.6865163875259273,1,HIGH,Increase trip monitoring
115.85,35.2,24.03,57.36,38.48,23.43,Clear,Low,3,1,73.73,4.821057012068247,0.23498294592990154,0,LOW,Normal operation
133.43,15.01,25.02,38.33,26.44,21.92,Rain,Medium,10,2,82.3,5.332933653077538,0.5119788753783594,1,HIGH,Increase trip monitoring
110.22,30.8,23.45,41.08,35.72,10.0,Heavy_Rain,Low,4,5,77.57,4.700213219616205,0.5050315115573074,1,HIGH,Increase trip monitoring
38.01,27.09,13.52,37.31,43.43,28.42,Heavy_Rain,Medium,1,4,71.94,2.8113905325443787,0.46324116649252023,1,MEDIUM,Monitor trip
86.96,19.4,19.14,20.0,35.9,21.88,Heavy_Rain,High,9,2,76.0,4.543364681295715,0.6616337419845043,1,HIGH,Increase trip monitoring
68.79,33.72,19.66,57.37,39.59,25.67,Clear,Medium,12,1,78.58,3.498982706002035,0.17117089178177836,0,LOW,Normal operation
44.71,24.16,12.35,47.32,49.81,22.84,Cloudy,Medium,8,4,85.22,3.6202429149797575,0.3219689320413543,0,MEDIUM,Monitor trip
86.94,34.55,27.06,45.29,37.16,16.24,Heavy_Rain,Low,13,1,94.67,3.212860310421286,0.3587128590014492,0,MEDIUM,Monitor trip
106.82,38.88,28.26,53.61,26.41,21.28,Cloudy,Medium,19,5,81.36,3.7799009200283082,0.4524680344666505,1,MEDIUM,Monitor trip
20.71,34.47,12.77,32.42,37.73,27.01,Rain,Medium,13,2,72.44,1.6217697729052467,0.333947827120965,0,MEDIUM,Monitor trip
138.65,21.82,28.48,48.86,39.62,20.82,Clear,Medium,4,3,81.85,4.868328651685394,0.33933676890777853,0,MEDIUM,Monitor trip
39.96,16.27,11.25,52.79,32.18,29.96,Clear,Low,20,4,73.08,3.552,0.13547208045157322,0,LOW,Normal operation
136.35,25.95,27.34,40.26,33.6,33.58,Clear,High,2,4,81.12,4.987198244330651,0.4262211763949919,0,MEDIUM,Monitor trip
118.41,15.21,22.86,39.18,29.44,23.15,Heavy_Rain,Medium,11,3,77.43,5.179790026246719,0.47537619694480776,1,MEDIUM,Monitor trip
46.05,23.87,19.52,21.87,37.66,16.52,Heavy_Rain,High,15,2,89.57,2.3591188524590163,0.69564681681996,0,HIGH,Increase trip monitoring
97.28,28.32,20.77,59.4,42.2,30.6,Cloudy,Medium,14,1,88.69,4.683678382282138,0.1678357806908975,0,LOW,Normal operation
80.99,38.02,20.42,58.92,29.91,23.67,Clear,Low,4,1,70.79,3.966209598432908,0.12993777456954042,0,LOW,Normal operation
61.05,35.32,19.35,40.36,18.69,17.04,Clear,Medium,19,1,82.2,3.1550387596899223,0.1968207066807559,0,LOW,Normal operation
130.58,20.55,26.44,47.86,50.32,20.34,Cloudy,Low,2,2,79.5,4.938729198184569,0.50383520825954,1,HIGH,Increase trip monitoring
129.61,25.74,22.26,50.71,20.25,23.13,Cloudy,Low,18,4,95.35,5.822551662174304,0.2988012092295936,0,LOW,Normal operation
135.27,21.63,21.42,52.62,38.46,28.09,Cloudy,Low,19,1,85.32,6.315126050420168,0.2844388764715643,0,LOW,Normal operation
81.03,19.92,14.18,37.41,27.77,30.19,Clear,High,17,4,77.19,5.714386459802539,0.26290136075157733,0,LOW,Normal operation
50.23,28.53,12.33,37.39,31.96,30.76,Clear,Medium,18,2,82.74,4.073803730738037,0.18847183172254783,0,LOW,Normal operation
117.67,18.5,22.56,49.71,27.31,16.83,Clear,Medium,8,2,87.16,5.215868794326242,0.3457538052253092,0,MEDIUM,Monitor trip
76.0,28.13,20.38,39.91,47.26,27.2,Cloudy,Medium,9,2,79.37,3.729146221786065,0.2889509984013818,0,LOW,Normal operation
83.42,32.1,18.62,49.38,34.89,20.32,Clear,Medium,5,2,82.81,4.480128893662728,0.20438553441792337,1,LOW,Normal operation
70.32,19.96,17.87,22.9,40.59,30.9,Rain,Medium,2,2,85.12,3.935086737548964,0.5431419337046384,1,HIGH,Increase trip monitoring
41.89,21.55,8.68,20.0,53.89,20.13,Rain,High,12,2,80.64,4.8260368663594475,0.7529883950243231,1,CRITICAL,Critical monitoring - High traffic
98.56,26.0,22.5,43.58,27.48,17.75,Clear,Medium,19,4,77.92,4.380444444444445,0.21595304427323592,0,LOW,Normal operation
136.9,35.15,33.28,29.21,17.4,25.95,Rain,High,18,0,80.55,4.113581730769231,0.592893484144232,1,HIGH,Increase trip monitoring
129.89,36.88,24.93,57.37,23.33,29.95,Clear,Low,1,1,95.19,5.210188527878058,0.2662061300317501,0,LOW,Normal operation
62.5,15.33,14.99,26.62,27.76,25.96,Cloudy,High,1,3,77.66,4.169446297531688,0.4863352533943757,0,MEDIUM,Monitor trip
65.81,36.74,18.91,39.89,25.74,27.15,Clear,High,2,0,79.27,3.4801692226335272,0.3390783180420501,0,MEDIUM,Monitor trip
148.44,25.48,29.92,37.97,23.96,23.7,Rain,Medium,1,6,83.11,4.961229946524064,0.6054494470958014,0,HIGH,Increase trip monitoring
52.91,20.48,8.69,49.79,26.44,29.47,Clear,Low,13,5,91.27,6.0886075949367084,0.15761403509962013,0,LOW,Normal operation
41.64,26.23,11.46,42.31,21.02,23.77,Clear,High,13,5,71.55,3.6335078534031413,0.35207958088703306,0,MEDIUM,Monitor trip
40.14,20.28,8.12,50.67,39.85,34.92,Cloudy,Low,4,2,61.68,4.943349753694582,0.4361622597240893,0,MEDIUM,Monitor trip
39.45,35.53,10.5,37.85,31.32,23.14,Rain,Medium,9,3,87.14,3.7571428571428576,0.31894735687528797,0,MEDIUM,Monitor trip
100.02,17.01,15.26,43.19,45.85,16.52,Clear,High,19,4,81.01,6.554390563564875,0.3282779268925234,1,MEDIUM,Monitor trip
139.81,25.64,26.85,55.55,35.95,23.09,Cloudy,Low,1,2,83.75,5.20707635009311,0.2646459964491672,0,LOW,Normal operation
31.95,32.32,13.24,56.98,38.24,24.22,Clear,Low,1,4,84.05,2.4131419939577037,0.1291325294234386,0,LOW,Normal operation
138.65,39.79,31.41,54.82,45.92,22.24,Cloudy,Low,14,5,87.8,4.4141992995861195,0.7101939157788913,1,CRITICAL,Immediate operational intervention
132.54,35.54,27.34,51.24,33.13,32.64,Cloudy,Medium,10,5,75.5,4.847841989758595,0.4530460740647315,0,MEDIUM,Monitor trip
97.82,34.72,24.23,38.15,34.47,30.12,Cloudy,Medium,19,3,77.48,4.037144036318613,0.22395996016259928,0,LOW,Normal operation
131.96,38.54,31.63,39.81,31.78,26.26,Rain,Low,10,3,67.18,4.1719886184002535,0.4058746987773035,0,MEDIUM,Monitor trip
27.5,24.1,8.75,46.94,45.81,22.37,Clear,Medium,7,3,65.23,3.142857142857143,0.2850619055002314,0,LOW,Normal operation
23.49,20.9,7.82,61.59,35.95,24.76,Clear,Medium,14,1,100.0,3.0038363171355495,0.1724347971990048,0,LOW,Normal operation
37.83,38.48,18.11,41.64,45.05,21.58,Clear,High,9,7,78.41,2.088901159580342,0.4697462399879928,1,MEDIUM,Monitor trip
41.71,22.27,10.59,55.69,44.74,21.34,Clear,Low,11,4,87.69,3.93862134088763,0.1678597088711834,0,LOW,Normal operation
103.24,18.15,19.99,56.73,25.66,21.52,Clear,Low,12,1,87.08,5.164582291145573,0.2175598809203392,0,LOW,Normal operation
53.99,38.19,15.32,50.6,28.6,21.59,Cloudy,Low,18,2,86.59,3.5241514360313317,0.15022114313464915,0,LOW,Normal operation
97.73,37.73,21.05,50.64,37.92,25.97,Clear,Low,1,5,91.9,4.6427553444180525,0.23317820692391517,0,LOW,Normal operation
117.55,25.63,21.01,48.38,28.93,33.95,Clear,High,19,3,66.22,5.594954783436458,0.45120906321415205,0,MEDIUM,Monitor trip
69.55,25.9,17.08,50.54,47.29,24.84,Clear,Medium,10,1,86.95,4.072014051522248,0.29559972635712156,0,LOW,Normal operation
60.15,35.87,16.15,64.43,38.81,22.27,Clear,Low,15,7,80.73,3.7244582043343657,0.24344264289529574,0,LOW,Normal operation
42.32,24.79,10.38,38.04,23.26,20.66,Cloudy,High,8,1,81.27,4.077071290944123,0.3833436787996457,1,MEDIUM,Monitor trip
72.71,34.04,17.08,44.76,40.69,21.42,Clear,High,18,3,95.4,4.257025761124122,0.2624481156219735,0,LOW,Normal operation
67.26,17.06,15.2,57.32,28.22,32.53,Clear,Low,17,5,83.14,4.425000000000001,0.20295316335409594,0,LOW,Normal operation
46.37,34.17,13.94,67.72,36.08,25.25,Clear,Low,3,5,91.68,3.326398852223816,0.2252287287966253,0,LOW,Normal operation
130.51,27.37,30.0,37.25,41.38,21.3,Heavy_Rain,Medium,8,5,63.49,4.350333333333333,0.746645047351577,1,CRITICAL,Critical monitoring - Heavy rain risk
92.24,24.97,18.09,53.31,33.78,24.71,Clear,Low,7,2,75.5,5.098949695964621,0.14090860445590742,0,LOW,Normal operation
58.15,35.51,14.72,46.38,47.34,14.34,Clear,High,18,1,79.28,3.950407608695652,0.2855585589132897,1,LOW,Normal operation
32.14,28.54,13.55,20.0,32.74,25.58,Rain,High,19,2,78.2,2.3719557195571954,0.5162550033252575,1,HIGH,Increase trip monitoring
121.0,26.32,24.82,46.76,45.7,23.42,Heavy_Rain,Low,7,4,89.51,4.875100725221595,0.629664641682753,1,HIGH,Increase trip monitoring
141.98,20.81,27.37,50.63,24.95,30.93,Clear,Medium,3,5,90.33,5.187431494336865,0.42370907029624627,1,MEDIUM,Monitor trip
69.76,36.87,20.43,59.36,25.72,29.55,Clear,Low,20,3,68.75,3.4145863925599613,0.1121410124942477,0,LOW,Normal operation
141.66,25.92,27.66,50.07,39.05,28.71,Cloudy,Low,5,2,74.58,5.1214750542299345,0.2610593361759765,0,LOW,Normal operation
82.67,35.76,20.22,46.64,52.51,25.71,Clear,Medium,1,2,77.02,4.088526211671613,0.30512120013695593,0,MEDIUM,Monitor trip
47.74,21.81,11.47,39.49,33.5,20.61,Cloudy,High,11,4,93.1,4.162162162162162,0.40096764989087946,0,MEDIUM,Monitor trip
111.62,35.55,28.52,50.27,35.32,23.0,Clear,Medium,3,2,77.46,3.9137447405329597,0.36237877368895943,0,MEDIUM,Monitor trip
110.59,32.22,28.18,32.57,46.09,21.75,Cloudy,High,11,2,82.81,3.9244144783534423,0.685115605170754,1,HIGH,Increase trip monitoring
145.8,21.67,27.51,35.09,23.04,29.41,Rain,Low,3,6,86.27,5.299890948745911,0.6076312923539209,1,HIGH,Increase trip monitoring
72.37,24.52,23.66,33.94,37.79,24.86,Rain,Medium,12,2,73.57,3.058748943364328,0.40690480206803137,0,MEDIUM,Monitor trip
80.66,28.33,18.83,63.79,30.2,27.33,Cloudy,Low,20,5,83.89,4.283590015932024,0.25698084066131405,1,LOW,Normal operation
147.54,25.87,27.96,43.89,41.31,28.66,Cloudy,Low,9,4,75.01,5.276824034334764,0.30259751137109825,0,MEDIUM,Monitor trip
35.0,22.93,12.7,33.29,48.09,24.05,Cloudy,Low,7,1,80.02,2.7559055118110236,0.3654637861138928,1,MEDIUM,Monitor trip
35.6,38.97,16.61,38.1,39.26,24.36,Cloudy,High,5,2,90.54,2.143287176399759,0.3547498799601892,1,MEDIUM,Monitor trip
35.94,21.34,16.02,64.89,40.43,27.8,Clear,Low,13,1,91.36,2.243445692883895,0.1278702729154639,0,LOW,Normal operation
68.66,21.29,14.53,58.43,36.38,23.76,Cloudy,Medium,5,4,92.51,4.725395732966277,0.24088609133947572,0,LOW,Normal operation
85.99,38.99,26.67,28.47,30.14,31.25,Rain,High,6,2,94.04,3.224221972253468,0.47124088023458405,1,MEDIUM,Monitor trip
35.28,39.13,15.11,43.3,29.23,19.1,Clear,Medium,3,2,95.86,2.3348775645268036,0.235031584008645,0,LOW,Normal operation
109.19,30.63,22.47,43.39,52.34,19.45,Clear,High,13,3,86.84,4.859368046283934,0.5466102057406541,1,HIGH,Increase trip monitoring
106.48,26.6,21.49,41.15,50.08,19.2,Clear,Medium,3,5,64.34,4.954862726849698,0.7404349133587168,1,CRITICAL,Critical monitoring - Excessive loading time
51.54,20.39,9.85,44.23,48.36,27.37,Clear,High,14,3,71.15,5.23248730964467,0.3688214674342788,1,MEDIUM,Monitor trip
58.5,23.11,18.15,29.42,42.66,22.6,Cloudy,High,12,5,81.95,3.223140495867769,0.5183623289093495,1,HIGH,Increase trip monitoring
111.6,26.96,24.69,20.0,40.02,20.73,Rain,High,13,6,85.73,4.520048602673146,0.7243362243815729,1,CRITICAL,Critical monitoring - High traffic
57.46,32.31,14.75,40.54,32.15,19.18,Clear,Medium,5,3,95.0,3.895593220338983,0.2161245801192694,0,LOW,Normal operation
91.36,16.1,17.08,48.05,27.46,24.13,Cloudy,Low,9,3,83.78,5.348946135831382,0.19206857024233978,1,LOW,Normal operation
116.74,29.16,27.82,45.6,40.47,20.38,Rain,Medium,9,4,84.36,4.196261682242991,0.39915752453404324,0,MEDIUM,Monitor trip
91.9,30.77,24.55,39.2,34.69,27.47,Rain,Medium,13,2,88.58,3.743380855397149,0.31397902079626194,0,MEDIUM,Monitor trip
33.59,34.1,12.67,45.38,27.48,30.04,Clear,Low,7,4,75.31,2.651144435674823,0.1357091972631759,0,LOW,Normal operation
93.66,18.96,19.84,48.58,33.29,20.51,Cloudy,Medium,3,0,92.4,4.720766129032258,0.26552367040189495,0,LOW,Normal operation
49.1,27.76,15.29,47.17,42.08,21.02,Cloudy,Low,5,2,81.12,3.2112491824722045,0.16020360030269765,1,LOW,Normal operation
23.36,22.46,8.66,66.35,29.72,21.05,Clear,Low,10,4,82.1,2.6974595842956117,0.12958832161600492,0,LOW,Normal operation
110.35,25.18,27.96,54.39,43.79,19.1,Clear,Medium,7,3,78.2,3.946709585121602,0.3078616249945113,0,MEDIUM,Monitor trip
128.35,31.27,25.17,46.24,45.69,21.99,Cloudy,Medium,18,4,81.12,5.099324592769169,0.4694973881333363,0,MEDIUM,Monitor trip
133.85,25.02,26.54,41.12,31.74,30.89,Rain,Medium,6,4,80.4,5.043330821401658,0.3743843780126807,1,MEDIUM,Monitor trip
22.92,35.94,11.67,20.0,29.28,30.55,Rain,High,14,6,85.17,1.9640102827763497,0.48864437031328045,1,MEDIUM,Monitor trip
125.94,22.93,24.31,62.71,39.51,21.18,Rain,Low,3,2,83.32,5.180584121760592,0.3924384001739463,0,MEDIUM,Monitor trip
42.59,34.54,18.61,21.64,36.9,28.92,Rain,Medium,4,2,85.53,2.2885545405695864,0.44144648993442165,0,MEDIUM,Monitor trip
39.2,17.46,6.41,39.06,32.99,21.53,Clear,High,8,5,89.5,6.1154446177847115,0.2015846234469473,0,LOW,Normal operation
123.73,18.56,21.04,30.61,48.8,28.46,Rain,Low,1,1,78.0,5.880703422053232,0.7399930432512322,0,CRITICAL,Immediate operational intervention
116.04,29.2,33.12,21.87,50.66,25.79,Heavy_Rain,High,2,2,94.76,3.5036231884057973,0.7990238087965119,1,CRITICAL,Critical monitoring - Heavy rain risk
134.15,26.88,28.97,33.34,35.53,21.49,Cloudy,Medium,17,2,74.08,4.630652399033483,0.506359926428941,0,HIGH,Increase trip monitoring
118.88,26.04,20.45,50.68,31.14,26.01,Clear,Medium,7,3,81.64,5.81320293398533,0.288528933887489,0,LOW,Normal operation
128.07,29.46,29.12,69.81,29.77,19.99,Cloudy,Low,20,1,90.53,4.398008241758242,0.20281012085774278,0,LOW,Normal operation
46.68,34.14,15.42,51.21,35.34,22.11,Clear,Medium,15,3,71.49,3.027237354085603,0.19464741928958937,0,LOW,Normal operation
134.29,19.53,25.52,53.51,39.1,27.71,Clear,Medium,19,6,80.69,5.262147335423197,0.40219538021799806,0,MEDIUM,Monitor trip
21.72,27.08,12.37,24.75,25.16,24.34,Rain,High,13,4,73.58,1.7558609539207761,0.4512200979539038,1,MEDIUM,Monitor trip
133.96,19.57,26.68,56.06,49.09,23.21,Clear,Low,16,2,88.04,5.0209895052473765,0.39836373615950954,0,MEDIUM,Monitor trip
28.49,31.96,15.61,52.89,30.04,25.66,Clear,Medium,9,3,93.84,1.8251121076233183,0.19016934543117292,0,LOW,Normal operation
27.32,22.43,11.67,41.63,31.87,31.31,Clear,High,17,1,73.46,2.341045415595544,0.2537235816865831,0,LOW,Normal operation
129.82,27.06,26.06,39.28,23.0,36.38,Clear,Low,11,3,87.66,4.981580966999233,0.2807033541556295,0,LOW,Normal operation
22.57,18.88,11.37,52.54,43.03,26.25,Clear,Medium,7,4,71.73,1.9850483729111699,0.21732114313712583,1,LOW,Normal operation
118.87,25.95,26.45,31.16,28.88,24.29,Rain,Medium,1,1,77.31,4.49413988657845,0.6779822888706236,0,HIGH,Increase trip monitoring
29.25,36.25,13.49,44.59,28.5,22.92,Rain,Low,6,6,70.96,2.168272794662713,0.4281928581270217,1,MEDIUM,Monitor trip
29.46,32.98,8.8,60.14,39.89,25.45,Clear,Medium,12,5,91.04,3.3477272727272727,0.26157960652308226,0,LOW,Normal operation
89.31,26.9,16.28,38.17,37.92,25.29,Cloudy,High,13,1,84.08,5.485872235872236,0.3602262126462639,0,MEDIUM,Monitor trip
89.68,34.47,22.72,48.6,38.93,21.32,Clear,Medium,19,4,85.28,3.94718309859155,0.21115899883570646,1,LOW,Normal operation
142.16,20.29,27.7,41.13,39.34,32.54,Clear,Medium,4,2,86.67,5.132129963898917,0.29307179278908935,1,LOW,Normal operation
117.01,36.19,25.7,42.26,29.61,25.14,Rain,Medium,18,3,73.87,4.552918287937744,0.40515568005921393,0,MEDIUM,Monitor trip
76.05,25.94,16.74,43.66,39.56,25.96,Clear,High,4,3,73.44,4.543010752688172,0.2929321072292133,1,LOW,Normal operation
104.08,35.47,23.36,39.14,25.08,18.24,Rain,Low,12,7,95.33,4.455479452054795,0.5664774492945774,1,HIGH,Increase trip monitoring
54.71,19.11,15.93,49.62,39.71,20.01,Cloudy,Low,11,5,90.7,3.4344005021971125,0.26060542328054476,0,LOW,Normal operation
106.94,24.98,26.09,29.68,37.86,31.73,Rain,Medium,16,3,91.9,4.098888463012648,0.5816780098473628,1,HIGH,Increase trip monitoring
141.88,17.93,24.97,50.36,32.38,28.04,Cloudy,Low,15,4,84.1,5.682018422106528,0.26836167800997845,0,LOW,Normal operation
148.47,16.59,25.23,48.76,33.99,27.56,Clear,Medium,1,1,81.82,5.884661117717004,0.3390145212870191,0,MEDIUM,Monitor trip
142.93,25.73,27.16,52.73,36.32,30.47,Clear,Medium,4,0,77.72,5.262518409425626,0.2835732544896541,1,LOW,Normal operation
46.54,27.28,12.83,52.17,50.61,20.83,Cloudy,Low,11,2,87.52,3.627435697583788,0.272014510121153,0,LOW,Normal operation
131.34,36.51,27.63,44.78,15.64,18.8,Cloudy,Medium,5,4,86.44,4.753528773072747,0.3490916233685054,0,MEDIUM,Monitor trip
86.06,21.37,22.08,49.36,37.71,27.62,Clear,Medium,18,4,74.49,3.8976449275362324,0.21810896459529502,0,LOW,Normal operation
47.86,15.77,13.42,41.73,34.84,18.95,Rain,Medium,17,2,81.08,3.5663189269746645,0.3319892531300864,1,MEDIUM,Monitor trip
93.51,22.84,22.43,47.03,30.51,25.8,Cloudy,High,20,5,83.0,4.168970129291128,0.3583767310198724,0,MEDIUM,Monitor trip
139.53,35.15,31.4,33.97,31.45,29.33,Heavy_Rain,Medium,14,4,85.5,4.443630573248408,0.7280397216419949,1,CRITICAL,Critical monitoring - Heavy rain risk
42.47,23.52,14.22,56.94,39.17,21.47,Clear,Low,4,6,71.72,2.9866385372714483,0.23737593884727234,0,LOW,Normal operation
60.18,32.77,16.46,55.38,33.15,15.77,Cloudy,Low,6,6,82.42,3.6561360874848114,0.25606542361538115,0,LOW,Normal operation
93.68,20.98,17.44,38.78,41.23,23.14,Rain,Low,13,3,99.66,5.371559633027523,0.2568179999889016,0,LOW,Normal operation
140.5,33.79,33.53,34.6,44.43,25.13,Rain,High,17,2,74.06,4.190277363555025,0.589490759647253,1,HIGH,Increase trip monitoring
96.46,22.48,24.7,68.47,39.32,21.74,Clear,Low,4,8,85.06,3.9052631578947365,0.1797652759501613,0,LOW,Normal operation
40.67,15.38,15.25,56.86,40.23,17.6,Clear,Low,6,2,90.06,2.6668852459016397,0.12827996533938252,0,LOW,Normal operation
108.43,16.93,23.04,50.3,50.29,24.58,Rain,Low,11,5,68.86,4.706163194444445,0.7776872732021971,1,CRITICAL,Critical monitoring - Excessive loading time
106.87,37.9,27.1,27.0,30.97,25.03,Rain,Medium,8,3,83.55,3.9435424354243542,0.6404890923629968,1,HIGH,Increase trip monitoring
70.01,23.23,14.5,43.05,35.48,21.19,Clear,Medium,2,3,90.61,4.828275862068966,0.24436658986174128,1,LOW,Normal operation
137.28,16.98,26.05,54.69,34.78,16.98,Clear,Low,16,2,70.42,5.269865642994242,0.21555119195238612,0,LOW,Normal operation
149.28,38.07,34.27,62.68,26.01,23.72,Clear,Low,20,4,93.32,4.355996498395097,0.11807355894770942,0,LOW,Normal operation
125.96,22.21,25.43,38.96,32.77,27.41,Cloudy,High,1,1,70.51,4.953204876130554,0.5135425496553911,1,HIGH,Increase trip monitoring
123.08,33.31,27.68,38.01,51.9,15.35,Cloudy,Medium,16,0,85.79,4.446531791907514,0.4192962093540882,0,MEDIUM,Monitor trip
66.47,32.35,16.38,46.72,34.62,23.15,Clear,Medium,10,7,72.4,4.057997557997558,0.3039603706861156,0,MEDIUM,Monitor trip
144.81,36.42,37.13,32.06,28.82,22.29,Rain,Low,18,3,83.33,3.9000807971990303,0.6112329612239399,1,HIGH,Increase trip monitoring
21.53,31.72,13.23,56.17,26.52,20.96,Clear,High,12,4,86.5,1.6273620559334845,0.24834345847950762,0,LOW,Normal operation
104.91,23.05,25.06,32.02,47.39,23.44,Rain,High,1,0,84.56,4.186352753391859,0.8052189925190322,0,CRITICAL,Critical monitoring - High traffic
146.52,28.04,30.26,30.21,26.51,24.14,Rain,Medium,5,5,80.66,4.842035690680767,0.6792914401374105,1,HIGH,Increase trip monitoring
114.9,36.57,21.6,43.02,33.18,33.42,Rain,Low,11,7,75.23,5.319444444444445,0.5392080436840978,1,HIGH,Increase trip monitoring
106.76,17.05,27.25,27.94,44.86,30.19,Heavy_Rain,Medium,9,2,86.69,3.917798165137615,0.7214878889802506,1,CRITICAL,Critical monitoring - Heavy rain risk
46.02,19.28,13.14,44.46,29.9,19.32,Rain,Low,16,2,90.11,3.502283105022831,0.2534606498667451,0,LOW,Normal operation
111.94,33.65,28.39,59.42,37.31,30.43,Cloudy,Low,3,1,82.3,3.9429376541035572,0.2552347374067979,0,LOW,Normal operation
79.09,35.22,22.62,51.47,31.87,25.54,Clear,Low,4,6,77.54,3.4964633068081343,0.26381168083860573,0,LOW,Normal operation
102.38,36.08,30.56,20.0,37.6,28.58,Heavy_Rain,High,8,2,61.81,3.350130890052356,0.7422011839534942,1,CRITICAL,Critical monitoring - Heavy rain risk
73.55,18.56,20.03,61.53,18.47,22.08,Clear,Low,12,2,79.74,3.6719920119820264,0.12098824994722591,0,LOW,Normal operation
121.9,18.96,24.53,56.66,36.7,16.36,Cloudy,Medium,1,2,91.06,4.96942519364044,0.3603618387637241,0,MEDIUM,Monitor trip
100.62,19.25,24.84,37.66,37.68,27.62,Rain,Medium,14,4,84.52,4.050724637681159,0.4579402709456745,1,MEDIUM,Monitor trip
92.1,25.7,24.26,27.23,29.23,20.84,Rain,Medium,17,1,92.72,3.796372629843363,0.35068900689824584,0,MEDIUM,Monitor trip
113.11,39.42,26.23,38.77,39.64,21.08,Rain,Low,11,5,71.98,4.312237895539458,0.5544110992646691,1,HIGH,Increase trip monitoring
66.27,23.94,20.63,51.22,29.41,19.79,Clear,Low,14,5,89.09,3.2123121667474552,0.21763608836176762,0,LOW,Normal operation
121.0,27.36,32.62,20.0,37.45,23.32,Heavy_Rain,High,7,3,76.78,3.7093807480073577,0.7532699779131908,1,CRITICAL,Critical monitoring - Heavy rain risk
102.51,38.19,23.23,35.2,29.37,22.93,Clear,High,8,2,82.62,4.412828239345674,0.5155983990182341,0,HIGH,Increase trip monitoring
37.68,18.92,11.64,31.62,33.52,30.61,Rain,Medium,5,4,82.5,3.2371134020618553,0.4214264465744644,1,MEDIUM,Monitor trip
82.81,38.95,22.12,41.24,33.07,18.35,Cloudy,Low,1,1,77.17,3.7436708860759493,0.20441175002466352,1,LOW,Normal operation
98.04,26.77,23.95,53.92,26.91,20.78,Clear,Medium,12,5,70.03,4.093528183716075,0.2778223437812603,0,LOW,Normal operation
97.4,29.8,21.31,58.14,27.17,26.32,Cloudy,Low,8,3,87.04,4.570624120131394,0.14589349124862538,0,LOW,Normal operation
71.28,22.11,18.41,38.93,22.9,19.92,Cloudy,Medium,8,2,85.15,3.8718087995654535,0.25820823783755387,0,LOW,Normal operation
108.8,38.67,29.2,24.87,31.77,23.53,Rain,High,7,2,70.27,3.7260273972602738,0.6562673907117272,1,HIGH,Increase trip monitoring
41.07,23.3,11.2,31.62,41.64,24.82,Cloudy,Low,4,4,77.77,3.666964285714286,0.31795870627499234,1,MEDIUM,Monitor trip
100.84,18.88,22.17,66.52,32.8,22.11,Clear,Low,20,5,81.92,4.5484889490302205,0.2890027968224288,0,LOW,Normal operation
121.12,15.38,21.02,49.71,28.77,18.09,Rain,Low,5,1,64.89,5.762131303520457,0.29520681779063196,1,LOW,Normal operation
101.04,39.94,27.55,38.28,21.68,27.11,Cloudy,Low,10,3,70.96,3.667513611615245,0.41548304892502724,1,MEDIUM,Monitor trip
46.98,20.45,7.56,54.81,37.02,24.05,Clear,Low,16,3,87.72,6.214285714285714,0.13437355440073728,1,LOW,Normal operation
65.91,25.45,13.87,66.38,34.58,19.88,Clear,Low,10,2,79.58,4.751982696467196,0.12866358365492736,0,LOW,Normal operation
45.17,38.01,11.36,38.46,41.54,28.68,Clear,Low,7,3,80.8,3.9762323943661975,0.174600552418503,0,LOW,Normal operation
83.83,27.54,18.88,47.79,27.03,18.48,Cloudy,Low,2,4,94.28,4.440148305084746,0.23685242874310977,0,LOW,Normal operation
21.45,23.95,10.3,52.59,38.97,31.36,Clear,Low,13,4,74.7,2.08252427184466,0.13078943330089385,0,LOW,Normal operation
92.07,31.2,22.34,49.23,24.71,30.47,Clear,Low,9,0,100.0,4.121307072515667,0.11959913703257992,0,LOW,Normal operation
123.26,27.09,29.87,38.74,46.26,16.72,Heavy_Rain,Low,10,3,79.47,4.126548376297288,0.6326381375566604,0,HIGH,Increase trip monitoring
69.66,23.33,16.77,33.05,34.51,28.54,Rain,Medium,4,4,81.17,4.153846153846154,0.4307335601678372,0,MEDIUM,Monitor trip
49.71,36.01,21.84,20.0,41.15,24.26,Rain,High,1,1,76.04,2.276098901098901,0.5686284621753357,0,HIGH,Increase trip monitoring
59.35,34.42,19.94,40.28,43.35,25.4,Rain,Low,14,5,91.45,2.9764292878635907,0.41736942375915387,0,MEDIUM,Monitor trip
146.92,23.56,32.02,25.22,31.54,23.33,Rain,High,9,3,69.68,4.58838226108682,0.6956033982115303,1,HIGH,Increase trip monitoring
50.5,30.21,11.14,43.21,30.56,22.71,Cloudy,Low,2,3,74.26,4.533213644524237,0.21064167320707528,0,LOW,Normal operation
106.3,33.82,22.58,56.14,41.83,27.6,Clear,Low,2,2,76.06,4.70770593445527,0.256793064390848,0,LOW,Normal operation
149.41,16.54,29.39,53.97,60.0,21.43,Clear,Low,6,4,69.93,5.083701939435182,0.6351802100578275,1,HIGH,Increase trip monitoring
23.84,27.19,8.55,68.03,32.09,25.99,Clear,Low,14,3,82.98,2.7883040935672514,0.14381605915977644,0,LOW,Normal operation
105.14,17.54,30.1,25.63,46.0,33.84,Heavy_Rain,Medium,5,3,93.84,3.493023255813953,0.7968193690747022,1,CRITICAL,Critical monitoring - Heavy rain risk
40.07,18.79,9.27,46.33,36.07,21.13,Clear,Medium,16,4,72.09,4.322545846817691,0.2084293534987737,0,LOW,Normal operation
132.26,32.08,32.77,20.0,30.13,23.25,Cloudy,High,20,0,84.07,4.0360085444003655,0.6344493105120395,0,HIGH,Increase trip monitoring
100.3,25.41,21.69,45.89,29.5,22.13,Clear,High,7,1,75.35,4.6242508068234205,0.33976590007458624,0,MEDIUM,Monitor trip
121.83,15.18,20.96,48.45,45.02,28.52,Clear,Low,18,0,81.88,5.8125,0.3196856368860434,0,MEDIUM,Monitor trip
73.39,18.89,17.78,32.73,31.8,29.55,Rain,Medium,4,6,73.6,4.127671541057367,0.4917946057715609,1,MEDIUM,Monitor trip
37.82,16.13,8.1,40.49,39.8,24.1,Cloudy,Medium,13,2,88.66,4.669135802469136,0.2568307180458426,0,LOW,Normal operation
86.8,36.54,19.75,47.48,37.73,27.34,Clear,Medium,17,3,84.88,4.394936708860759,0.19718214924692443,1,LOW,Normal operation
116.99,27.93,24.66,32.14,31.62,23.32,Clear,Medium,20,4,89.67,4.7441200324412005,0.49529489122128695,1,MEDIUM,Monitor trip
125.24,33.32,23.85,47.61,25.71,15.93,Clear,Medium,18,4,88.19,5.2511530398322845,0.28523334637088793,0,LOW,Normal operation
42.25,26.97,11.9,41.65,35.67,15.49,Rain,Low,11,5,82.42,3.5504201680672267,0.34946807326951296,0,MEDIUM,Monitor trip
88.11,28.06,19.54,42.62,25.51,21.89,Cloudy,Medium,10,2,92.87,4.50921187308086,0.21863370122582074,1,LOW,Normal operation
117.15,16.04,22.93,59.83,38.46,27.62,Cloudy,Low,13,4,87.04,5.109027474923681,0.24586598363084955,1,LOW,Normal operation
114.36,26.55,31.07,24.14,32.44,18.17,Heavy_Rain,Medium,8,2,80.55,3.68072095268748,0.7154483398352486,1,CRITICAL,Critical monitoring - Heavy rain risk
70.81,27.47,19.37,42.23,32.35,16.84,Clear,Medium,9,3,79.97,3.655653071760454,0.19449078071791143,0,LOW,Normal operation
86.06,24.22,18.16,47.06,19.18,25.17,Clear,Low,7,3,71.83,4.73898678414097,0.1546946339341738,0,LOW,Normal operation
74.42,25.32,18.74,60.56,39.15,20.71,Clear,High,17,4,85.35,3.971184631803629,0.351105782303027,0,MEDIUM,Monitor trip
84.51,33.99,26.22,28.83,39.33,23.56,Heavy_Rain,High,12,4,76.74,3.2231121281464534,0.6929197380652236,0,HIGH,Increase trip monitoring
106.21,28.31,24.54,41.58,35.46,20.57,Cloudy,Low,11,1,85.64,4.328035859820701,0.2320030428338963,0,LOW,Normal operation
131.89,29.7,28.48,58.65,47.79,35.24,Clear,Low,18,2,74.92,4.630969101123595,0.3342730613761344,1,MEDIUM,Monitor trip
117.2,18.94,25.5,40.6,31.97,21.27,Cloudy,High,3,4,70.92,4.59607843137255,0.5151798463009816,1,HIGH,Increase trip monitoring
73.2,24.0,20.27,47.35,42.91,29.21,Rain,Medium,18,3,90.64,3.6112481499753333,0.3049878839705146,0,MEDIUM,Monitor trip
33.89,35.77,14.21,43.62,28.65,28.93,Clear,Medium,7,5,74.88,2.3849401829697396,0.28660261460349407,1,LOW,Normal operation
73.84,25.04,17.25,59.71,24.72,29.11,Clear,Low,2,4,78.27,4.280579710144928,0.11335572640426735,0,LOW,Normal operation
103.65,35.26,23.71,51.09,34.94,28.44,Clear,Low,20,3,96.24,4.371573175875159,0.19729169439017807,0,LOW,Normal operation
96.03,32.28,23.09,48.15,28.81,32.54,Cloudy,Medium,15,3,80.6,4.158943265482893,0.18293642404919716,0,LOW,Normal operation
148.37,25.27,26.38,47.72,41.72,19.94,Cloudy,Medium,4,1,82.38,5.624336618650493,0.26359615959471083,0,LOW,Normal operation
20.6,24.69,14.39,33.15,34.28,20.29,Rain,High,6,1,79.83,1.4315496872828353,0.4617802715205268,1,MEDIUM,Monitor trip
67.7,22.69,15.42,42.78,26.87,20.83,Clear,Medium,1,7,80.75,4.390402075226978,0.31835934296844226,1,MEDIUM,Monitor trip
131.54,23.47,26.89,59.39,30.91,37.64,Clear,Medium,3,4,79.95,4.891781331349944,0.2528256362976693,1,LOW,Normal operation
133.99,16.47,24.93,50.87,47.11,25.42,Clear,Medium,14,5,81.98,5.374649017248296,0.6329320065164846,1,HIGH,Increase trip monitoring
74.11,16.8,20.06,42.86,33.74,23.78,Clear,High,3,1,76.12,3.694416749750748,0.3088783230116034,0,MEDIUM,Monitor trip
75.69,38.42,22.14,31.23,35.6,27.04,Rain,Medium,1,2,69.98,3.4186991869918697,0.4516885521700238,1,MEDIUM,Monitor trip
86.88,29.58,21.49,39.41,23.01,25.14,Clear,Medium,2,5,81.41,4.042810609585854,0.2686668497947356,0,LOW,Normal operation
40.12,30.18,14.55,29.92,38.29,25.25,Cloudy,High,13,2,89.26,2.7573883161512023,0.4788003813853106,0,MEDIUM,Monitor trip
118.49,31.66,23.51,41.24,34.67,23.19,Cloudy,High,10,6,72.54,5.0399829859634195,0.5427649095238978,1,HIGH,Increase trip monitoring
55.92,35.93,17.1,47.47,35.42,28.22,Clear,Low,10,2,73.14,3.270175438596491,0.12599932076340525,0,LOW,Normal operation
96.32,32.8,24.28,36.83,37.61,26.12,Rain,Medium,2,7,80.03,3.9670510708401974,0.41407051965386615,0,MEDIUM,Monitor trip
79.86,34.9,20.72,46.0,45.6,28.98,Clear,High,15,3,78.92,3.8542471042471043,0.34954097068587386,0,MEDIUM,Monitor trip
135.26,36.49,30.97,43.65,34.84,18.86,Cloudy,Low,8,3,91.34,4.36745237326445,0.24156738482226983,0,LOW,Normal operation
104.01,35.94,22.28,50.4,22.32,24.95,Clear,Low,11,3,90.86,4.668312387791741,0.2392737492341163,0,LOW,Normal operation
112.91,16.54,23.61,53.54,35.15,26.51,Cloudy,Low,18,4,78.03,4.782295637441762,0.26572167570672245,1,LOW,Normal operation
65.95,37.25,19.24,29.5,41.74,24.06,Cloudy,High,11,2,93.08,3.4277546777546783,0.4506817183694499,0,MEDIUM,Monitor trip
141.02,33.76,31.14,37.41,48.23,27.09,Cloudy,High,11,4,81.03,4.528580603725112,0.6103152219884832,0,HIGH,Increase trip monitoring
35.56,30.71,15.08,53.53,41.42,19.17,Cloudy,Low,13,3,74.49,2.3580901856763927,0.1642541351213816,0,LOW,Normal operation
44.72,33.33,19.78,39.51,41.62,30.9,Heavy_Rain,Low,3,4,85.81,2.260869565217391,0.40292876178406706,0,MEDIUM,Monitor trip
135.11,20.23,28.29,35.45,23.29,22.04,Clear,Medium,5,2,73.91,4.775892541534112,0.4674955075112384,0,MEDIUM,Monitor trip
92.81,38.43,21.99,55.82,33.33,11.68,Clear,Low,12,1,82.76,4.220554797635289,0.17481294802593259,0,LOW,Normal operation
109.42,36.18,28.99,27.26,35.39,27.52,Heavy_Rain,Medium,9,2,88.59,3.7744049672300797,0.7768515289998663,1,CRITICAL,Critical monitoring - Heavy rain risk
75.77,15.19,13.69,45.28,53.02,19.26,Rain,Low,4,4,82.77,5.534696859021183,0.36911606500956273,0,MEDIUM,Monitor trip
147.65,18.01,27.51,43.92,27.86,24.77,Cloudy,Medium,7,1,71.11,5.367139222101054,0.45899444044956433,0,MEDIUM,Monitor trip
63.18,36.85,17.82,69.26,34.38,17.5,Clear,Low,6,4,62.63,3.5454545454545454,0.10079062112487974,0,LOW,Normal operation
78.09,27.78,18.74,45.63,33.77,20.83,Rain,Medium,14,1,82.02,4.167022411953043,0.3280778928573106,0,MEDIUM,Monitor trip
93.03,35.97,21.61,49.35,31.88,27.1,Clear,Low,6,2,91.32,4.304951411383619,0.12742318639605088,0,LOW,Normal operation
82.53,24.17,17.03,53.2,39.7,16.29,Clear,Medium,4,0,75.77,4.846153846153846,0.2069909694332719,0,LOW,Normal operation
31.11,33.2,9.19,67.82,30.75,25.36,Clear,Low,16,7,78.44,3.385201305767138,0.21543913149727206,0,LOW,Normal operation
34.85,38.99,13.95,47.22,34.34,24.73,Clear,High,11,3,65.68,2.4982078853046596,0.28164491957355303,0,LOW,Normal operation
85.55,32.92,20.76,49.78,30.1,25.5,Clear,High,10,4,74.31,4.120905587668593,0.2904403396545795,0,LOW,Normal operation
78.65,18.83,16.06,32.86,41.69,20.5,Rain,Low,20,1,85.07,4.897260273972604,0.3965166311961771,1,MEDIUM,Monitor trip
141.59,25.04,36.76,20.0,41.67,18.46,Heavy_Rain,Medium,7,3,94.01,3.8517410228509252,0.8358038874399704,1,CRITICAL,Critical monitoring - Heavy rain risk
46.48,30.82,9.87,46.59,43.02,27.63,Clear,High,12,2,100.0,4.709219858156028,0.24843341437240382,0,LOW,Normal operation
141.04,31.69,27.56,42.49,15.0,23.05,Rain,Medium,3,4,81.51,5.117561683599419,0.49744817683023895,0,MEDIUM,Monitor trip
37.54,31.27,14.99,51.8,36.31,20.35,Rain,Low,7,1,80.57,2.5043362241494327,0.23634023585718544,0,LOW,Normal operation
90.46,20.33,18.46,50.66,27.4,24.44,Cloudy,Low,4,2,98.95,4.90032502708559,0.20010633208304895,0,LOW,Normal operation
101.12,23.34,19.86,54.43,18.5,22.64,Clear,Medium,20,2,77.77,5.091641490433031,0.3454350000668411,0,MEDIUM,Monitor trip
72.93,17.2,18.84,39.73,37.49,27.21,Cloudy,Medium,5,5,96.29,3.871019108280255,0.2884920880826562,0,LOW,Normal operation
70.89,32.39,19.1,38.88,35.87,14.81,Rain,Low,3,7,73.75,3.7115183246073298,0.44948546289992997,1,MEDIUM,Monitor trip
58.02,32.0,16.45,47.3,38.4,19.93,Clear,Medium,7,3,92.15,3.527051671732523,0.19164063349482338,1,LOW,Normal operation
41.67,17.4,11.11,35.88,33.33,24.36,Clear,High,11,6,73.94,3.750675067506751,0.3848917603817297,0,MEDIUM,Monitor trip
54.59,15.81,7.44,37.15,30.82,26.01,Clear,High,4,3,84.69,7.33736559139785,0.2682805672942457,1,LOW,Normal operation
100.64,39.21,22.31,39.47,27.23,26.97,Clear,Medium,9,5,86.13,4.510981622590767,0.39299076489900514,0,MEDIUM,Monitor trip
111.41,19.16,16.64,53.04,36.37,31.94,Cloudy,Low,3,2,88.88,6.6953125,0.29408938019564085,1,LOW,Normal operation
124.77,22.7,32.3,31.75,29.91,15.31,Heavy_Rain,Medium,6,3,74.21,3.8628482972136227,0.6682197172597191,0,HIGH,Increase trip monitoring
47.24,31.69,11.69,47.99,34.53,29.45,Clear,Low,3,2,83.32,4.041060735671515,0.14929361804428065,0,LOW,Normal operation
149.66,31.43,32.53,53.71,15.52,21.84,Clear,Medium,2,1,78.46,4.6006762988011065,0.3487274205266219,0,MEDIUM,Monitor trip
27.48,37.12,11.55,45.53,40.43,29.23,Rain,Medium,10,1,69.03,2.379220779220779,0.2717271629825998,0,LOW,Normal operation
89.43,21.95,21.41,32.65,30.87,19.3,Heavy_Rain,Low,16,5,74.09,4.177020084072863,0.7177120940972189,1,CRITICAL,Critical monitoring - Heavy rain risk
42.83,39.39,13.2,51.86,44.03,26.59,Cloudy,Medium,5,3,89.11,3.2446969696969696,0.22420494789618742,1,LOW,Normal operation
51.22,25.45,10.31,40.11,42.23,28.55,Clear,Low,9,4,78.58,4.967992240543162,0.1774966705424406,0,LOW,Normal operation
48.54,24.49,11.53,48.94,23.64,22.73,Clear,Low,19,3,92.03,4.209887250650477,0.17268484317717597,0,LOW,Normal operation
138.02,29.3,29.14,41.78,38.88,19.04,Clear,Medium,11,5,88.96,4.736444749485244,0.4223658087591187,0,MEDIUM,Monitor trip
78.32,39.03,20.85,55.79,41.2,21.06,Clear,Low,18,2,86.77,3.7563549160671457,0.10765093245558896,0,LOW,Normal operation
115.63,25.83,29.66,28.83,38.76,23.67,Heavy_Rain,Low,18,5,82.39,3.898516520566419,0.7872131229314553,1,CRITICAL,Critical monitoring - Heavy rain risk
101.26,15.07,21.18,39.27,15.0,23.71,Clear,High,5,6,92.7,4.780925401322002,0.4394435942248021,0,MEDIUM,Monitor trip
132.69,25.85,25.84,47.9,23.61,26.34,Clear,Medium,5,3,78.44,5.135061919504644,0.3358745443458687,0,MEDIUM,Monitor trip
136.03,20.44,25.84,35.9,48.3,27.37,Clear,High,20,3,72.16,5.264318885448916,0.479149209187083,1,MEDIUM,Monitor trip
133.99,25.23,26.3,49.55,40.88,29.16,Cloudy,Medium,1,2,73.83,5.09467680608365,0.3638798800425421,0,MEDIUM,Monitor trip
27.76,34.41,11.92,41.47,39.24,12.46,Cloudy,Medium,14,2,95.5,2.3288590604026846,0.18181130990908875,1,LOW,Normal operation
68.25,39.85,21.4,25.46,43.65,32.91,Rain,Medium,8,2,87.78,3.1892523364485985,0.47415520470499695,0,MEDIUM,Monitor trip
149.78,39.93,30.24,47.15,33.44,19.73,Clear,Medium,7,4,75.23,4.953042328042328,0.3639335185153314,1,MEDIUM,Monitor trip
59.94,19.33,13.99,44.07,21.08,24.7,Rain,Medium,6,5,88.2,4.284488920657612,0.43188466581801005,0,MEDIUM,Monitor trip
127.54,22.26,23.9,37.5,43.94,17.12,Clear,High,6,5,84.79,5.336401673640168,0.4421159297406802,0,MEDIUM,Monitor trip
20.43,20.84,10.35,35.8,28.43,28.81,Rain,Medium,16,4,94.89,1.973913043478261,0.3251455651209082,1,MEDIUM,Monitor trip
70.08,23.5,16.28,51.01,30.21,35.38,Clear,Medium,15,3,94.84,4.304668304668304,0.19332630469463796,0,LOW,Normal operation
80.62,23.83,16.71,36.42,31.47,23.58,Cloudy,Low,7,2,81.33,4.824655894673848,0.2410851106753441,0,LOW,Normal operation
36.81,19.27,5.28,49.58,38.27,24.71,Clear,Low,19,4,76.41,6.971590909090909,0.2445385430661188,0,LOW,Normal operation
127.32,26.01,23.99,39.66,41.67,21.86,Clear,Medium,18,4,86.39,5.307211338057524,0.3618259569363105,1,MEDIUM,Monitor trip
140.72,18.77,28.91,39.38,23.13,21.32,Clear,Medium,11,4,86.17,4.867519889311657,0.35117295561772155,1,MEDIUM,Monitor trip
104.61,18.44,27.84,34.8,24.19,31.83,Heavy_Rain,Medium,10,0,78.29,3.757543103448276,0.6085602939197502,1,HIGH,Increase trip monitoring
141.91,28.34,30.13,39.85,42.65,23.7,Rain,Low,2,2,80.54,4.709923664122138,0.5496178526593546,1,HIGH,Increase trip monitoring
78.43,36.72,18.95,48.59,40.76,16.25,Clear,Low,7,6,56.12,4.138786279683377,0.23743641588237852,0,LOW,Normal operation
25.48,30.83,11.08,51.33,34.9,25.54,Rain,Low,18,4,80.44,2.299638989169675,0.25940616463446836,0,LOW,Normal operation
87.34,28.69,24.85,43.82,33.7,29.43,Clear,Medium,1,2,88.93,3.5146881287726357,0.21077125577237796,0,LOW,Normal operation
65.59,20.33,16.68,38.39,24.24,20.08,Heavy_Rain,Low,1,6,78.07,3.932254196642686,0.5560718736397565,0,HIGH,Increase trip monitoring
43.51,27.31,10.21,40.62,32.21,26.59,Clear,Low,9,3,86.11,4.2615083251714,0.16239173273873522,1,LOW,Normal operation
100.89,28.48,22.62,54.62,34.99,30.19,Clear,Medium,8,1,76.48,4.460212201591512,0.22505868091797468,0,LOW,Normal operation
101.51,38.81,24.61,54.12,49.41,19.12,Clear,Low,17,3,95.65,4.124746038195855,0.43731579598242537,0,MEDIUM,Monitor trip
52.72,36.97,16.25,53.96,36.29,20.56,Cloudy,Low,12,1,63.57,3.244307692307692,0.142882300484814,0,LOW,Normal operation
131.96,16.5,25.74,31.49,31.51,25.16,Clear,High,9,4,87.96,5.126651126651128,0.5390660622566058,0,HIGH,Increase trip monitoring
73.79,32.74,15.41,65.63,36.59,29.25,Cloudy,Medium,13,5,77.78,4.788449059052564,0.34551553941371965,0,MEDIUM,Monitor trip
66.77,32.46,19.74,43.69,42.8,21.01,Rain,Medium,20,4,89.44,3.3824721377912867,0.2790746461167897,0,LOW,Normal operation
137.23,35.42,31.11,35.77,35.13,28.22,Cloudy,Medium,13,9,87.18,4.4111218257794915,0.6707934461788221,1,HIGH,Increase trip monitoring
23.4,21.36,8.84,52.24,43.54,32.44,Clear,Low,18,2,82.36,2.6470588235294117,0.13820760371779878,0,LOW,Normal operation
37.68,29.11,10.02,52.42,33.82,32.14,Clear,Low,13,4,73.1,3.760479041916168,0.12617154922613535,0,LOW,Normal operation
35.23,37.83,18.85,21.01,39.92,26.38,Heavy_Rain,Medium,4,4,75.92,1.868965517241379,0.6401821555402936,1,HIGH,Increase trip monitoring
29.3,17.05,9.71,47.02,40.58,21.2,Cloudy,Low,8,6,81.25,3.0175077239958803,0.25780083906065904,0,LOW,Normal operation
78.43,32.19,20.3,46.49,44.73,29.33,Clear,Medium,16,4,82.68,3.863546798029557,0.20602363991869158,0,LOW,Normal operation
129.5,28.79,24.99,36.1,34.36,18.61,Rain,High,17,6,94.37,5.182072829131653,0.6102231075832819,1,HIGH,Increase trip monitoring
60.08,23.96,14.31,42.94,43.51,29.6,Heavy_Rain,Low,12,4,75.63,4.198462613556953,0.36636987346935906,1,MEDIUM,Monitor trip
123.58,35.5,27.54,45.03,33.54,26.16,Clear,High,9,4,80.32,4.487291212781409,0.39743616443508367,1,MEDIUM,Monitor trip
129.02,38.97,29.83,41.77,48.2,27.48,Clear,Medium,1,4,56.73,4.325175997318136,0.520974851058079,0,HIGH,Increase trip monitoring
32.72,27.64,7.85,52.94,39.73,14.92,Clear,Low,13,4,85.34,4.168152866242038,0.14575314804407538,0,LOW,Normal operation
35.25,32.73,11.19,46.24,45.2,26.23,Rain,Low,17,0,82.4,3.1501340482573728,0.2885302258212274,0,LOW,Normal operation
40.85,23.6,19.66,27.93,24.64,23.2,Heavy_Rain,Low,10,6,78.88,2.077822990844354,0.7289743747270956,1,CRITICAL,Critical monitoring - Heavy rain risk
111.24,24.91,23.93,54.01,34.47,23.54,Rain,Low,15,3,78.34,4.648558295027162,0.3679485939457896,1,MEDIUM,Monitor trip
33.82,19.82,10.71,52.65,36.91,17.42,Clear,High,8,6,79.29,3.157796451914099,0.3190057512192321,1,MEDIUM,Monitor trip
123.9,15.62,25.95,28.02,36.6,28.36,Clear,High,4,7,87.97,4.77456647398844,0.5339444908910033,1,HIGH,Increase trip monitoring
75.87,24.94,18.4,57.26,54.48,22.74,Clear,Medium,15,3,83.28,4.123369565217392,0.2899400353188823,0,LOW,Normal operation
87.1,27.85,23.54,24.76,33.1,20.02,Heavy_Rain,Medium,3,7,78.2,3.7000849617672045,0.7190122848501664,1,CRITICAL,Critical monitoring - Heavy rain risk
60.25,24.73,14.28,68.13,32.34,26.97,Clear,Low,19,2,77.21,4.219187675070028,0.1318196040635032,0,LOW,Normal operation
46.57,22.37,11.09,50.98,34.0,28.32,Clear,Medium,14,1,87.28,4.199278629395852,0.20429835416625108,0,LOW,Normal operation
122.55,17.89,27.49,55.5,25.72,26.46,Cloudy,Medium,4,3,79.34,4.457984721716988,0.2785178522128153,0,LOW,Normal operation
80.69,33.72,22.47,30.64,48.28,20.18,Heavy_Rain,Low,12,2,100.0,3.591010235870049,0.5212905170196356,0,HIGH,Increase trip monitoring
141.8,38.48,30.85,60.25,48.92,27.06,Cloudy,Low,19,4,78.46,4.596434359805511,0.3896722241501246,0,MEDIUM,Monitor trip
22.43,20.56,9.29,41.5,38.0,14.31,Cloudy,Medium,14,7,100.0,2.414424111948332,0.3312216343819148,1,MEDIUM,Monitor trip
146.9,35.73,32.32,49.2,32.94,22.25,Cloudy,Low,11,3,87.12,4.545173267326732,0.23317418609616572,0,LOW,Normal operation
130.86,38.41,28.07,55.76,38.0,22.19,Clear,Low,2,2,78.05,4.661916636978981,0.2312608764901164,0,LOW,Normal operation
48.98,21.46,10.57,41.03,33.31,31.49,Rain,Low,7,2,79.27,4.633869441816461,0.24646816841323704,1,LOW,Normal operation
60.33,29.83,16.49,50.17,34.27,30.69,Clear,Medium,6,0,96.14,3.658580958156459,0.1575101149834816,0,LOW,Normal operation
119.29,16.09,21.95,52.23,27.44,30.51,Clear,Low,10,3,82.86,5.434624145785877,0.19218888471360338,0,LOW,Normal operation
93.94,25.33,22.65,32.97,30.35,22.4,Cloudy,Medium,13,6,79.67,4.147461368653421,0.3947777085305798,0,MEDIUM,Monitor trip
94.4,17.03,26.14,24.67,34.99,30.21,Heavy_Rain,Medium,2,0,67.7,3.6113236419280796,0.6393468405545659,0,HIGH,Increase trip monitoring
63.32,27.58,19.8,20.0,34.41,30.79,Heavy_Rain,High,17,0,95.54,3.197979797979798,0.6320271267520048,1,HIGH,Increase trip monitoring
147.72,30.7,29.9,53.68,42.87,28.46,Clear,Medium,5,1,81.72,4.940468227424749,0.33103430682737417,1,MEDIUM,Monitor trip
42.73,16.74,12.04,52.39,32.19,23.16,Clear,Medium,4,4,83.89,3.549003322259136,0.20529938866923053,0,LOW,Normal operation
121.05,36.87,32.31,46.18,34.06,30.77,Clear,Low,4,2,74.31,3.746518105849582,0.1932049440517277,0,LOW,Normal operation
99.01,31.62,24.12,38.27,31.9,28.03,Cloudy,Medium,7,5,64.81,4.104892205638475,0.3372126678274633,0,MEDIUM,Monitor trip
132.52,22.81,32.69,32.47,27.36,21.27,Heavy_Rain,Medium,16,2,88.49,4.05383909452432,0.7434229024728467,1,CRITICAL,Critical monitoring - Heavy rain risk
68.27,18.89,18.52,48.35,32.72,20.39,Rain,Low,20,3,86.85,3.6862850971922243,0.2608409994936255,0,LOW,Normal operation
136.67,19.57,27.28,43.28,40.72,27.31,Cloudy,Medium,5,4,69.93,5.009897360703811,0.3354404466613054,0,MEDIUM,Monitor trip
125.39,18.72,24.88,26.22,26.17,23.26,Rain,Medium,15,2,73.71,5.039790996784566,0.6557006444678609,1,HIGH,Increase trip monitoring
82.82,33.26,20.74,52.09,40.86,30.79,Clear,Low,7,4,67.09,3.9932497589199616,0.14281905230896663,0,LOW,Normal operation
118.64,21.64,25.19,34.59,42.86,27.65,Heavy_Rain,Low,6,3,75.81,4.70980547836443,0.5982216746679033,0,HIGH,Increase trip monitoring
89.69,24.65,21.27,55.53,31.29,21.84,Cloudy,Medium,13,5,71.91,4.216737188528444,0.3050248462654214,0,MEDIUM,Monitor trip
101.67,15.94,17.57,37.17,25.87,29.45,Rain,Low,7,2,87.59,5.786568013659648,0.34880200248712134,0,MEDIUM,Monitor trip
39.69,20.27,10.31,56.57,35.46,26.8,Clear,Low,14,1,82.04,3.8496605237633363,0.12968620445447943,0,LOW,Normal operation
113.2,32.82,26.42,28.8,45.04,26.15,Clear,High,15,4,84.99,4.284632853898562,0.604301950121765,1,HIGH,Increase trip monitoring
63.99,37.32,19.43,41.28,25.83,30.02,Clear,Medium,1,1,96.97,3.2933607822954194,0.21268720663128726,0,LOW,Normal operation
148.97,22.15,29.36,64.87,37.73,18.07,Clear,Low,3,5,70.24,5.073910081743869,0.4293548380185105,0,MEDIUM,Monitor trip
86.43,35.29,19.19,56.14,26.34,16.34,Clear,Medium,18,3,83.25,4.503908285565399,0.18020703753508707,1,LOW,Normal operation
85.26,16.13,18.62,45.67,36.04,17.84,Clear,High,9,4,67.2,4.578947368421053,0.2814321215515459,1,LOW,Normal operation
47.83,23.96,15.84,53.05,36.65,26.92,Clear,Low,1,3,78.31,3.019570707070707,0.14457885523440867,0,LOW,Normal operation
92.81,25.06,21.3,50.34,31.11,34.62,Clear,Medium,20,3,89.55,4.357276995305164,0.19952780084651833,0,LOW,Normal operation
137.78,30.21,28.82,64.59,32.92,29.89,Cloudy,Low,1,2,84.62,4.780707841776544,0.2445423852663922,0,LOW,Normal operation
113.17,28.65,24.3,39.48,31.97,21.37,Clear,Medium,15,0,82.57,4.6572016460905346,0.32167053254744593,0,MEDIUM,Monitor trip
131.3,18.19,26.11,36.4,21.9,23.42,Heavy_Rain,Low,9,2,76.56,5.028724626579855,0.5027555513158477,0,HIGH,Increase trip monitoring
57.06,37.17,14.71,43.81,24.19,30.39,Cloudy,Low,8,3,86.2,3.87899388171312,0.17119288975737595,0,LOW,Normal operation
46.71,20.9,12.41,43.1,55.95,22.7,Clear,Medium,15,6,76.66,3.763900080580177,0.5836643137030171,0,HIGH,Increase trip monitoring
137.33,31.95,29.24,46.33,39.8,31.58,Clear,Medium,10,4,83.39,4.696648426812586,0.2689753078571697,0,LOW,Normal operation
45.9,27.67,12.2,60.32,38.13,28.99,Clear,Medium,13,6,90.27,3.7622950819672134,0.2568604350807758,0,LOW,Normal operation
36.86,22.51,9.25,46.99,41.41,21.6,Clear,Medium,12,2,65.23,3.984864864864865,0.22906439276355695,0,LOW,Normal operation
145.36,33.6,29.11,61.38,38.93,27.44,Clear,Low,2,1,80.03,4.993473033321883,0.25481512813754514,0,LOW,Normal operation
102.47,39.47,23.93,54.48,33.17,26.05,Clear,Low,3,4,84.93,4.282072712076891,0.33341592827727795,0,MEDIUM,Monitor trip
73.21,31.21,21.6,33.28,45.37,29.46,Heavy_Rain,Low,6,0,88.11,3.3893518518518513,0.5299010546608174,1,HIGH,Increase trip monitoring
66.31,26.84,17.22,21.03,32.64,19.29,Rain,High,12,1,69.72,3.85075493612079,0.5633532477549418,1,HIGH,Increase trip monitoring
31.5,21.14,10.05,67.33,28.67,19.7,Clear,Low,2,4,91.78,3.134328358208955,0.12908268860412542,0,LOW,Normal operation
134.13,39.3,30.98,40.69,28.46,22.24,Rain,Medium,18,3,87.76,4.329567462879277,0.40503445606507477,1,MEDIUM,Monitor trip
138.37,26.17,31.96,31.43,20.86,21.13,Cloudy,High,6,2,78.32,4.329474342928661,0.6383758916345913,1,HIGH,Increase trip monitoring
23.1,38.2,11.96,43.96,24.22,25.76,Cloudy,Low,15,5,86.18,1.931438127090301,0.25075502868618715,1,LOW,Normal operation
79.56,35.37,22.11,35.5,33.92,34.15,Rain,Low,11,4,80.62,3.598371777476255,0.2643155735725497,1,LOW,Normal operation
130.38,18.35,31.78,28.13,32.81,15.9,Heavy_Rain,Medium,19,4,86.28,4.102580239144116,0.7365077764806828,1,CRITICAL,Critical monitoring - Heavy rain risk
52.57,23.59,13.32,53.93,54.31,29.92,Cloudy,Medium,17,2,81.37,3.9466966966966965,0.3734509669358341,0,MEDIUM,Monitor trip
110.9,31.31,25.37,52.14,26.34,26.31,Clear,Medium,2,4,85.37,4.371304690579424,0.388422965659028,0,MEDIUM,Monitor trip
117.53,35.85,28.47,45.34,30.64,26.17,Clear,Medium,8,2,80.59,4.128205128205129,0.2919482215099401,0,LOW,Normal operation
93.28,25.76,26.17,29.97,41.75,15.54,Rain,Low,7,3,73.81,3.5643867023309133,0.37693554614570773,0,MEDIUM,Monitor trip
131.26,37.14,27.64,35.58,28.23,20.24,Rain,Low,12,3,74.17,4.748914616497829,0.4528189146197928,0,MEDIUM,Monitor trip
63.38,33.69,16.87,40.22,28.94,29.27,Rain,Low,2,5,91.12,3.75696502667457,0.3841815760621967,0,MEDIUM,Monitor trip
31.29,23.61,15.68,20.0,48.44,27.44,Heavy_Rain,Medium,12,3,84.86,1.9955357142857142,0.6640504923385592,1,HIGH,Increase trip monitoring
35.66,17.87,6.0,51.19,35.52,25.74,Cloudy,Medium,7,3,73.01,5.9433333333333325,0.225798763061751,0,LOW,Normal operation
74.16,33.87,19.24,39.67,47.93,26.8,Rain,Medium,16,1,82.61,3.854469854469855,0.393302464903302,0,MEDIUM,Monitor trip
145.78,29.31,29.08,43.23,20.47,29.79,Clear,Low,12,4,69.25,5.013067400275103,0.2089083656486312,0,LOW,Normal operation
92.98,16.89,15.95,45.94,31.35,28.08,Cloudy,Low,3,6,64.94,5.829467084639499,0.30537324417951534,1,MEDIUM,Monitor trip
32.22,30.23,15.97,34.11,41.66,25.1,Rain,Low,4,4,87.13,2.0175328741390106,0.36473237592731067,0,MEDIUM,Monitor trip
56.35,39.62,15.55,45.86,27.82,26.7,Cloudy,Medium,18,3,86.51,3.6237942122186495,0.18504605294525367,1,LOW,Normal operation
145.39,39.08,31.11,45.17,39.6,21.07,Clear,Medium,6,2,71.09,4.673416907746705,0.2964914459955621,1,LOW,Normal operation
100.84,34.68,21.49,42.06,28.51,16.33,Rain,Low,5,2,83.87,4.692415076779898,0.3073414164488554,0,MEDIUM,Monitor trip
148.9,31.12,28.83,45.25,43.01,30.75,Clear,Medium,6,3,96.73,5.164758931668401,0.19151522251130867,1,LOW,Normal operation
110.1,37.83,26.26,53.68,20.58,31.02,Heavy_Rain,Low,12,1,91.62,4.192688499619193,0.48622103236392633,1,MEDIUM,Monitor trip
42.95,35.25,14.82,50.15,28.51,23.46,Clear,Low,2,1,86.13,2.8981106612685563,0.15115227322973476,0,LOW,Normal operation
92.88,17.12,18.18,46.83,24.32,26.04,Rain,Medium,12,5,78.32,5.108910891089109,0.4212411163634785,0,MEDIUM,Monitor trip
96.7,28.1,26.0,26.33,27.96,25.91,Heavy_Rain,High,13,5,80.53,3.7192307692307693,0.6412950559380179,0,HIGH,Increase trip monitoring
124.45,27.14,29.48,34.28,28.69,27.94,Rain,Low,1,6,76.09,4.2215061058344645,0.7908515841753341,0,CRITICAL,Immediate operational intervention
127.55,19.1,25.28,34.43,34.4,29.62,Cloudy,Low,11,6,74.12,5.045490506329114,0.6186545058220767,0,HIGH,Increase trip monitoring
116.02,32.19,28.15,25.86,37.17,34.43,Clear,High,20,4,76.3,4.121492007104796,0.5317299020412064,1,HIGH,Increase trip monitoring
33.56,20.34,12.97,31.39,34.51,32.03,Rain,Low,12,6,82.71,2.5875096376252893,0.4293081089175609,1,MEDIUM,Monitor trip
22.77,35.6,15.91,44.16,43.64,28.08,Cloudy,Low,6,1,81.43,1.4311753614079195,0.17369276769191638,0,LOW,Normal operation
23.86,15.11,11.36,47.16,50.71,19.49,Rain,Low,4,4,77.38,2.1003521126760565,0.3797112927979897,0,MEDIUM,Monitor trip
138.57,37.13,28.29,46.14,23.65,30.82,Cloudy,Medium,17,4,85.22,4.898197242841993,0.3015408874172068,0,MEDIUM,Monitor trip
75.57,31.72,18.13,36.58,52.23,23.82,Rain,High,16,8,91.84,4.16822945394374,0.6085346315025688,1,HIGH,Increase trip monitoring
146.0,38.77,32.52,49.73,29.98,23.95,Clear,Medium,12,6,72.02,4.489544895448954,0.48364815827688873,0,MEDIUM,Monitor trip
89.72,33.86,23.2,35.53,32.49,24.19,Clear,High,12,0,78.67,3.867241379310345,0.2960207949440297,0,LOW,Normal operation
145.57,20.14,27.16,48.92,31.06,23.02,Clear,Medium,15,2,80.67,5.359720176730486,0.30101196751864107,0,MEDIUM,Monitor trip
79.23,32.88,21.83,47.05,25.28,32.5,Rain,Low,12,5,70.48,3.6294090700870365,0.3617158202634031,1,MEDIUM,Monitor trip
65.51,21.69,14.21,36.11,36.6,25.02,Rain,Medium,7,5,80.25,4.6101337086558765,0.4202455443791042,0,MEDIUM,Monitor trip
33.25,35.9,20.0,24.49,40.44,22.2,Heavy_Rain,Medium,10,5,99.74,1.6625,0.6214589036554332,1,HIGH,Increase trip monitoring
135.25,19.33,28.76,50.61,32.83,25.1,Clear,Low,1,1,81.72,4.702712100139082,0.2507464201004385,0,LOW,Normal operation
140.63,18.99,32.66,26.94,30.6,20.29,Heavy_Rain,Medium,3,5,66.82,4.305878750765463,0.8835104289922809,1,CRITICAL,Critical monitoring - Heavy rain risk
145.15,25.15,32.11,29.85,36.73,35.96,Rain,Medium,18,6,91.18,4.520398629710371,0.7436655165924557,0,CRITICAL,Critical monitoring - Low vehicle speed
31.11,29.48,11.11,49.65,40.21,25.28,Rain,Low,8,5,77.39,2.8001800180018,0.38413637175947424,1,MEDIUM,Monitor trip
66.96,15.49,13.26,59.58,36.59,26.15,Clear,Low,8,5,85.91,5.049773755656108,0.22603305735016405,0,LOW,Normal operation
67.43,29.76,21.05,27.44,35.9,19.38,Heavy_Rain,High,8,2,74.7,3.20332541567696,0.6784045688262645,1,HIGH,Increase trip monitoring
62.78,39.96,20.53,35.49,35.36,17.8,Clear,High,15,3,85.98,3.0579639551875304,0.23085823237402323,1,LOW,Normal operation
108.69,35.66,27.61,43.14,35.25,13.91,Cloudy,High,3,3,80.18,3.936617167692865,0.4959428627135236,1,MEDIUM,Monitor trip
137.69,31.79,32.76,37.95,39.62,20.11,Heavy_Rain,Low,5,6,81.31,4.202991452991453,0.6690542474836796,0,HIGH,Increase trip monitoring
93.13,18.73,18.75,55.7,27.63,34.94,Clear,Low,10,5,78.1,4.966933333333333,0.24601608863562252,0,LOW,Normal operation
40.92,34.22,12.05,52.17,37.9,29.32,Clear,Medium,3,4,96.07,3.395850622406639,0.17408664745583993,0,LOW,Normal operation
125.54,32.55,29.77,54.27,32.12,29.39,Clear,Medium,12,2,78.22,4.216996976822305,0.23662400552501006,0,LOW,Normal operation
57.87,37.93,18.76,56.97,30.0,22.93,Clear,Medium,1,3,97.36,3.0847547974413643,0.19399997025187493,0,LOW,Normal operation
48.32,30.21,14.38,46.16,45.54,23.42,Cloudy,Medium,12,5,85.85,3.360222531293463,0.4622163377136259,1,MEDIUM,Monitor trip
47.96,19.41,13.08,40.47,30.9,31.5,Clear,Medium,1,5,82.73,3.6666666666666665,0.25218851524570646,0,LOW,Normal operation
133.68,15.89,25.07,51.97,35.77,26.51,Rain,Low,9,1,68.22,5.332269644994017,0.3386199025908522,1,MEDIUM,Monitor trip
136.53,16.87,24.86,34.12,41.81,19.05,Clear,High,4,2,80.5,5.4919549477071605,0.5286004118208377,0,HIGH,Increase trip monitoring
142.35,37.38,28.58,49.55,42.55,28.26,Clear,Medium,20,2,87.8,4.98075577326802,0.27896337029988516,0,LOW,Normal operation
70.09,24.87,15.38,59.49,40.07,25.81,Cloudy,Low,10,5,82.46,4.557217165149545,0.28574883023101905,1,LOW,Normal operation
146.12,26.14,28.65,39.65,42.02,20.52,Rain,Low,14,6,87.96,5.1001745200698085,0.5280377916906679,1,HIGH,Increase trip monitoring
137.17,34.92,29.0,58.33,36.03,22.27,Clear,Low,10,1,79.47,4.7299999999999995,0.17605286243166832,1,LOW,Normal operation
101.77,29.76,24.38,22.22,38.5,26.25,Rain,High,10,2,82.87,4.174323215750615,0.7160195899413879,0,CRITICAL,Critical monitoring - High traffic
32.68,26.18,9.84,38.85,37.63,23.3,Rain,Low,16,6,82.4,3.321138211382114,0.37270270008760503,0,MEDIUM,Monitor trip
102.72,28.42,21.12,45.35,37.85,15.06,Cloudy,Low,1,2,96.04,4.863636363636363,0.3074669768608773,0,MEDIUM,Monitor trip
86.98,25.89,21.62,33.08,37.18,19.0,Rain,Low,12,3,68.4,4.023126734505088,0.3886021471418218,0,MEDIUM,Monitor trip
77.21,22.16,17.47,45.64,29.71,13.37,Cloudy,Medium,15,3,86.0,4.419576416714367,0.21355255783897734,1,LOW,Normal operation
146.62,19.7,28.23,55.03,32.6,25.46,Clear,Medium,5,4,82.73,5.193765497697485,0.3100456459651378,0,MEDIUM,Monitor trip
149.47,17.12,24.77,48.17,42.79,30.02,Clear,Medium,12,3,73.76,6.0343157044812274,0.2026670085195036,0,LOW,Normal operation
82.66,20.31,22.32,30.66,22.6,21.14,Clear,Medium,14,3,87.1,3.703405017921147,0.33330768632874086,0,MEDIUM,Monitor trip
133.13,31.32,28.01,45.31,25.01,27.74,Clear,Medium,13,3,60.96,4.752945376651196,0.28411295833236716,0,LOW,Normal operation
25.01,19.89,7.62,39.49,33.92,10.0,Rain,Medium,9,7,77.49,3.282152230971129,0.46239260684497013,0,MEDIUM,Monitor trip
55.47,26.24,15.58,61.51,41.93,28.6,Clear,Low,4,4,72.64,3.560333761232349,0.1269563831257975,0,LOW,Normal operation
51.72,30.66,16.29,32.31,36.22,28.66,Clear,High,3,3,90.16,3.174953959484346,0.43864794010382063,0,MEDIUM,Monitor trip
148.65,36.71,32.16,24.64,23.1,27.8,Cloudy,High,14,2,85.17,4.6222014925373145,0.635918531103837,1,HIGH,Increase trip monitoring
64.47,38.46,18.33,51.5,27.31,26.47,Clear,Medium,16,2,72.81,3.5171849427168578,0.18694144089396014,0,LOW,Normal operation
71.32,38.1,20.84,39.54,33.24,22.12,Rain,Medium,13,5,80.58,3.422264875239923,0.39343745598901475,1,MEDIUM,Monitor trip
101.89,35.12,27.1,34.25,38.4,29.23,Cloudy,Low,8,1,75.87,3.759778597785978,0.4329148580934474,1,MEDIUM,Monitor trip
71.08,31.43,18.25,54.61,50.72,14.49,Cloudy,Low,12,1,93.85,3.8947945205479453,0.1788868497092616,0,LOW,Normal operation
108.6,25.49,24.34,42.2,43.34,24.24,Cloudy,Medium,7,5,73.87,4.461791290057518,0.536685694229387,0,HIGH,Increase trip monitoring
116.92,31.69,26.51,24.63,32.58,25.82,Heavy_Rain,Medium,15,2,100.0,4.410411165597887,0.6392565824876849,1,HIGH,Increase trip monitoring
134.25,21.82,27.29,60.02,28.51,29.61,Cloudy,Medium,15,4,94.11,4.919384389886406,0.2615168069853755,0,LOW,Normal operation
55.48,24.72,17.37,49.39,31.91,26.15,Clear,Medium,20,4,77.47,3.1940126655152556,0.21510532004886188,0,LOW,Normal operation
128.51,23.98,28.13,40.52,45.8,27.88,Cloudy,Low,10,4,78.82,4.568432278706008,0.5247012040913945,1,HIGH,Increase trip monitoring
80.69,34.36,19.72,50.88,34.92,28.25,Clear,Low,10,4,87.55,4.091784989858012,0.15196097210685838,0,LOW,Normal operation
89.32,37.13,19.71,49.01,40.56,29.67,Cloudy,Low,13,2,75.03,4.531709791983764,0.16640396251798842,1,LOW,Normal operation
104.32,22.94,22.4,51.77,33.63,23.26,Clear,Medium,16,2,87.27,4.6571428571428575,0.2990171820342325,0,LOW,Normal operation
21.8,22.73,7.86,38.12,46.39,28.75,Cloudy,High,12,1,75.27,2.7735368956743,0.3872468904097622,0,MEDIUM,Monitor trip
90.94,37.82,19.73,57.6,31.92,20.87,Clear,Medium,19,2,84.17,4.609224531170805,0.19117950289199634,0,LOW,Normal operation
128.96,24.86,25.5,39.28,36.89,29.97,Rain,Medium,16,6,77.07,5.057254901960785,0.5668527618702542,1,HIGH,Increase trip monitoring
102.21,32.68,22.44,50.97,21.13,24.52,Cloudy,Medium,17,6,80.95,4.554812834224599,0.407289588630782,0,MEDIUM,Monitor trip
73.04,33.19,17.65,43.49,37.06,24.98,Clear,Medium,8,3,80.68,4.138243626062324,0.19764179285773106,0,LOW,Normal operation
59.05,39.01,25.18,21.67,26.76,22.05,Rain,High,17,2,89.38,2.3451151707704527,0.535598992523575,1,HIGH,Increase trip monitoring
121.77,27.94,28.38,52.91,44.54,19.43,Clear,Medium,20,3,82.71,4.290697674418604,0.3005395318926214,0,MEDIUM,Monitor trip
31.38,20.38,10.12,52.73,25.84,13.76,Clear,Low,10,2,86.36,3.100790513833992,0.13265332716209824,0,LOW,Normal operation
115.21,26.56,26.09,50.4,38.26,20.86,Cloudy,Low,3,4,80.07,4.415868148715983,0.30344149668205483,1,MEDIUM,Monitor trip
90.18,29.85,20.96,55.44,34.07,30.8,Clear,Low,2,1,82.56,4.302480916030534,0.10530222308883816,0,LOW,Normal operation
135.19,38.84,31.67,31.11,26.0,21.99,Cloudy,High,20,1,92.58,4.268708556994,0.59922995753924,0,HIGH,Increase trip monitoring
73.75,29.58,15.29,46.28,33.91,21.05,Clear,Medium,13,6,86.65,4.823413996075867,0.2656571172376105,0,LOW,Normal operation
86.01,36.96,23.47,46.39,29.42,25.43,Clear,Medium,8,2,83.96,3.6646783127396683,0.18703202459038343,1,LOW,Normal operation
45.64,35.9,15.92,47.28,35.39,27.99,Rain,Low,20,3,92.01,2.8668341708542715,0.2535349803505177,0,LOW,Normal operation
118.61,19.29,28.5,23.58,42.6,25.7,Rain,High,9,6,79.6,4.161754385964913,0.7687526044804717,1,CRITICAL,Critical monitoring - High traffic
62.78,37.52,19.38,23.73,30.39,23.77,Rain,High,16,7,68.15,3.2394220846233233,0.6388985237607534,1,HIGH,Increase trip monitoring
55.18,37.11,19.51,42.29,41.84,29.45,Clear,Medium,5,2,71.85,2.8282931829830855,0.19010736358570698,0,LOW,Normal operation
20.6,16.49,6.71,36.84,39.32,29.43,Cloudy,High,16,3,87.95,3.070044709388972,0.3840725643996218,0,MEDIUM,Monitor trip
94.02,23.31,23.77,55.78,29.27,34.04,Clear,Medium,20,3,87.56,3.955405973916702,0.15784163350009153,0,LOW,Normal operation
120.72,15.33,23.65,53.12,33.8,25.49,Clear,High,17,3,64.84,5.104439746300212,0.32810197990824463,0,MEDIUM,Monitor trip
72.89,31.07,20.42,55.11,29.83,34.77,Clear,Medium,2,3,57.18,3.5695396669931436,0.19061361998854356,0,LOW,Normal operation
36.05,31.25,15.37,37.89,40.21,24.31,Clear,High,3,3,92.78,2.3454782042940794,0.3281742618689445,0,MEDIUM,Monitor trip
120.25,31.63,29.2,50.04,24.69,19.45,Cloudy,Medium,6,7,84.62,4.118150684931507,0.42693463130604903,1,MEDIUM,Monitor trip
31.68,30.06,10.97,42.64,42.18,24.59,Clear,Medium,16,6,88.7,2.8878760255241565,0.2631449386302936,0,LOW,Normal operation
95.18,39.12,24.77,54.11,42.29,25.84,Clear,Low,2,5,75.36,3.842551473556722,0.26986082878739204,1,LOW,Normal operation
53.35,23.95,10.78,35.44,22.44,22.73,Clear,Medium,15,4,63.0,4.948979591836735,0.3314249983775881,0,MEDIUM,Monitor trip
123.13,35.5,28.87,55.38,35.65,30.75,Clear,High,4,3,89.08,4.264980949082092,0.34356899499415977,0,MEDIUM,Monitor trip
53.39,15.99,12.66,41.53,38.34,25.61,Rain,Medium,15,4,81.62,4.217219589257504,0.3274430430954371,1,MEDIUM,Monitor trip
40.96,39.35,14.27,40.38,24.81,23.27,Cloudy,High,14,6,85.55,2.870357393132446,0.4419267957458531,0,MEDIUM,Monitor trip
62.08,39.46,17.51,40.87,42.85,34.44,Cloudy,Low,16,4,93.74,3.5454026270702452,0.2134674445257897,0,LOW,Normal operation
22.3,28.37,12.83,40.17,51.99,21.83,Clear,High,1,5,83.69,1.7381137957911146,0.5087858630013401,0,HIGH,Increase trip monitoring
34.63,22.91,7.74,51.46,35.16,20.69,Cloudy,Low,14,4,69.68,4.474160206718347,0.2036361473590825,0,LOW,Normal operation
45.89,25.45,10.81,45.02,27.03,24.21,Clear,Medium,17,5,81.28,4.245143385753932,0.28533588245086283,0,LOW,Normal operation
80.68,21.9,15.21,59.81,27.19,25.51,Clear,Low,8,7,87.41,5.304404996712689,0.2452180975439548,0,LOW,Normal operation
31.81,21.66,15.37,27.11,41.93,28.97,Cloudy,High,12,2,76.81,2.069616135328562,0.4753654732497728,0,MEDIUM,Monitor trip
88.62,36.04,22.75,40.7,37.21,18.83,Rain,Low,13,5,86.02,3.8953846153846157,0.3884278894261725,0,MEDIUM,Monitor trip
130.75,31.34,28.65,44.04,59.45,30.57,Clear,High,14,0,79.5,4.56369982547993,0.6184436901942079,0,HIGH,Increase trip monitoring
143.93,29.0,31.2,35.94,25.2,32.75,Rain,High,4,1,78.01,4.613141025641026,0.524209741571351,1,HIGH,Increase trip monitoring
34.84,19.32,10.87,29.14,41.45,24.33,Clear,High,14,1,78.39,3.2051517939282435,0.40060325413393305,0,MEDIUM,Monitor trip
89.61,38.67,27.23,28.01,29.27,22.83,Heavy_Rain,Medium,17,5,74.4,3.290855673889093,0.7160305274633687,0,CRITICAL,Critical monitoring - Heavy rain risk
29.37,34.04,11.15,36.76,33.67,24.3,Rain,Medium,16,6,79.98,2.6340807174887892,0.39913111643989996,0,MEDIUM,Monitor trip
90.37,17.43,18.5,36.2,37.99,26.95,Rain,Medium,11,4,81.7,4.884864864864865,0.3558595771134562,1,MEDIUM,Monitor trip
126.48,23.5,28.23,52.34,38.29,25.69,Clear,Medium,14,3,74.85,4.480340063761956,0.303318436820699,1,MEDIUM,Monitor trip
103.1,19.76,27.18,32.33,32.26,23.21,Heavy_Rain,Low,18,4,94.76,3.793230316409124,0.5888584319989446,0,HIGH,Increase trip monitoring
76.73,23.12,18.18,43.45,49.85,13.93,Clear,High,10,2,82.6,4.220572057205721,0.2759763199657918,1,LOW,Normal operation
29.54,35.95,10.29,56.21,40.17,27.03,Clear,Low,15,3,67.2,2.870748299319728,0.11963631789647225,0,LOW,Normal operation
40.56,30.64,13.13,58.28,45.97,24.49,Cloudy,Low,4,3,75.83,3.089108910891089,0.2511381574324196,1,LOW,Normal operation
93.13,32.7,21.82,46.12,25.32,19.3,Rain,Low,12,2,81.6,4.2681026581118235,0.24668495110535016,0,LOW,Normal operation
73.25,23.11,15.49,44.57,41.23,24.25,Cloudy,Medium,16,5,82.72,4.72885732730794,0.3105394543423397,0,MEDIUM,Monitor trip
42.68,25.41,17.81,48.19,54.67,19.59,Cloudy,Low,18,3,94.35,2.3964065131948344,0.36512920734739834,0,MEDIUM,Monitor trip
132.05,21.18,28.21,51.15,31.21,23.45,Clear,Low,18,1,85.93,4.680964197093229,0.2101468219933416,0,LOW,Normal operation
49.04,15.28,9.27,48.76,51.33,24.68,Cloudy,Medium,18,4,69.26,5.290183387270766,0.34850894470627164,0,MEDIUM,Monitor trip
118.06,32.68,28.68,48.2,50.9,25.82,Cloudy,Low,11,3,73.44,4.116457461645746,0.42249036803685663,1,MEDIUM,Monitor trip
88.33,20.78,20.67,56.76,40.27,30.65,Rain,Low,4,3,90.12,4.2733430091920654,0.25061096054607235,1,LOW,Normal operation
141.21,21.78,27.24,40.75,24.09,23.19,Clear,Medium,2,3,87.59,5.183920704845815,0.41830731709462654,0,MEDIUM,Monitor trip
94.74,35.39,20.87,45.91,30.99,21.53,Clear,Medium,13,2,95.97,4.539530426449448,0.17922067345676468,0,LOW,Normal operation
32.92,33.83,16.11,54.49,33.08,17.82,Cloudy,Low,5,3,84.87,2.043451272501552,0.1644739299743867,1,LOW,Normal operation
121.51,25.42,30.07,27.77,43.77,29.25,Rain,High,3,5,77.92,4.040904556035916,0.8551587641386451,1,CRITICAL,Critical monitoring - High traffic
83.48,31.36,18.72,38.91,37.43,13.48,Cloudy,Medium,8,0,66.54,4.4594017094017095,0.22828024022753057,0,LOW,Normal operation
47.2,16.73,8.97,52.2,23.08,28.74,Clear,Medium,20,2,75.69,5.261984392419175,0.2235783418634698,0,LOW,Normal operation
90.21,35.44,22.79,34.2,28.86,26.47,Cloudy,High,3,1,93.88,3.9583150504607283,0.4631753677758384,0,MEDIUM,Monitor trip
62.16,16.93,14.36,54.47,33.83,23.93,Clear,Medium,11,6,79.63,4.328690807799443,0.2591394105884844,0,LOW,Normal operation
30.85,35.37,16.76,56.24,33.99,19.44,Clear,Medium,15,1,96.88,1.8406921241050118,0.1619413733178556,0,LOW,Normal operation
94.74,21.28,19.65,47.44,41.31,20.31,Cloudy,Medium,1,3,92.62,4.821374045801527,0.2528065360778475,0,LOW,Normal operation
75.16,28.07,18.06,50.06,27.84,29.25,Clear,Medium,19,2,83.23,4.161683277962348,0.16209659686295938,0,LOW,Normal operation
90.68,38.49,21.49,37.04,29.54,22.6,Rain,Low,18,3,76.66,4.2196370404839465,0.2892935487978529,0,LOW,Normal operation
34.88,35.55,13.2,35.04,57.9,20.18,Rain,Medium,4,5,72.7,2.6424242424242426,0.7424021966291044,1,CRITICAL,Critical monitoring - Excessive loading time
124.93,23.49,26.51,47.01,34.35,27.92,Cloudy,Low,20,3,86.56,4.712561297623538,0.24102578301096464,0,LOW,Normal operation
132.04,23.04,27.44,47.1,28.74,18.06,Clear,Medium,3,1,69.45,4.811953352769679,0.358052043158652,0,MEDIUM,Monitor trip
121.27,26.27,25.68,31.39,42.95,27.89,Cloudy,High,7,3,83.49,4.7223520249221185,0.6390684437468201,1,HIGH,Increase trip monitoring
74.15,29.69,16.06,39.61,37.46,33.85,Rain,Low,7,3,78.23,4.617061021170611,0.26943289318471464,0,LOW,Normal operation
129.89,18.75,30.47,32.12,25.69,28.7,Cloudy,High,7,3,93.29,4.26288152280932,0.6451327860959125,0,HIGH,Increase trip monitoring
82.82,29.18,20.94,29.33,37.35,21.11,Heavy_Rain,High,6,4,85.86,3.955109837631327,0.7594352284965613,1,CRITICAL,Critical monitoring - Heavy rain risk
140.49,21.88,26.28,57.47,24.56,31.33,Clear,Medium,6,3,92.63,5.345890410958904,0.30199636165027816,0,MEDIUM,Monitor trip
92.71,28.83,27.66,28.43,29.09,26.14,Heavy_Rain,Low,15,3,93.97,3.3517715112075197,0.5715841076461419,1,HIGH,Increase trip monitoring
77.87,28.53,19.41,51.46,37.07,25.91,Clear,Medium,13,6,82.22,4.011849562081402,0.26419508803639274,0,LOW,Normal operation
143.26,37.9,32.38,34.91,27.85,28.52,Clear,High,17,4,83.27,4.424336009882643,0.5092468624186706,1,HIGH,Increase trip monitoring
75.94,16.3,15.79,45.82,53.04,31.22,Clear,High,19,1,74.65,4.8093730208993035,0.24716501935523694,0,LOW,Normal operation
55.63,29.12,13.03,50.26,17.68,21.77,Clear,Low,2,2,82.9,4.269378357636224,0.1464843094341332,0,LOW,Normal operation
43.24,30.31,14.27,45.69,30.7,25.64,Clear,Medium,5,3,79.68,3.0301331464611074,0.2068830913543351,0,LOW,Normal operation
55.73,29.54,13.67,61.2,28.86,27.95,Clear,Low,17,2,67.37,4.076810534016094,0.12238028736239302,1,LOW,Normal operation
131.55,31.65,26.78,54.97,24.87,30.62,Clear,Low,11,3,85.89,4.912247946228529,0.1680579070305054,0,LOW,Normal operation
30.13,16.86,10.73,39.44,42.15,28.26,Heavy_Rain,Low,3,2,81.45,2.808014911463187,0.3289539381616412,1,MEDIUM,Monitor trip
111.58,18.97,22.71,35.57,35.13,21.88,Clear,High,8,5,88.23,4.913254073095552,0.4954729242927423,1,MEDIUM,Monitor trip
92.61,25.35,23.12,40.68,29.47,17.27,Cloudy,High,20,2,66.36,4.005622837370242,0.3526054182292539,0,MEDIUM,Monitor trip
131.16,38.71,31.68,34.4,29.66,16.89,Rain,Medium,13,4,92.74,4.140151515151515,0.6061768560415045,0,HIGH,Increase trip monitoring
119.2,18.86,24.69,34.53,31.05,37.19,Rain,Medium,6,2,95.54,4.827865532604293,0.6240257372367465,1,HIGH,Increase trip monitoring
44.71,31.2,15.17,45.58,37.53,18.54,Clear,Medium,9,5,90.54,2.94726433750824,0.26159748135262995,0,LOW,Normal operation
50.37,35.76,16.9,43.26,28.92,29.0,Clear,Medium,13,2,95.17,2.980473372781065,0.18323874723473724,0,LOW,Normal operation
46.34,39.83,16.17,43.59,27.57,19.07,Cloudy,Medium,9,4,84.85,2.865800865800866,0.2935104476679267,0,LOW,Normal operation
63.82,35.03,18.23,57.22,29.47,25.32,Clear,Low,20,2,95.19,3.50082281952825,0.1172621120242663,0,LOW,Normal operation
71.31,38.83,22.85,31.49,44.75,29.77,Cloudy,High,5,1,65.41,3.120787746170678,0.38907990392574465,1,MEDIUM,Monitor trip
134.59,16.62,23.6,55.91,45.65,23.86,Clear,Low,18,4,76.6,5.702966101694915,0.44253700449150846,0,MEDIUM,Monitor trip
109.55,25.16,22.44,46.47,48.82,24.56,Clear,Low,15,1,89.74,4.8819073083778965,0.41279848826176874,0,MEDIUM,Monitor trip
91.58,25.37,21.35,38.48,26.99,24.73,Clear,High,12,4,89.63,4.289461358313817,0.30371745309021136,0,MEDIUM,Monitor trip
106.64,37.45,22.89,53.85,40.95,23.9,Clear,Low,20,3,76.06,4.658802970729576,0.22394241335698625,0,LOW,Normal operation
48.15,35.14,12.98,43.64,32.53,21.83,Clear,Medium,6,2,83.17,3.7095531587057007,0.18576659953840668,0,LOW,Normal operation
145.08,28.14,33.63,27.42,39.25,17.4,Cloudy,Medium,1,4,92.74,4.314005352363961,0.5620970957993631,0,HIGH,Increase trip monitoring
46.53,26.54,14.7,41.23,29.14,25.9,Rain,Low,13,6,95.42,3.16530612244898,0.42645740317553943,1,MEDIUM,Monitor trip
40.78,37.53,14.48,55.24,39.92,33.4,Clear,Low,6,5,76.9,2.8162983425414363,0.22395207682235824,0,LOW,Normal operation
109.82,15.38,20.07,50.83,50.2,24.38,Rain,Medium,6,3,81.83,5.471848530144494,0.5258620752461708,1,HIGH,Increase trip monitoring
143.22,21.0,31.13,52.59,36.3,27.41,Cloudy,Low,11,2,76.35,4.6007067137809186,0.23908831386892898,0,LOW,Normal operation
61.03,34.68,21.16,20.0,26.71,30.43,Rain,High,3,1,76.75,2.8842155009451798,0.550682085653317,1,HIGH,Increase trip monitoring
139.33,27.47,25.39,53.7,19.13,15.77,Cloudy,Low,2,1,85.03,5.487593540764081,0.4032904622179556,1,MEDIUM,Monitor trip
84.79,37.94,20.14,38.36,18.38,26.95,Cloudy,High,8,2,76.93,4.210029791459782,0.3644834405381946,0,MEDIUM,Monitor trip
101.4,15.14,24.03,28.45,27.96,22.8,Cloudy,High,19,2,82.28,4.219725343320849,0.5413314351645571,1,HIGH,Increase trip monitoring
127.54,27.22,22.65,37.66,49.03,27.13,Rain,Medium,1,4,96.51,5.630905077262693,0.5584315023706594,1,HIGH,Increase trip monitoring
117.81,17.12,23.65,39.57,26.65,22.5,Rain,Low,9,1,75.25,4.98139534883721,0.41350172689405773,1,MEDIUM,Monitor trip
108.8,17.71,23.93,38.64,21.43,32.1,Rain,Medium,15,2,90.82,4.546594233180109,0.44295998669991193,0,MEDIUM,Monitor trip
53.45,30.88,13.8,45.85,21.9,26.39,Clear,Medium,12,1,92.61,3.8731884057971016,0.21232572628748084,0,LOW,Normal operation
61.98,25.46,14.37,47.59,51.06,16.4,Clear,Medium,10,4,84.28,4.313152400835073,0.28629876791776065,0,LOW,Normal operation
69.77,22.99,16.32,64.5,43.91,18.36,Clear,Low,9,3,80.76,4.275122549019607,0.14235879745202396,0,LOW,Normal operation
87.4,35.71,21.27,56.23,35.88,24.94,Clear,Low,3,3,96.98,4.109073812881994,0.14620166200118212,0,LOW,Normal operation
88.86,21.57,18.35,54.1,28.12,28.99,Cloudy,Low,4,7,89.46,4.8425068119891,0.25315654774997615,0,LOW,Normal operation
45.04,38.69,13.79,45.79,38.71,16.55,Clear,Low,5,2,82.33,3.2661348803480785,0.12506781224671445,0,LOW,Normal operation
41.09,18.5,10.49,34.89,32.23,26.77,Cloudy,Low,2,0,77.95,3.917063870352717,0.27764816457911984,0,LOW,Normal operation
32.49,28.82,10.08,47.17,38.43,24.5,Clear,High,20,1,88.64,3.223214285714286,0.2904806293329388,0,LOW,Normal operation
78.0,15.85,12.98,38.56,34.65,21.08,Clear,High,9,9,75.82,6.00924499229584,0.22207961822743627,1,LOW,Normal operation
126.73,30.94,28.95,52.02,22.68,26.88,Rain,Low,12,3,82.87,4.377547495682211,0.48700446938092934,1,MEDIUM,Monitor trip
94.94,25.32,21.39,40.71,36.19,23.28,Cloudy,High,4,4,90.72,4.438522674146797,0.27525212852931724,1,LOW,Normal operation
116.18,19.53,20.39,44.02,32.99,21.26,Heavy_Rain,Low,15,1,82.35,5.697891123099558,0.3352694870914308,0,MEDIUM,Monitor trip
98.37,21.9,25.91,35.41,42.83,23.04,Heavy_Rain,Low,5,0,92.89,3.796603627942879,0.3413471858838211,0,MEDIUM,Monitor trip
86.49,31.94,25.15,57.38,44.38,27.67,Clear,Medium,1,4,86.92,3.4389662027833,0.2389972569736205,0,LOW,Normal operation
47.54,33.94,15.57,29.48,23.33,16.56,Rain,Medium,16,3,91.71,3.0533076429030186,0.4366235441193004,1,MEDIUM,Monitor trip
147.1,15.12,29.35,50.42,37.99,31.2,Cloudy,Medium,5,4,78.58,5.0119250425894375,0.26415881969997396,0,LOW,Normal operation
28.53,25.56,11.98,56.2,46.98,20.24,Cloudy,Low,10,4,73.47,2.3814691151919867,0.2508064384418473,0,LOW,Normal operation
30.63,22.64,7.68,38.13,39.67,26.39,Heavy_Rain,Medium,9,5,100.0,3.98828125,0.40770009621370296,1,MEDIUM,Monitor trip
48.43,29.99,13.87,68.52,38.19,24.75,Clear,Low,13,3,81.56,3.491708723864456,0.11785114962430238,0,LOW,Normal operation
143.51,20.38,28.61,38.53,46.85,16.97,Cloudy,Low,14,1,70.4,5.016078294302691,0.4916832886823749,0,MEDIUM,Monitor trip
85.91,22.89,20.85,39.23,37.78,19.15,Clear,Medium,19,2,75.82,4.1203836930455635,0.21158969580298612,0,LOW,Normal operation
47.43,18.84,16.13,20.0,34.03,23.89,Heavy_Rain,Low,4,6,82.29,2.940483570985741,0.5651365106503713,1,HIGH,Increase trip monitoring
139.65,29.55,25.44,48.72,27.25,23.54,Clear,Medium,20,3,79.56,5.48938679245283,0.3103228421283047,1,MEDIUM,Monitor trip
44.81,23.07,11.48,53.2,37.0,30.15,Clear,Medium,6,2,86.39,3.903310104529617,0.18731541426989573,0,LOW,Normal operation
26.02,23.65,10.65,34.81,38.37,18.66,Rain,High,10,5,84.5,2.443192488262911,0.5283895138301857,0,HIGH,Increase trip monitoring
89.77,16.83,19.64,34.34,48.57,30.54,Cloudy,Medium,15,4,80.38,4.570773930753564,0.42347205099261254,0,MEDIUM,Monitor trip
139.73,35.12,26.75,53.29,37.53,23.92,Clear,Low,20,2,70.89,5.223551401869159,0.2122282175380181,0,LOW,Normal operation
140.75,27.16,27.74,49.28,33.57,18.01,Rain,Low,12,4,98.55,5.073900504686374,0.28797695197101936,1,LOW,Normal operation
116.23,34.98,32.17,27.38,35.07,20.3,Rain,Medium,14,4,75.75,3.6129934721790486,0.6470272098291572,1,HIGH,Increase trip monitoring
97.49,25.28,27.65,33.65,27.79,29.23,Heavy_Rain,Low,1,2,78.71,3.525858951175407,0.47250259367467284,1,MEDIUM,Monitor trip
137.29,18.94,24.18,64.83,24.15,22.69,Rain,Low,15,1,74.96,5.677832919768403,0.3119064379088017,0,MEDIUM,Monitor trip
142.93,32.26,34.21,28.55,37.17,26.68,Rain,High,8,2,84.56,4.178018123355744,0.7061407992831648,0,CRITICAL,Critical monitoring - High traffic
76.95,23.98,15.81,53.53,38.01,16.75,Clear,Low,3,3,98.81,4.867172675521822,0.16762760323667258,0,LOW,Normal operation
92.27,17.78,17.24,41.61,39.5,18.43,Cloudy,Low,1,6,86.33,5.352088167053364,0.3207649792799904,0,MEDIUM,Monitor trip
36.97,19.87,14.71,27.98,22.25,24.01,Rain,Medium,18,3,77.5,2.5132562882392926,0.433647787057564,1,MEDIUM,Monitor trip
135.38,23.0,25.71,54.83,29.44,24.38,Cloudy,Low,6,3,77.75,5.2656553870089455,0.2457481301032331,1,LOW,Normal operation
73.85,33.42,19.39,34.85,39.66,22.34,Cloudy,High,12,2,83.63,3.8086642599277973,0.41888256045593847,1,MEDIUM,Monitor trip
121.43,26.38,26.36,50.78,29.12,30.64,Cloudy,Low,8,2,88.95,4.60660091047041,0.205880261325965,1,LOW,Normal operation
31.61,21.15,11.17,36.5,39.42,24.17,Clear,High,6,0,78.73,2.829901521933751,0.31224117768464577,0,MEDIUM,Monitor trip
72.22,30.14,22.76,21.96,36.93,15.55,Heavy_Rain,Medium,14,5,78.91,3.17311072056239,0.7323560195271198,1,CRITICAL,Critical monitoring - Heavy rain risk
51.66,25.38,16.57,41.96,37.35,28.51,Cloudy,Medium,16,5,80.18,3.1176825588412793,0.29255509589119344,1,LOW,Normal operation
96.93,17.73,19.19,53.22,33.12,21.49,Clear,Medium,1,3,76.15,5.051068264721209,0.1716616129285556,1,LOW,Normal operation
122.34,23.09,23.36,37.53,46.34,30.8,Clear,High,9,5,91.89,5.237157534246576,0.5342114884620596,1,HIGH,Increase trip monitoring
107.94,30.11,24.27,46.46,36.08,36.11,Clear,Medium,10,3,76.39,4.447466007416564,0.2862200119036363,0,LOW,Normal operation
53.94,25.91,14.2,33.69,35.34,24.77,Clear,Medium,11,0,83.11,3.7985915492957747,0.22532629278395844,1,LOW,Normal operation
73.03,19.56,16.79,70.0,36.33,31.49,Cloudy,Low,5,4,69.99,4.349612864800477,0.18348386762242416,0,LOW,Normal operation
131.53,23.68,28.63,56.77,48.61,19.74,Cloudy,Low,19,2,87.18,4.594132029339853,0.3878999734655275,1,MEDIUM,Monitor trip
50.32,36.11,14.94,40.38,28.11,15.33,Clear,Low,6,3,84.66,3.3681392235609104,0.16246383237387046,1,LOW,Normal operation
39.8,31.37,10.73,60.39,35.14,29.01,Clear,Low,19,3,84.79,3.709226467847157,0.12130265411512568,0,LOW,Normal operation
115.71,16.65,20.05,53.3,42.97,25.72,Cloudy,Low,11,6,82.13,5.771072319201995,0.38427544849539547,0,MEDIUM,Monitor trip
95.93,32.08,28.47,35.53,50.03,25.8,Clear,Medium,18,2,73.31,3.369511766772041,0.290678362590062,1,LOW,Normal operation
125.31,36.32,27.0,31.42,36.49,34.21,Rain,High,5,0,78.1,4.641111111111111,0.6757372694756771,0,HIGH,Increase trip monitoring
31.85,22.92,7.77,39.17,22.41,30.4,Rain,Low,19,4,86.44,4.099099099099099,0.3139389564438902,0,MEDIUM,Monitor trip
122.48,28.41,24.57,59.62,40.48,24.57,Clear,Low,18,3,87.17,4.984940984940985,0.20508038026919093,0,LOW,Normal operation
28.91,27.8,11.19,40.23,19.21,22.38,Cloudy,Medium,6,4,77.83,2.583556747095621,0.2264105654802616,0,LOW,Normal operation
65.05,30.52,18.94,35.43,28.18,27.95,Heavy_Rain,Low,12,5,63.16,3.4345300950369584,0.502325044967817,1,HIGH,Increase trip monitoring
81.24,30.35,20.16,34.84,31.76,22.68,Cloudy,Medium,2,4,84.14,4.029761904761904,0.3385941459308221,0,MEDIUM,Monitor trip
44.87,22.88,12.65,44.61,31.04,27.5,Cloudy,Low,14,2,63.47,3.547035573122529,0.17755070303005607,0,LOW,Normal operation
135.2,26.75,25.1,47.97,30.23,23.53,Cloudy,Low,13,2,87.44,5.386454183266932,0.20847084497498589,0,LOW,Normal operation
113.38,23.24,22.06,47.71,30.89,20.38,Cloudy,Medium,8,1,84.33,5.1396192203082505,0.30011327947882255,0,MEDIUM,Monitor trip
71.56,38.03,25.33,28.46,32.6,24.48,Rain,High,15,7,84.66,2.8251085669167,0.6335532325895331,1,HIGH,Increase trip monitoring
100.98,20.55,21.35,45.89,36.29,26.06,Clear,Low,11,2,87.65,4.729742388758782,0.21032169245499768,1,LOW,Normal operation
74.29,34.22,18.88,65.16,34.08,14.22,Clear,Low,4,6,91.0,3.9348516949152548,0.19632647892477892,0,LOW,Normal operation
35.64,17.04,12.68,44.87,25.62,21.0,Cloudy,High,14,5,79.79,2.8107255520504735,0.3784506617923898,1,MEDIUM,Monitor trip
145.46,26.34,33.69,27.92,34.44,30.09,Heavy_Rain,Medium,19,5,61.93,4.317601662214307,0.7953311813950243,1,CRITICAL,Critical monitoring - Heavy rain risk
94.59,27.7,18.42,53.74,40.93,22.5,Clear,Low,4,6,83.97,5.135179153094462,0.19790943176266834,0,LOW,Normal operation
20.13,20.84,7.07,45.1,40.95,27.92,Clear,Medium,5,4,91.04,2.847241867043847,0.19147397591693785,0,LOW,Normal operation
68.72,20.13,14.47,47.13,20.48,23.61,Clear,Medium,15,1,70.03,4.74913614374568,0.22629357573216893,0,LOW,Normal operation
70.33,37.03,18.13,46.97,33.89,32.45,Clear,Medium,8,1,80.2,3.8792057363485934,0.17900018101934126,0,LOW,Normal operation
68.74,25.71,18.89,33.4,42.83,30.17,Heavy_Rain,Low,14,6,72.94,3.6389624139756482,0.647998151271175,1,HIGH,Increase trip monitoring
103.47,24.83,21.79,39.82,34.75,19.66,Clear,High,19,3,87.25,4.748508490133089,0.4090341116266935,0,MEDIUM,Monitor trip
61.35,22.02,15.97,47.05,28.8,21.75,Clear,High,7,3,83.71,3.8415779586725107,0.2808200893753189,0,LOW,Normal operation
90.36,31.33,20.98,40.42,34.3,24.56,Rain,Medium,1,1,78.6,4.306959008579599,0.33834007565555174,0,MEDIUM,Monitor trip
31.71,25.81,12.34,36.71,32.75,21.08,Heavy_Rain,Low,11,2,70.59,2.5696920583468397,0.3776552381110454,1,MEDIUM,Monitor trip
123.08,34.24,25.16,48.46,44.47,22.4,Clear,Medium,9,4,94.14,4.891891891891892,0.3411524932722863,0,MEDIUM,Monitor trip
27.2,16.21,7.96,61.77,32.0,20.46,Clear,Low,4,3,87.0,3.4170854271356785,0.12984455905066125,0,LOW,Normal operation
47.36,35.25,17.83,30.82,30.32,25.01,Clear,High,8,3,91.41,2.6561974200785197,0.4141001048821697,1,MEDIUM,Monitor trip
96.89,24.3,21.79,56.58,40.12,32.66,Clear,Medium,5,3,76.96,4.4465351078476365,0.14697185608591937,0,LOW,Normal operation
73.4,38.83,20.07,50.26,37.71,24.79,Clear,Low,6,0,86.04,3.657199800697559,0.11342806724856906,0,LOW,Normal operation
149.71,25.74,30.59,29.54,42.62,23.61,Heavy_Rain,Low,15,4,95.76,4.8940830336711345,0.6919492718031031,1,HIGH,Increase trip monitoring
44.24,31.66,18.18,39.6,25.64,28.36,Cloudy,High,20,3,81.11,2.4334433443344334,0.36287705100272044,0,MEDIUM,Monitor trip
59.23,24.43,13.48,57.6,32.18,24.89,Clear,Low,2,2,84.62,4.393916913946587,0.13387176111171764,0,LOW,Normal operation
111.19,38.42,28.32,34.5,33.43,20.0,Cloudy,High,20,5,82.72,3.9262005649717513,0.7115709966900696,0,CRITICAL,Critical monitoring - High traffic
87.4,35.74,26.42,20.0,26.17,32.5,Heavy_Rain,High,6,4,92.57,3.308099924299773,0.7132334302143366,1,CRITICAL,Critical monitoring - Heavy rain risk
87.5,30.28,16.81,46.0,35.24,29.46,Clear,High,9,8,82.53,5.20523497917906,0.26609453629771684,1,LOW,Normal operation
43.59,31.61,16.99,37.28,38.61,27.0,Heavy_Rain,High,14,1,97.47,2.565626839317246,0.3863142211227837,0,MEDIUM,Monitor trip
51.11,20.5,12.39,38.94,19.94,18.2,Rain,Medium,19,3,80.56,4.125100887812752,0.3754482333254171,0,MEDIUM,Monitor trip
102.15,28.71,23.93,29.91,47.95,25.08,Cloudy,Medium,15,6,68.06,4.26870037609695,0.7483312821578851,1,CRITICAL,Critical monitoring - Low vehicle speed
22.67,21.13,11.91,32.44,28.89,26.8,Rain,Medium,14,3,74.39,1.9034424853064653,0.368413232058824,0,MEDIUM,Monitor trip
127.71,20.9,27.46,32.27,32.54,20.4,Clear,High,11,8,76.66,4.650764748725418,0.6568676360338678,0,HIGH,Increase trip monitoring
63.2,39.65,19.49,36.55,19.58,25.32,Rain,High,12,4,86.93,3.2426885582349927,0.4366752359061706,1,MEDIUM,Monitor trip
82.57,16.79,17.18,20.79,40.35,30.62,Cloudy,High,7,7,93.53,4.806169965075669,0.5556399295490144,0,HIGH,Increase trip monitoring
39.74,19.58,11.66,34.71,31.08,25.36,Clear,High,7,4,84.92,3.4082332761578047,0.33327499303478103,0,MEDIUM,Monitor trip
121.71,33.88,22.4,43.41,32.68,25.8,Clear,High,5,1,89.15,5.433482142857143,0.39034621956951887,1,MEDIUM,Monitor trip
96.38,23.39,19.4,53.14,32.89,28.44,Clear,Low,6,3,75.28,4.968041237113402,0.12408597817463307,0,LOW,Normal operation
92.55,23.41,18.75,31.95,36.86,22.83,Cloudy,High,5,1,90.98,4.936,0.4737240940691724,1,MEDIUM,Monitor trip
107.94,28.46,25.07,40.79,35.2,25.19,Clear,High,3,5,75.49,4.305544475468688,0.5484097134732927,0,HIGH,Increase trip monitoring
35.62,33.46,11.53,49.25,15.0,22.59,Clear,Low,18,4,84.53,3.0893321769297484,0.13084515982813086,0,LOW,Normal operation
133.14,39.19,31.63,55.98,37.07,23.96,Cloudy,Medium,19,4,89.12,4.209294973126778,0.24528548627539512,0,LOW,Normal operation
149.79,25.92,31.71,41.93,29.79,23.68,Cloudy,Low,14,2,68.5,4.723746452223273,0.2483263800150243,0,LOW,Normal operation
135.49,23.63,33.08,48.56,29.66,30.1,Cloudy,Low,11,2,80.96,4.095828295042322,0.18906790329529263,1,LOW,Normal operation
111.39,37.6,30.09,44.65,42.89,28.41,Rain,Low,7,1,80.81,3.7018943170488536,0.36555924452858474,0,MEDIUM,Monitor trip
64.75,37.13,15.54,40.59,35.81,31.18,Cloudy,Medium,9,0,96.29,4.166666666666667,0.2294553488922006,0,LOW,Normal operation
50.19,16.11,13.99,26.48,34.16,25.16,Heavy_Rain,Low,8,5,92.05,3.5875625446747677,0.6409204968899355,1,HIGH,Increase trip monitoring
60.44,30.29,16.07,24.97,26.71,21.3,Cloudy,High,11,2,77.83,3.761045426260112,0.4708432632080853,0,MEDIUM,Monitor trip
89.19,38.42,27.03,38.5,38.94,25.41,Heavy_Rain,Medium,14,0,81.58,3.299667036625971,0.4146292375790538,1,MEDIUM,Monitor trip
91.08,37.36,24.36,67.22,42.67,24.95,Cloudy,Low,7,4,85.6,3.7389162561576357,0.18494253267557084,0,LOW,Normal operation
123.13,34.21,28.36,44.27,37.74,25.88,Clear,Medium,9,3,81.06,4.341678420310296,0.3000709961003359,0,MEDIUM,Monitor trip
146.05,30.87,32.22,46.46,33.76,33.23,Clear,High,5,2,66.81,4.5328988206083185,0.323041916305122,0,MEDIUM,Monitor trip
99.51,20.92,20.69,42.61,38.67,31.61,Clear,Medium,13,0,72.02,4.809569840502658,0.1934777929450383,0,LOW,Normal operation
117.94,37.97,27.51,39.14,40.33,25.97,Rain,Medium,4,1,100.0,4.287168302435478,0.41337063215826647,0,MEDIUM,Monitor trip
67.04,37.14,20.51,55.55,32.19,30.85,Clear,Low,5,4,77.54,3.2686494392979033,0.11472614017374906,0,LOW,Normal operation
105.31,28.53,22.67,52.89,41.1,24.8,Clear,Low,8,3,97.2,4.645346272606969,0.19556408347472448,0,LOW,Normal operation
114.2,39.17,26.61,50.6,46.03,20.89,Rain,Low,2,3,78.99,4.291619691845171,0.6814370479073949,0,HIGH,Increase trip monitoring
103.17,26.47,24.79,32.83,49.17,24.93,Heavy_Rain,Low,18,2,88.95,4.161758773699073,0.7103951069294671,1,CRITICAL,Critical monitoring - Heavy rain risk
118.05,38.59,27.82,54.23,33.91,17.67,Clear,Low,16,4,91.16,4.243350107836089,0.20212377681810814,1,LOW,Normal operation
90.42,33.51,22.94,39.67,34.28,30.06,Rain,Low,10,4,71.6,3.9415867480383606,0.2900115903245792,0,LOW,Normal operation
33.52,19.76,9.31,33.83,29.85,27.13,Cloudy,High,7,5,76.41,3.6004296455424276,0.5145591062720305,0,HIGH,Increase trip monitoring
28.04,31.26,7.65,58.95,33.25,26.75,Cloudy,Low,12,5,78.1,3.665359477124183,0.27683573639752007,0,LOW,Normal operation
72.6,21.65,17.82,44.5,31.25,24.62,Cloudy,Medium,13,1,72.42,4.0740740740740735,0.2253772259254585,1,LOW,Normal operation
39.3,30.25,15.42,55.08,35.06,17.78,Clear,Medium,9,0,74.53,2.5486381322957197,0.1761399185265263,0,LOW,Normal operation
108.83,28.54,22.8,41.93,24.82,29.81,Clear,High,20,4,77.65,4.773245614035088,0.37282263925349524,0,MEDIUM,Monitor trip
101.19,17.78,21.23,38.53,42.53,18.07,Rain,Medium,16,6,73.13,4.7663683466792275,0.5964232612389267,1,HIGH,Increase trip monitoring
97.56,31.87,23.77,40.65,41.28,29.34,Clear,Medium,10,8,84.31,4.104333193100547,0.22414172844233568,0,LOW,Normal operation
34.83,25.2,14.07,56.14,40.79,25.84,Cloudy,Low,7,3,85.56,2.4754797441364604,0.16727427667079914,0,LOW,Normal operation
58.1,34.26,19.16,46.22,20.78,22.28,Cloudy,High,19,0,70.85,3.0323590814196244,0.31855286665813587,0,MEDIUM,Monitor trip
57.01,17.07,16.47,25.74,34.05,17.1,Cloudy,High,6,1,96.26,3.4614450516089863,0.47267221121434905,0,MEDIUM,Monitor trip
120.65,15.48,23.41,36.77,33.57,23.6,Heavy_Rain,Low,19,2,66.04,5.1537804357112345,0.6070092494013184,1,HIGH,Increase trip monitoring
139.13,25.69,27.23,53.24,36.23,23.23,Cloudy,Medium,3,5,76.6,5.109438119720896,0.482463447515978,0,MEDIUM,Monitor trip
121.01,27.05,27.52,51.09,36.17,22.33,Clear,Medium,9,3,85.37,4.397165697674419,0.29226733512501607,0,LOW,Normal operation
147.6,27.76,30.36,50.53,40.14,22.86,Cloudy,Medium,18,5,90.18,4.861660079051383,0.404406736840447,0,MEDIUM,Monitor trip
81.62,30.42,19.19,45.9,49.0,18.26,Clear,Medium,6,6,83.38,4.253256904637833,0.44500584318023684,0,MEDIUM,Monitor trip
140.09,31.43,27.62,55.66,46.27,21.57,Clear,Low,14,2,73.73,5.07204923968139,0.4008986790825405,1,MEDIUM,Monitor trip
82.31,31.21,27.54,32.97,40.02,23.45,Heavy_Rain,Low,13,2,72.51,2.988743645606391,0.5943109463802827,0,HIGH,Increase trip monitoring
121.01,21.16,24.88,57.55,39.91,24.29,Clear,Medium,8,3,84.61,4.863745980707396,0.28681309285987905,1,LOW,Normal operation
38.57,15.37,8.01,52.39,29.32,22.42,Cloudy,Medium,1,3,82.5,4.8152309612983775,0.17970613204134747,0,LOW,Normal operation
29.66,26.83,17.16,22.93,36.18,14.32,Heavy_Rain,High,17,2,83.11,1.7284382284382285,0.641761863537349,1,HIGH,Increase trip monitoring
80.61,36.1,19.19,64.05,39.69,22.91,Clear,Low,13,3,70.76,4.2006253256904635,0.1357768555664758,0,LOW,Normal operation
87.57,27.15,18.29,41.94,39.11,20.74,Cloudy,High,1,4,71.4,4.7878622197922365,0.3307254885275555,1,MEDIUM,Monitor trip
101.13,38.59,26.28,58.5,34.6,24.33,Clear,Low,4,4,92.5,3.8481735159817347,0.18610059129628487,0,LOW,Normal operation
69.06,16.58,13.39,29.1,32.08,30.9,Rain,High,5,5,64.29,5.157580283793876,0.6579840056764606,1,HIGH,Increase trip monitoring
104.24,21.21,23.86,33.27,35.76,24.23,Rain,Medium,6,1,85.75,4.368818105616094,0.6105546845539567,0,HIGH,Increase trip monitoring
135.93,25.07,27.24,47.62,47.09,27.89,Clear,Medium,16,4,78.61,4.990088105726873,0.4924343811876275,1,MEDIUM,Monitor trip
131.04,28.21,32.77,20.0,45.99,29.94,Rain,High,3,1,75.41,3.998779371376258,0.8124218173445371,1,CRITICAL,Critical monitoring - High traffic
21.57,38.23,14.31,50.73,43.37,24.52,Clear,Medium,15,4,92.1,1.5073375262054507,0.1773720162938656,0,LOW,Normal operation
24.78,17.84,15.06,27.51,43.47,24.53,Rain,High,3,2,89.99,1.6454183266932272,0.6189097416465267,0,HIGH,Increase trip monitoring
117.13,31.87,24.06,49.99,36.14,20.38,Cloudy,Medium,15,3,70.67,4.868246051537822,0.28920932112471437,0,LOW,Normal operation
145.14,30.23,31.31,34.53,27.94,32.23,Clear,High,2,4,85.16,4.635579687000958,0.5171309170057018,0,HIGH,Increase trip monitoring
68.85,22.38,14.47,61.46,31.4,27.71,Clear,Low,16,5,77.13,4.7581202487906005,0.2562413044441451,0,LOW,Normal operation
64.83,32.17,22.84,20.0,22.73,29.42,Rain,High,19,2,85.02,2.838441330998249,0.5183054776714602,1,HIGH,Increase trip monitoring
78.18,25.23,20.47,41.58,38.63,24.57,Clear,Low,4,1,77.71,3.8192476795310215,0.1479070068170893,0,LOW,Normal operation
43.68,19.71,11.84,51.36,36.71,32.87,Rain,Low,11,4,75.0,3.689189189189189,0.2472164374039445,0,LOW,Normal operation
82.82,39.16,23.21,50.76,40.0,19.9,Cloudy,Low,15,5,86.13,3.568289530374838,0.23932285009996027,0,LOW,Normal operation
49.09,24.8,19.12,24.95,29.1,25.28,Heavy_Rain,Low,6,3,78.58,2.567468619246862,0.572884041032801,1,HIGH,Increase trip monitoring
113.28,15.65,23.44,56.42,36.48,20.3,Clear,Low,3,2,74.62,4.832764505119454,0.22311517132792252,0,LOW,Normal operation
115.87,26.42,28.87,38.69,22.36,27.93,Clear,Medium,12,2,76.63,4.013508832698303,0.34804012279593644,0,MEDIUM,Monitor trip
102.69,32.09,20.21,45.76,36.46,23.7,Clear,Medium,4,2,84.55,5.081147946561108,0.31851656797378647,0,MEDIUM,Monitor trip
95.88,29.85,19.8,46.13,40.37,28.56,Clear,Low,10,4,73.59,4.842424242424242,0.13278664215274105,0,LOW,Normal operation
86.36,22.86,14.39,35.96,15.0,19.06,Cloudy,Medium,6,4,84.08,6.001389854065323,0.2984444109488622,0,LOW,Normal operation
144.32,27.53,28.36,54.31,37.91,24.89,Clear,Low,3,5,90.64,5.08885754583921,0.3673810142082957,0,MEDIUM,Monitor trip
122.15,22.35,30.17,37.31,27.07,18.68,Heavy_Rain,Low,6,4,81.26,4.048723897911833,0.5502359411422998,1,HIGH,Increase trip monitoring
142.54,15.73,26.49,31.15,27.83,21.61,Clear,High,1,0,77.98,5.3808984522461305,0.5419674218651342,0,HIGH,Increase trip monitoring
58.53,25.41,17.01,38.62,34.85,26.63,Heavy_Rain,Low,14,5,97.68,3.440917107583774,0.3682079494197614,1,MEDIUM,Monitor trip
57.88,39.41,21.96,42.91,24.9,31.17,Cloudy,High,15,9,75.96,2.6357012750455375,0.5499671384337375,0,HIGH,Increase trip monitoring
55.58,20.18,16.41,26.18,49.35,25.3,Heavy_Rain,Low,20,4,93.14,3.3869591712370504,0.6817458310637936,1,HIGH,Increase trip monitoring
23.78,18.34,6.53,40.18,29.26,16.99,Clear,Low,8,3,78.98,3.641653905053599,0.18928590382498797,0,LOW,Normal operation
111.2,23.99,23.19,52.41,30.53,29.01,Clear,Low,16,0,72.36,4.795170332039672,0.19643535522692754,0,LOW,Normal operation
124.06,25.11,24.22,31.75,20.19,22.66,Cloudy,High,14,6,82.08,5.122213047068539,0.7141040440939576,1,CRITICAL,Critical monitoring - High traffic
113.33,31.2,25.03,59.46,29.68,29.62,Clear,Low,5,4,84.68,4.527766679984019,0.1522711315923293,1,LOW,Normal operation
84.34,34.66,21.09,41.28,32.43,22.0,Cloudy,Medium,16,3,83.9,3.9990516832622096,0.21099036857426332,0,LOW,Normal operation
143.69,20.74,26.65,47.21,40.37,26.18,Cloudy,Low,18,3,66.62,5.3917448405253285,0.24382673716704242,0,LOW,Normal operation
109.54,15.45,24.94,20.0,22.09,29.81,Heavy_Rain,Medium,7,6,69.79,4.392141138732959,0.8591898739795809,0,CRITICAL,Critical monitoring - Heavy rain risk
59.03,31.85,16.07,44.63,40.64,20.2,Cloudy,Low,1,5,82.18,3.673304293714997,0.2880494378160899,0,LOW,Normal operation
24.88,39.85,13.12,41.96,40.58,21.34,Clear,Medium,20,3,82.24,1.8963414634146343,0.2292862726499509,1,LOW,Normal operation
57.78,34.37,22.62,45.21,16.1,28.76,Clear,Low,1,1,90.9,2.5543766578249336,0.14769611496474117,0,LOW,Normal operation
77.25,39.64,24.89,44.39,50.91,25.33,Cloudy,Medium,2,1,69.7,3.10365608678184,0.41096604546991117,0,MEDIUM,Monitor trip
60.03,28.6,13.97,42.44,36.09,28.06,Clear,Low,13,3,88.57,4.2970651395848245,0.13436077024954568,0,LOW,Normal operation
46.52,18.15,17.3,20.0,34.37,33.7,Heavy_Rain,Low,17,3,79.86,2.6890173410404623,0.5256731967268887,1,HIGH,Increase trip monitoring
145.93,31.59,30.71,62.23,29.31,20.01,Clear,Medium,7,1,73.12,4.751872354281993,0.26855792966539066,0,LOW,Normal operation
128.33,22.1,25.29,62.49,39.75,19.62,Clear,Low,19,2,72.81,5.074337682878609,0.20966418335819884,0,LOW,Normal operation
53.14,38.89,19.61,38.87,33.73,35.8,Cloudy,High,20,0,81.67,2.7098419173890873,0.3717577917849892,1,MEDIUM,Monitor trip
128.71,33.29,23.42,46.72,41.2,29.77,Clear,Medium,7,1,89.9,5.495730145175064,0.2476932636207412,1,LOW,Normal operation
37.97,30.5,13.86,49.95,27.31,26.11,Cloudy,Low,11,6,92.83,2.7395382395382395,0.2563681948695132,0,LOW,Normal operation
84.52,27.96,18.99,57.9,27.59,36.55,Clear,Low,7,3,62.92,4.4507635597682995,0.14755767067700468,0,LOW,Normal operation
145.72,15.66,24.77,47.34,43.69,34.66,Clear,High,19,1,84.69,5.88292289059346,0.3323572913133675,0,MEDIUM,Monitor trip
142.42,30.29,31.28,49.36,29.04,23.04,Clear,Medium,20,5,96.46,4.553069053708439,0.34146298219009885,0,MEDIUM,Monitor trip
28.91,21.82,6.12,51.95,20.42,28.66,Cloudy,Low,1,5,85.66,4.723856209150327,0.2607051877847287,0,LOW,Normal operation
47.73,29.28,16.34,54.3,30.46,25.19,Clear,Low,20,1,78.03,2.9210526315789473,0.11793667742424618,0,LOW,Normal operation
29.92,18.28,6.18,59.99,24.5,19.83,Cloudy,Low,17,1,90.35,4.841423948220065,0.20657229732473978,0,LOW,Normal operation
43.84,26.14,13.82,49.58,49.25,30.24,Clear,Medium,13,4,89.96,3.1722141823444288,0.2859486525084126,1,LOW,Normal operation
30.16,29.55,11.37,46.23,48.14,27.81,Cloudy,Low,15,5,59.89,2.65259454705365,0.5004731117064968,0,HIGH,Increase trip monitoring
34.57,20.34,10.46,43.86,46.4,23.51,Rain,Low,18,1,68.29,3.3049713193116634,0.3463237194535994,1,MEDIUM,Monitor trip
121.91,29.15,25.06,52.42,42.08,22.89,Rain,Low,16,3,83.73,4.864724660814046,0.3231700730595649,1,MEDIUM,Monitor trip
90.18,35.98,19.06,63.85,30.77,23.81,Clear,Low,11,2,84.52,4.731374606505772,0.12365863422455753,0,LOW,Normal operation
144.73,33.3,30.32,45.99,30.9,31.26,Clear,Low,10,4,79.12,4.773416886543536,0.17395257034774914,1,LOW,Normal operation
53.88,23.95,12.71,36.23,38.27,32.64,Rain,High,2,3,89.15,4.239181746656176,0.5235002537344623,0,HIGH,Increase trip monitoring
53.83,36.78,16.96,45.08,26.35,18.5,Clear,Medium,1,2,83.58,3.173938679245283,0.2319379498592471,1,LOW,Normal operation
125.96,27.64,24.23,50.63,31.78,32.35,Cloudy,Medium,17,0,77.84,5.198514238547255,0.27472448291658264,0,LOW,Normal operation
92.81,35.82,23.54,35.99,35.05,24.18,Heavy_Rain,Low,4,3,92.91,3.9426508071367885,0.4213168176083916,0,MEDIUM,Monitor trip
45.69,32.3,13.84,46.22,47.06,25.27,Clear,Low,20,3,83.65,3.301300578034682,0.20638328461460137,0,LOW,Normal operation
37.41,28.15,15.83,51.13,34.29,15.89,Clear,Low,4,3,80.78,2.3632343651295007,0.1438687663242068,0,LOW,Normal operation
148.03,20.62,27.92,49.43,25.51,25.33,Cloudy,Medium,19,2,77.2,5.301934097421203,0.3066376764637032,0,MEDIUM,Monitor trip
130.74,37.08,28.22,44.78,16.59,21.56,Cloudy,High,3,3,72.95,4.6328844790928425,0.5040789664077169,1,HIGH,Increase trip monitoring
31.5,21.6,6.09,52.93,42.95,21.01,Rain,Low,19,2,84.05,5.172413793103448,0.2714637075506281,1,LOW,Normal operation
113.19,38.31,25.3,43.22,34.62,21.55,Heavy_Rain,Low,6,5,83.53,4.473913043478261,0.5542929973133164,0,HIGH,Increase trip monitoring
45.65,22.26,15.57,26.57,27.94,33.9,Heavy_Rain,Low,3,1,88.82,2.9319203596660244,0.6298424510009255,0,HIGH,Increase trip monitoring
36.0,19.98,5.79,51.93,29.56,28.39,Cloudy,Low,15,1,80.89,6.217616580310881,0.15938978279547023,0,LOW,Normal operation
135.73,21.01,26.28,41.94,41.46,32.83,Rain,Low,18,0,88.27,5.16476407914764,0.30825184545441053,0,MEDIUM,Monitor trip
26.82,20.69,14.87,28.74,28.38,25.69,Rain,Medium,7,4,84.18,1.8036314727639544,0.4329584566289851,0,MEDIUM,Monitor trip
52.79,23.57,13.29,59.7,37.33,22.78,Rain,Low,7,2,81.14,3.9721595184349137,0.2616530919609218,0,LOW,Normal operation
149.15,30.55,36.79,20.0,30.6,23.46,Clear,High,19,4,80.59,4.054090785539549,0.5328817464982915,0,HIGH,Increase trip monitoring
144.18,25.33,31.72,52.92,24.86,23.24,Clear,Medium,19,1,85.11,4.545397225725095,0.29904083604089116,1,LOW,Normal operation
105.73,29.58,25.14,53.92,36.68,23.11,Clear,Medium,4,3,81.88,4.205648369132856,0.3211692497113721,1,MEDIUM,Monitor trip
89.09,16.39,17.91,56.1,39.51,35.26,Clear,Low,20,1,78.47,4.974316024567281,0.14544886544702046,1,LOW,Normal operation
139.53,37.51,30.25,31.77,34.9,24.1,Cloudy,High,12,2,83.67,4.612561983471075,0.6375334594719511,0,HIGH,Increase trip monitoring
25.5,36.87,12.79,34.92,39.77,28.59,Cloudy,Low,15,3,77.16,1.9937451133698203,0.25120347431298534,1,LOW,Normal operation
86.73,34.24,23.27,42.07,33.96,23.7,Cloudy,Medium,16,4,86.47,3.7271164589600345,0.21453052854289273,0,LOW,Normal operation
104.79,21.0,21.98,36.19,32.9,20.98,Rain,Low,14,4,79.96,4.767515923566879,0.44003077439615723,1,MEDIUM,Monitor trip
132.4,23.95,27.64,48.64,27.95,25.24,Clear,Medium,18,6,72.75,4.790159189580319,0.4641293704727064,1,MEDIUM,Monitor trip
121.63,28.19,26.35,52.47,35.2,26.86,Rain,Low,19,4,91.14,4.615939278937381,0.3351769519505762,1,MEDIUM,Monitor trip
75.51,37.9,22.07,36.16,36.19,27.57,Rain,Low,10,2,93.54,3.4213864975079296,0.2774497554561512,0,LOW,Normal operation
34.98,34.57,13.97,45.33,34.36,24.19,Rain,Low,17,4,80.42,2.5039370078740153,0.2524380925713321,1,LOW,Normal operation
135.2,33.19,27.26,44.24,30.17,20.98,Cloudy,Low,9,3,85.58,4.959647835656639,0.22814791361674436,0,LOW,Normal operation
83.66,18.94,17.8,61.95,53.77,27.22,Clear,Low,20,3,86.54,4.699999999999999,0.28782741932431116,0,LOW,Normal operation
27.88,33.29,13.91,32.17,32.95,33.44,Rain,Medium,13,3,73.71,2.00431344356578,0.37839312869568226,1,MEDIUM,Monitor trip
130.65,29.75,28.24,38.38,43.62,24.41,Heavy_Rain,Low,15,4,78.5,4.626416430594901,0.5685657714037239,1,HIGH,Increase trip monitoring
22.44,32.31,9.26,35.92,35.72,25.03,Rain,Low,2,0,95.78,2.4233261339092875,0.2874096226667893,0,LOW,Normal operation
144.15,32.26,33.19,35.31,38.4,24.26,Cloudy,Medium,1,4,94.08,4.343175655317867,0.4608077684486733,1,MEDIUM,Monitor trip
130.28,15.21,30.53,25.63,33.6,23.72,Heavy_Rain,Low,17,4,79.21,4.267278087127416,0.6672095180529938,0,HIGH,Increase trip monitoring
37.55,39.47,14.32,57.46,38.76,23.77,Cloudy,Low,4,3,83.14,2.622206703910614,0.1637488875277874,0,LOW,Normal operation
95.28,26.43,19.65,56.89,46.58,29.15,Clear,Low,12,3,68.86,4.848854961832061,0.14876363399708142,0,LOW,Normal operation
143.17,15.54,26.51,35.4,36.37,33.74,Rain,Low,20,1,93.4,5.4006035458317605,0.40028579590886354,1,MEDIUM,Monitor trip
26.29,22.02,10.53,62.82,52.59,22.28,Clear,Low,3,0,86.19,2.4966761633428303,0.28789451024145174,0,LOW,Normal operation
34.04,32.6,12.22,43.27,39.22,20.5,Clear,Medium,5,4,78.31,2.785597381342062,0.20158683967527025,1,LOW,Normal operation
69.21,34.41,16.91,63.88,27.46,26.17,Clear,Low,10,3,79.11,4.09284447072738,0.13834507205127597,0,LOW,Normal operation
135.69,33.92,32.55,30.14,31.61,14.36,Cloudy,High,2,3,77.47,4.168663594470046,0.7039192821471252,1,CRITICAL,Critical monitoring - High traffic
71.88,18.6,13.79,49.72,43.24,20.55,Rain,Low,8,3,78.61,5.212472806381435,0.31671745162179105,0,MEDIUM,Monitor trip
43.53,31.39,16.71,47.18,31.72,33.75,Clear,Medium,12,3,79.8,2.6050269299820465,0.17036654789475056,1,LOW,Normal operation
132.49,29.45,32.17,32.5,39.57,26.61,Rain,Medium,11,3,77.6,4.118433322971713,0.6245800248132704,1,HIGH,Increase trip monitoring
132.43,34.83,28.73,54.25,38.41,26.06,Clear,Medium,6,3,86.83,4.609467455621302,0.26957468384895433,1,LOW,Normal operation
88.62,29.35,22.14,59.26,44.84,29.81,Clear,Low,19,2,88.55,4.002710027100271,0.1299477702549547,0,LOW,Normal operation
123.65,18.31,25.81,49.97,21.93,19.94,Clear,Low,1,1,95.19,4.790778767919411,0.34118262854987846,0,MEDIUM,Monitor trip
123.08,36.2,30.57,48.68,25.24,20.68,Clear,Low,19,3,63.5,4.026169447170428,0.21548965754537844,0,LOW,Normal operation
73.94,33.1,20.28,30.49,20.33,25.06,Cloudy,High,13,4,89.86,3.645956607495069,0.4816650807028718,0,MEDIUM,Monitor trip
54.11,35.26,21.09,36.31,32.33,28.25,Heavy_Rain,Medium,16,2,73.59,2.5656709340919868,0.4319744831759556,0,MEDIUM,Monitor trip
91.41,26.51,19.74,57.65,38.22,29.64,Clear,Medium,17,5,86.82,4.630699088145897,0.23679218920683945,0,LOW,Normal operation
137.02,17.42,24.5,46.16,46.33,25.17,Rain,Low,17,4,67.13,5.59265306122449,0.5586067117410002,0,HIGH,Increase trip monitoring
110.43,39.63,26.41,28.7,44.27,26.74,Rain,Medium,13,4,87.67,4.181370692919349,0.6744033902439701,0,HIGH,Increase trip monitoring
91.95,16.63,22.41,26.4,42.66,26.35,Heavy_Rain,Medium,10,2,83.17,4.103078982597055,0.636390826276376,0,HIGH,Increase trip monitoring
52.18,22.8,12.42,62.11,37.84,32.43,Clear,Low,12,2,87.02,4.201288244766506,0.12014302652779837,0,LOW,Normal operation
77.49,36.39,20.64,44.08,48.25,19.26,Rain,Low,8,1,81.64,3.7543604651162785,0.33335089281146885,1,MEDIUM,Monitor trip
100.35,15.12,18.76,59.26,35.64,33.6,Cloudy,Low,19,3,83.66,5.3491471215351805,0.2644964896406469,0,LOW,Normal operation
112.15,30.7,28.22,22.6,29.21,27.85,Heavy_Rain,Medium,5,5,87.51,3.9741318214032604,0.7835388997891328,0,CRITICAL,Critical monitoring - Heavy rain risk
96.23,30.75,25.12,45.7,26.26,24.83,Clear,High,14,2,64.64,3.830812101910828,0.20135711698315065,0,LOW,Normal operation
71.97,25.21,18.31,21.96,55.26,26.2,Rain,High,10,2,90.53,3.9306389950846534,0.6360307291884482,1,HIGH,Increase trip monitoring
107.82,19.33,23.42,35.77,40.19,31.28,Clear,High,2,1,87.69,4.603757472245943,0.49005934119076894,1,MEDIUM,Monitor trip
149.27,20.55,28.68,57.55,29.19,21.3,Clear,Medium,5,4,82.76,5.204672245467225,0.29702046558502465,1,LOW,Normal operation
85.44,17.24,17.51,64.74,34.36,25.39,Clear,Low,17,1,77.66,4.879497430039977,0.12767996794215994,0,LOW,Normal operation
23.44,16.34,9.75,42.92,25.55,30.2,Cloudy,Low,12,1,88.23,2.404102564102564,0.15648359260749556,0,LOW,Normal operation
99.14,31.32,23.7,50.1,23.57,32.39,Clear,Medium,12,0,82.43,4.183122362869199,0.15778314989448636,0,LOW,Normal operation
80.08,25.38,17.31,49.27,50.82,28.29,Clear,Medium,20,2,79.62,4.626227614095899,0.245518439305415,0,LOW,Normal operation
98.66,36.13,19.86,37.62,37.45,29.93,Clear,Medium,3,2,93.26,4.967774420946626,0.2416743287402491,0,LOW,Normal operation
102.19,17.52,22.81,40.56,42.55,29.36,Cloudy,Medium,16,1,89.91,4.480052608505042,0.3588232330305007,0,MEDIUM,Monitor trip
98.46,17.9,16.16,56.95,31.13,26.91,Clear,Low,19,2,76.25,6.092821782178217,0.15152215699369312,0,LOW,Normal operation
30.96,20.8,15.26,30.62,24.24,23.1,Clear,Medium,13,1,71.2,2.0288335517693317,0.3328949748589937,1,MEDIUM,Monitor trip
52.8,34.71,19.24,24.3,31.16,24.09,Rain,High,10,5,88.1,2.7442827442827444,0.552068325040257,1,HIGH,Increase trip monitoring
32.74,17.79,6.83,61.3,48.49,25.78,Clear,Low,11,2,62.86,4.793557833089312,0.2727813995042624,0,LOW,Normal operation
74.37,18.01,15.03,49.26,32.43,24.6,Clear,Low,4,4,78.15,4.9481037924151705,0.1563911025875588,0,LOW,Normal operation
58.91,20.22,17.95,31.6,24.28,17.99,Rain,Medium,17,5,80.12,3.2818941504178274,0.47055764104000036,1,MEDIUM,Monitor trip
75.16,25.8,18.66,46.21,35.54,22.29,Cloudy,Low,9,3,77.43,4.027867095391211,0.17637920592277304,0,LOW,Normal operation
68.35,36.27,16.24,41.27,34.91,27.37,Cloudy,High,19,1,92.0,4.208743842364532,0.33509155102057225,1,MEDIUM,Monitor trip
34.57,17.77,12.38,42.61,46.49,19.13,Clear,High,2,3,84.38,2.7924071082390953,0.3974192246607992,0,MEDIUM,Monitor trip
114.98,33.88,26.35,43.82,44.35,18.51,Clear,Medium,8,2,80.33,4.363567362428842,0.3342930286636655,0,MEDIUM,Monitor trip
149.6,37.12,30.32,42.62,48.13,27.35,Clear,Medium,13,1,83.4,4.934036939313984,0.4102968778978477,0,MEDIUM,Monitor trip
27.33,35.84,14.62,38.94,32.76,28.44,Clear,High,4,2,67.25,1.8693570451436388,0.31570393413962067,1,MEDIUM,Monitor trip
55.18,37.14,17.13,41.46,33.11,27.22,Cloudy,Medium,14,4,92.41,3.221249270286048,0.22338185769955263,1,LOW,Normal operation
66.82,33.98,17.69,52.72,28.22,30.23,Cloudy,Medium,20,1,87.19,3.77727529677784,0.14494096308679316,1,LOW,Normal operation
91.75,31.8,24.7,62.56,42.04,22.86,Clear,Low,16,3,84.3,3.714574898785425,0.12241634794457706,0,LOW,Normal operation
148.96,36.09,35.08,48.06,27.69,26.41,Clear,High,11,2,72.29,4.246294184720639,0.24085926252996367,0,LOW,Normal operation
95.05,25.35,22.91,54.82,41.93,21.49,Cloudy,Low,17,4,88.12,4.1488432998690525,0.1164916284410444,0,LOW,Normal operation
72.31,35.5,19.97,65.41,32.75,15.45,Clear,Low,2,5,73.91,3.6209313970956436,0.2311679743721117,0,LOW,Normal operation
95.92,38.52,25.12,49.25,37.41,24.14,Clear,Medium,12,3,96.68,3.8184713375796178,0.18090030235822804,0,LOW,Normal operation
33.25,17.2,12.46,43.47,26.34,20.98,Rain,Medium,12,3,71.24,2.6685393258426964,0.2988744101586182,1,LOW,Normal operation
21.89,18.61,5.0,52.02,17.6,25.0,Cloudy,Medium,13,3,81.77,4.378,0.234195900867113,0,LOW,Normal operation
51.12,31.42,13.83,64.7,37.57,23.02,Rain,Low,1,3,82.91,3.6963123644251623,0.2565984382973583,1,LOW,Normal operation
102.48,24.79,21.35,41.37,22.49,26.29,Rain,Low,4,2,94.75,4.8,0.5275825937399744,0,HIGH,Increase trip monitoring
135.18,33.17,27.75,46.93,38.14,19.37,Cloudy,Medium,3,4,86.23,4.871351351351351,0.3881940706894375,0,MEDIUM,Monitor trip
38.19,20.53,10.87,60.14,26.14,24.93,Clear,Medium,6,0,85.87,3.513339466421343,0.18652973647022975,0,LOW,Normal operation
30.28,15.68,6.33,43.99,27.4,19.17,Clear,Medium,4,1,68.01,4.783570300157978,0.2297418776826286,0,LOW,Normal operation
116.88,23.18,21.69,38.18,47.27,26.25,Clear,High,5,3,91.72,5.3886583679114795,0.5310532104275814,0,HIGH,Increase trip monitoring
68.1,22.6,11.72,46.87,40.72,21.41,Rain,Medium,7,2,76.93,5.810580204778156,0.3163655788365912,0,MEDIUM,Monitor trip
146.87,36.11,27.77,36.54,29.97,25.0,Cloudy,Medium,13,5,77.65,5.288800864241988,0.5823474274156629,1,HIGH,Increase trip monitoring
52.57,34.35,16.48,58.7,45.4,22.25,Clear,Low,1,5,76.14,3.1899271844660193,0.3542507569831463,1,MEDIUM,Monitor trip
96.86,24.07,20.29,49.73,28.34,28.28,Cloudy,Low,12,1,85.54,4.773780187284377,0.1388940369313785,0,LOW,Normal operation
50.51,20.64,11.29,35.83,29.94,21.16,Cloudy,High,11,4,89.62,4.473870682019486,0.44020737262008114,0,MEDIUM,Monitor trip
85.43,33.5,18.7,62.56,28.5,19.88,Clear,Low,17,2,78.1,4.568449197860963,0.11915213681944686,0,LOW,Normal operation
148.23,26.89,29.84,50.25,26.67,30.35,Clear,Low,7,2,88.04,4.967493297587131,0.15239051661882685,0,LOW,Normal operation
119.08,34.33,25.68,36.28,35.19,20.69,Clear,High,4,2,82.49,4.637071651090342,0.4681435596509454,0,MEDIUM,Monitor trip
87.21,37.99,21.22,46.54,28.85,27.9,Clear,Medium,7,3,99.12,4.109802073515551,0.17962715881876945,0,LOW,Normal operation
37.18,28.36,15.4,24.76,24.79,26.46,Cloudy,High,9,1,85.46,2.414285714285714,0.47583109658469985,1,MEDIUM,Monitor trip
144.1,32.98,32.05,42.81,36.34,23.64,Clear,High,2,2,73.65,4.49609984399376,0.4579162995152912,0,MEDIUM,Monitor trip
51.3,32.67,14.94,55.34,31.58,24.47,Clear,Low,20,8,95.56,3.433734939759036,0.1904245397443211,0,LOW,Normal operation
70.25,26.51,23.54,34.31,47.29,20.53,Cloudy,High,6,5,81.62,2.98428207306712,0.5475094970225758,1,HIGH,Increase trip monitoring
122.78,15.87,27.31,57.39,32.89,26.45,Clear,Low,8,2,83.24,4.495789088246064,0.20366580991878727,0,LOW,Normal operation
40.26,32.78,13.7,36.23,48.38,33.46,Rain,Medium,6,4,79.03,2.9386861313868615,0.3906346765015142,0,MEDIUM,Monitor trip
110.68,18.75,22.38,46.16,35.62,17.06,Clear,Low,10,1,96.86,4.945487042001788,0.19528443461081624,0,LOW,Normal operation
76.31,19.94,18.41,35.9,22.75,24.78,Heavy_Rain,Low,13,8,75.78,4.145029875067898,0.6380464751920721,1,HIGH,Increase trip monitoring
92.74,17.69,18.05,49.41,22.38,22.76,Clear,Low,7,4,87.81,5.137950138504155,0.1659071845005162,0,LOW,Normal operation
134.75,36.54,32.39,48.93,31.88,24.8,Cloudy,Medium,13,3,76.9,4.160234640321087,0.2909766949590708,0,LOW,Normal operation
124.92,26.94,26.67,48.97,38.54,25.2,Clear,Medium,8,2,77.36,4.683914510686164,0.2945673222507896,0,LOW,Normal operation
117.26,38.0,29.49,51.22,38.6,19.23,Rain,Medium,11,4,84.84,3.976263140047474,0.40313875466892835,0,MEDIUM,Monitor trip
144.22,15.81,24.2,40.5,43.81,26.55,Clear,High,1,2,89.49,5.959504132231405,0.4117095581834615,0,MEDIUM,Monitor trip
143.94,18.69,24.26,67.65,27.98,30.73,Clear,Low,9,0,74.66,5.933223413025556,0.1399432943217012,1,LOW,Normal operation
117.57,27.32,29.0,29.08,28.14,18.33,Heavy_Rain,Medium,17,1,81.95,4.054137931034482,0.7007662462782167,1,CRITICAL,Critical monitoring - Heavy rain risk
138.23,15.64,25.73,41.9,24.02,22.52,Cloudy,High,12,8,74.71,5.372328021764477,0.5568717545605513,0,HIGH,Increase trip monitoring
148.44,16.81,28.59,43.34,35.87,14.1,Clear,Low,16,1,79.77,5.19202518363064,0.2037374970775228,0,LOW,Normal operation
22.16,22.07,8.23,56.55,41.1,21.94,Clear,Low,9,4,80.95,2.692588092345079,0.13551385461000243,0,LOW,Normal operation
21.24,32.07,11.27,39.16,36.05,26.77,Rain,Medium,8,4,75.73,1.8846495119787046,0.31764213476858594,0,MEDIUM,Monitor trip
20.77,16.65,5.0,36.24,30.82,16.9,Rain,High,16,3,71.21,4.154,0.4314771621050695,0,MEDIUM,Monitor trip
67.38,36.46,16.08,44.86,20.87,26.89,Clear,Low,14,4,86.59,4.190298507462686,0.1651693343749715,0,LOW,Normal operation
48.8,26.39,15.13,53.52,30.62,19.21,Cloudy,Low,17,4,87.87,3.2253800396563115,0.17847160079297644,0,LOW,Normal operation
127.23,31.62,27.16,49.69,34.27,23.7,Clear,Low,18,4,75.94,4.684462444771723,0.2286297302453767,1,LOW,Normal operation
87.62,24.85,19.06,54.11,25.5,30.52,Clear,Medium,5,1,88.3,4.597061909758658,0.22022087349912758,0,LOW,Normal operation
62.97,28.9,20.21,39.35,24.87,28.12,Rain,Medium,11,2,95.87,3.1157842652152397,0.29501685163284547,0,LOW,Normal operation
102.89,16.1,22.61,43.44,32.4,23.19,Rain,Low,18,1,80.59,4.550641309155242,0.34519411246117704,0,MEDIUM,Monitor trip
147.24,23.27,24.47,49.91,29.33,19.54,Clear,High,18,2,70.83,6.01716387413159,0.35201575011165226,0,MEDIUM,Monitor trip
45.55,16.95,11.87,63.87,24.64,31.32,Clear,Low,10,5,83.92,3.8374052232518956,0.2029463413837819,0,LOW,Normal operation
90.03,31.54,20.77,55.29,37.11,28.3,Clear,Low,19,1,68.33,4.334617236398652,0.1227302042907556,0,LOW,Normal operation
138.46,17.48,28.12,40.6,33.9,23.56,Clear,High,7,6,77.34,4.9238975817923185,0.536400338788177,1,HIGH,Increase trip monitoring
73.38,39.53,21.06,53.24,36.29,19.2,Clear,Low,16,5,85.0,3.4843304843304845,0.21247527410669925,1,LOW,Normal operation
99.99,35.05,24.51,32.13,34.3,25.6,Cloudy,High,13,2,84.74,4.0795593635250915,0.5780776698418053,1,HIGH,Increase trip monitoring
78.09,19.47,19.28,28.12,31.96,33.38,Rain,Medium,2,7,87.12,4.050311203319502,0.5669354069262198,1,HIGH,Increase trip monitoring
92.93,27.22,21.64,36.36,16.68,18.31,Rain,Medium,12,2,78.27,4.294362292051757,0.41012570118828356,0,MEDIUM,Monitor trip
